time,wx,wy,wz
0.008935928344726562,-0.18,-0.2,-0.05
0.016171932220458984,-0.12,-0.1,-0.12
0.03473210334777832,-0.01,-0.12,-0.16
0.03581595420837402,0.18,-0.12,-0.1
0.04564309120178223,0.36,-0.15,-0.02
0.055769920349121094,0.39,-0.27,0.01
0.06580090522766113,0.27,-0.39,-0.04
0.07591080665588379,0.21,-0.29,-0.09
0.08646178245544434,0.18,-0.03,-0.18
0.09634709358215332,0.12,0.16,-0.26
0.10658478736877441,0.06,0.27,-0.25
0.11775588989257812,-0.01,0.33,-0.18
0.13875293731689453,-0.17,0.38,-0.02
0.13888096809387207,-0.17,0.38,-0.02
0.14545083045959473,-0.25,0.36,0.05
0.15553593635559082,-0.32,0.38,0.14
0.16560101509094238,-0.37,0.4,0.21
0.1755540370941162,-0.36,0.39,0.25
0.18616604804992676,-0.3,0.34,0.27
0.19568490982055664,-0.19,0.24,0.25
0.20615196228027344,-0.04,0.14,0.21
0.23937678337097168,0.27,0.01,0.15
0.23950791358947754,0.27,0.01,0.15
0.23962092399597168,0.27,0.01,0.15
0.24512410163879395,0.27,0.01,0.16
0.2554149627685547,0.22,0.03,0.18
0.26524901390075684,0.14,0.08,0.22
0.2752089500427246,0.02,0.08,0.26
0.2858607769012451,-0.1,0.1,0.32
0.2951018810272217,-0.16,0.18,0.37
0.30571699142456055,-0.17,0.31,0.42
0.34021997451782227,-0.22,0.5,0.5
0.3403480052947998,-0.22,0.5,0.5
0.3406651020050049,-0.22,0.5,0.5
0.34468793869018555,-0.25,0.49,0.52
0.3550760746002197,-0.23,0.49,0.53
0.3649289608001709,-0.16,0.47,0.54
0.3749721050262451,-0.06,0.38,0.54
0.3855741024017334,0.03,0.26,0.55
0.3948090076446533,0.1,0.16,0.54
0.4053990840911865,0.15,0.1,0.51
0.417309045791626,0.16,0.12,0.49
0.4422910213470459,0.16,0.28,0.54
0.44260478019714355,0.16,0.28,0.54
0.4444139003753662,0.19,0.41,0.59
0.4546630382537842,0.22,0.49,0.63
0.46442484855651855,0.22,0.51,0.64
0.4746739864349365,0.21,0.51,0.63
0.48506999015808105,0.18,0.52,0.63
0.4950978755950928,0.15,0.49,0.64
0.5049569606781006,0.13,0.37,0.64
0.516977071762085,0.1,0.24,0.59
0.5391848087310791,0.17,0.34,0.46
0.5395448207855225,0.17,0.34,0.46
0.5440809726715088,0.27,0.51,0.47
0.5542271137237549,0.38,0.59,0.55
0.5642850399017334,0.48,0.61,0.66
0.5743319988250732,0.56,0.58,0.73
0.5849478244781494,0.58,0.52,0.71
0.5944259166717529,0.55,0.51,0.6
0.6050999164581299,0.5,0.54,0.48
0.638484001159668,0.26,0.62,0.4
0.6388170719146729,0.26,0.62,0.4
0.6389389038085938,0.26,0.62,0.4
0.6437280178070068,0.22,0.51,0.31
0.6541650295257568,0.26,0.42,0.23
0.664071798324585,0.33,0.3,0.12
0.6739969253540039,0.34,0.16,-0.02
0.6847150325775146,0.28,-0.22,-0.08
0.6944878101348877,0.08,-0.68,-0.14
0.7046599388122559,-0.17,-0.73,-0.24
0.7405359745025635,-0.67,-0.1,-0.03
0.7406680583953857,-0.67,-0.1,-0.03
0.7410109043121338,-0.67,-0.1,-0.03
0.7434289455413818,-0.66,-0.02,0.11
0.7536289691925049,-0.6,0.05,0.19
0.7636849880218506,-0.52,0.11,0.23
0.7734959125518799,-0.47,0.17,0.32
0.7845098972320557,-0.39,0.14,0.48
0.7936389446258545,-0.23,-0.35,0.71
0.8041489124298096,0.02,-1.41,0.68
0.8388359546661377,0.31,-1.86,0.04
0.8391730785369873,0.31,-1.86,0.04
0.8392930030822754,0.31,-1.86,0.04
0.8430919647216797,-0.01,-1.51,-0.28
0.8535640239715576,-0.4,-1.33,-0.76
0.8632509708404541,-0.6,-1.39,-1.21
0.8735249042510986,-0.58,-1.67,-1.52
0.884040117263794,-0.45,-2.18,-1.68
0.8934290409088135,-0.3,-2.69,-1.63
0.9041008949279785,-0.33,-2.9,-1.64
0.9390780925750732,-1.33,-3.03,-2.35
0.9394071102142334,-1.33,-3.03,-2.35
0.9395279884338379,-1.33,-3.03,-2.35
0.9428207874298096,-1.39,-3.71,-2.76
0.9532599449157715,-1.29,-4.52,-3.14
0.9631218910217285,-1.1,-5.0,-3.41
0.9748570919036865,-0.93,-5.14,-3.64
0.9830639362335205,-0.66,-4.94,-3.8
0.9939367771148682,-0.16,-4.55,-3.8
1.0039889812469482,0.56,-4.44,-3.57
1.0338869094848633,1.43,-5.32,-2.6
1.0342137813568115,1.43,-5.32,-2.6
1.0343348979949951,1.43,-5.32,-2.6
1.0428109169006348,0.5,-4.99,-3.27
1.0529019832611084,-0.49,-4.08,-4.01
1.0627567768096924,-0.88,-3.28,-4.34
1.0728669166564941,0.05,-2.96,-4.19
1.0840117931365967,2.2,-3.62,-3.65
1.0937259197235107,4.87,-4.8,-3.0
1.1036839485168457,6.5,-5.01,-2.57
1.133056879043579,2.34,-0.18,-3.05
1.1337940692901611,2.34,-0.18,-3.05
1.134639024734497,2.34,-0.18,-3.05
1.1424949169158936,1.29,2.25,-3.17
1.1526679992675781,1.0,4.32,-3.16
1.1625449657440186,1.19,5.43,-2.97
1.1731808185577393,1.91,5.96,-2.42
1.183439016342163,2.83,6.02,-1.75
1.1932439804077148,3.66,5.63,-1.25
1.2027440071105957,4.36,4.84,-0.97
1.2145040035247803,4.87,3.9,-0.96
1.2344059944152832,4.75,3.58,-1.08
1.2345850467681885,4.75,3.58,-1.08
1.2421748638153076,4.09,4.38,-1.19
1.2521378993988037,3.3,5.38,-1.34
1.2621428966522217,2.73,5.94,-1.47
1.2722270488739014,2.45,5.61,-1.61
1.2828149795532227,2.32,4.65,-1.82
1.2920458316802979,2.13,3.73,-1.95
1.3027069568634033,1.71,3.28,-1.89
1.3339459896087646,0.29,5.29,-1.09
1.3341329097747803,0.29,5.29,-1.09
1.334285020828247,0.29,5.29,-1.09
1.3418848514556885,-0.02,5.3,-1.08
1.35188889503479,-0.17,4.85,-1.33
1.3619120121002197,-0.15,4.54,-1.59
1.3725030422210693,0.04,4.45,-1.62
1.3825500011444092,0.42,4.53,-1.43
1.3918988704681396,0.86,4.4,-1.01
1.4022738933563232,0.99,4.43,-0.66
1.4332959651947021,0.38,2.49,-0.85
1.4334747791290283,0.38,2.49,-0.85
1.433624029159546,0.38,2.49,-0.85
1.441741943359375,0.55,2.02,-0.6
1.4516360759735107,0.49,2.06,-0.11
1.4616539478302002,-0.22,2.31,0.42
1.4727118015289307,-1.18,2.37,0.7
1.4825758934020996,-2.07,1.9,0.52
1.4921400547027588,-2.8,0.54,-0.05
1.502213954925537,-3.19,-1.49,-0.63
1.5342381000518799,-3.76,-5.37,0.35
1.534425973892212,-3.76,-5.37,0.35
1.534592866897583,-3.76,-5.37,0.35
1.5411088466644287,-4.59,-5.06,1.39
1.5511558055877686,-5.94,-4.24,2.16
1.5611629486083984,-7.39,-2.93,2.45
1.5718019008636475,-8.68,-1.61,2.25
1.5817301273345947,-9.42,-0.53,1.23
1.5917999744415283,-9.17,0.12,-0.02
1.6021111011505127,-8.25,0.4,-0.72
1.6365039348602295,-5.53,0.78,1.44
1.6366918087005615,-5.53,0.78,1.44
1.6368458271026611,-5.53,0.78,1.44
1.6408250331878662,-4.14,1.2,2.46
1.650791883468628,-2.69,1.12,3.03
1.6620759963989258,-1.61,0.38,3.17
1.6721270084381104,-0.94,-0.15,3.1
1.6818897724151611,-0.61,0.11,2.99
1.6910197734832764,-0.62,0.97,2.75
1.7016079425811768,-0.87,1.98,2.46
1.7146008014678955,-1.17,2.79,2.22
1.7368319034576416,-1.19,3.23,1.92
1.7370109558105469,-1.19,3.23,1.92
1.740506887435913,-0.7,2.92,1.85
1.7504260540008545,-0.07,2.46,1.68
1.7604358196258545,0.52,2.05,1.4
1.7713379859924316,0.9,1.8,1.17
1.7814390659332275,1.11,1.97,1.08
1.7904419898986816,1.39,2.48,1.06
1.8010427951812744,1.77,2.65,1.03
1.8329379558563232,4.28,0.66,0.3
1.8331170082092285,4.28,0.66,0.3
1.8332669734954834,4.28,0.66,0.3
1.8401429653167725,4.67,0.31,-0.0
1.8503310680389404,4.27,0.35,-0.35
1.861725091934204,2.91,0.3,-0.67
1.8717100620269775,0.73,-0.22,-0.77
1.8813989162445068,-1.88,-1.0,-0.62
1.8906059265136719,-4.4,-1.7,-0.41
1.900954008102417,-5.66,-1.72,-0.03
1.9137260913848877,-5.53,-1.27,0.34
1.935304880142212,-2.3,-0.49,0.49
1.935486078262329,-2.3,-0.49,0.49
1.9398789405822754,-0.3,-0.95,0.3
1.949897050857544,1.23,-1.66,0.19
1.959873914718628,2.13,-2.23,0.26
1.9706428050994873,2.46,-2.49,0.51
1.9803719520568848,2.39,-2.3,0.85
1.9900801181793213,2.04,-1.77,1.13
2.000286817550659,1.49,-1.17,1.22
2.0329339504241943,-0.04,0.0,1.02
2.033113956451416,-0.04,0.0,1.02
2.0332629680633545,-0.04,0.0,1.02
2.0395548343658447,0.01,0.3,1.06
2.0495240688323975,0.24,0.35,1.02
2.0604169368743896,0.63,0.26,0.91
2.0699918270111084,1.08,0.11,0.76
2.0801827907562256,1.48,-0.06,0.6
2.0898730754852295,1.77,-0.2,0.43
2.1000778675079346,1.83,-0.26,0.3
2.134230852127075,0.66,0.57,0.03
2.1344120502471924,0.66,0.57,0.03
2.13456392288208,0.66,0.57,0.03
2.1391937732696533,0.09,0.88,-0.06
2.149533987045288,-0.27,1.07,-0.12
2.161195993423462,-0.36,1.13,-0.15
2.169559955596924,-0.21,1.07,-0.23
2.1798629760742188,0.12,0.95,-0.34
2.1893298625946045,0.52,0.76,-0.45
2.199800968170166,0.88,0.59,-0.51
2.2325937747955322,0.51,0.66,-0.5
2.2327749729156494,0.51,0.66,-0.5
2.2329680919647217,0.51,0.66,-0.5
2.2391021251678467,-0.09,0.77,-0.61
2.2489068508148193,-0.51,1.12,-0.83
2.259753942489624,-0.47,1.7,-0.96
2.269529104232788,-0.11,2.07,-0.87
2.279637098312378,0.17,1.87,-0.57
2.2892348766326904,0.08,1.18,-0.34
2.299628973007202,-0.34,0.31,-0.44
2.3317129611968994,0.52,1.03,-0.32
2.3318917751312256,0.52,1.03,-0.32
2.332041025161743,0.52,1.03,-0.32
2.3388099670410156,0.99,0.84,0.16
2.3487818241119385,0.71,-0.19,0.58
2.360071897506714,-0.27,-1.89,0.75
2.3699018955230713,-1.22,-3.36,0.74
2.3798038959503174,-1.28,-3.78,0.69
2.388936996459961,-0.43,-3.32,0.76
2.39909291267395,0.44,-2.39,0.88
2.4111530780792236,0.39,-1.58,1.19
2.4312031269073486,-1.1,-0.21,2.14
2.431381940841675,-1.1,-0.21,2.14
2.4383180141448975,-1.67,-0.21,2.24
2.448333978652954,-1.99,-0.28,2.25
2.4591259956359863,-2.05,0.06,2.36
2.468794107437134,-1.76,0.88,2.69
2.479022979736328,-1.12,1.92,3.03
2.4883339405059814,-0.4,2.55,2.93
2.4989140033721924,0.22,2.54,2.45
2.5088050365448,0.73,2.11,1.86
2.5316638946533203,1.04,1.22,1.01
2.5318539142608643,1.04,1.22,1.01
2.537977933883667,0.76,1.17,0.86
2.5480690002441406,0.32,1.41,0.67
2.5581181049346924,-0.16,1.75,0.36
2.5687220096588135,-0.6,2.11,-0.01
2.578812837600708,-0.95,2.31,-0.35
2.588249921798706,-1.1,2.35,-0.53
2.598615884780884,-1.04,2.13,-0.62
2.6320888996124268,-0.31,0.56,-0.65
2.6322648525238037,-0.31,0.56,-0.65
2.6324150562286377,-0.31,0.56,-0.65
2.6376729011535645,-0.21,0.31,-0.57
2.6477999687194824,-0.29,0.43,-0.49
2.6584889888763428,-0.51,0.85,-0.44
2.668322801589966,-0.74,1.42,-0.43
2.6782867908477783,-0.88,1.7,-0.46
2.6882529258728027,-0.92,1.48,-0.53
2.6982619762420654,-1.0,0.9,-0.51
2.708317995071411,-1.11,0.41,-0.33
2.7300078868865967,-1.19,0.78,0.07
2.730186939239502,-1.19,0.78,0.07
2.7374188899993896,-1.2,1.39,0.05
2.7474558353424072,-1.06,1.6,-0.21
2.7574079036712646,-0.73,1.34,-0.57
2.7678768634796143,-0.6,0.48,-0.91
2.778162956237793,-0.94,-0.73,-1.26
2.7879750728607178,-1.36,-1.66,-1.36
2.797938108444214,-1.62,-2.15,-1.17
2.808027982711792,-1.71,-2.29,-0.84
2.830004930496216,-1.71,-1.68,-0.17
2.830183982849121,-1.71,-1.68,-0.17
2.8370299339294434,-1.95,-1.66,-0.11
2.8470728397369385,-2.27,-1.82,-0.1
2.8572537899017334,-2.51,-1.78,-0.11
2.86850905418396,-2.57,-1.45,-0.21
2.878298044204712,-2.35,-0.98,-0.34
2.887338876724243,-1.9,-0.5,-0.44
2.897655963897705,-1.43,-0.38,-0.52
2.90993595123291,-1.06,-0.69,-0.55
2.9304211139678955,-0.49,-1.43,-0.34
2.930600881576538,-0.49,-1.43,-0.34
2.9368109703063965,-0.16,-1.5,-0.1
2.947553873062134,0.2,-1.44,0.15
2.9567368030548096,0.55,-1.3,0.32
2.9675049781799316,0.8,-1.14,0.37
2.977613925933838,0.92,-0.96,0.34
2.987306833267212,0.81,-0.78,0.26
2.9973669052124023,0.54,-0.53,0.2
3.007244825363159,0.27,-0.22,0.21
3.0319740772247314,0.09,0.35,0.34
3.032155990600586,0.09,0.35,0.34
3.0364348888397217,0.24,0.41,0.37
3.0466489791870117,0.45,0.26,0.36
3.056504011154175,0.64,0.01,0.28
3.067211866378784,0.7,-0.18,0.2
3.076935052871704,0.65,-0.2,0.16
3.087049961090088,0.52,-0.06,0.17
3.0969650745391846,0.4,0.14,0.17
3.1280930042266846,0.59,0.61,0.28
3.128272771835327,0.59,0.61,0.28
3.1286728382110596,0.59,0.61,0.28
3.136103868484497,0.92,0.55,0.33
3.1463658809661865,1.32,0.37,0.34
3.1569011211395264,1.71,0.17,0.25
3.166682004928589,1.96,-0.01,0.12
3.176654100418091,1.99,-0.07,0.0
3.186630964279175,1.84,-0.03,-0.06
3.197152853012085,1.58,0.01,-0.05
3.2064740657806396,1.33,0.06,0.01
3.2303388118743896,1.06,-0.12,0.3
3.2307939529418945,1.06,-0.12,0.3
3.2358291149139404,1.02,-0.54,0.45
3.2458689212799072,0.83,-1.02,0.44
3.2558748722076416,0.26,-1.24,0.06
3.26629900932312,-0.54,-0.93,-0.65
3.2765719890594482,-0.99,0.18,-1.17
3.287329912185669,-0.7,1.77,-0.96
3.2972800731658936,-0.25,2.49,-0.3
3.328745126724243,-1.68,-0.32,0.3
3.3289239406585693,-1.68,-0.32,0.3
3.329072952270508,-1.68,-0.32,0.3
3.3355510234832764,-1.86,-0.45,0.32
3.3457300662994385,-1.51,-0.51,0.51
3.3561339378356934,-0.98,-0.72,0.67
3.3662049770355225,-0.6,-1.09,0.73
3.376203775405884,-0.53,-1.55,0.69
3.3859550952911377,-0.82,-1.84,0.6
3.396192789077759,-1.37,-1.88,0.5
3.4276950359344482,-2.31,-0.5,0.39
3.4278769493103027,-2.31,-0.5,0.39
3.4280478954315186,-2.31,-0.5,0.39
3.4353978633880615,-1.96,-0.07,0.4
3.445302963256836,-1.24,0.15,0.46
3.4552199840545654,-0.31,0.02,0.51
3.465977907180786,0.52,-0.37,0.47
3.4758460521698,1.06,-0.62,0.39
3.485635995864868,1.26,-0.65,0.35
3.4957640171051025,1.19,-0.4,0.32
3.5275747776031494,0.42,0.29,-0.08
3.5277798175811768,0.42,0.29,-0.08
3.5279290676116943,0.42,0.29,-0.08
3.534956932067871,0.27,0.28,-0.3
3.545069932937622,0.25,0.29,-0.46
3.5548980236053467,0.33,0.33,-0.53
3.565605878829956,0.46,0.37,-0.53
3.5753657817840576,0.62,0.37,-0.5
3.5851800441741943,0.75,0.34,-0.47
3.5958449840545654,0.83,0.33,-0.44
3.6294620037078857,0.67,0.4,-0.21
3.6296417713165283,0.67,0.4,-0.21
3.6297991275787354,0.67,0.4,-0.21
3.634572982788086,0.69,0.4,-0.08
3.6448709964752197,0.8,0.38,0.02
3.6551320552825928,0.94,0.34,0.01
3.6650569438934326,0.92,0.27,-0.15
3.674865961074829,0.71,0.21,-0.41
3.6847598552703857,0.37,0.05,-0.65
3.6948540210723877,0.23,-0.09,-0.72
3.726844072341919,1.87,-0.15,0.22
3.727020025253296,1.87,-0.15,0.22
3.7271718978881836,1.87,-0.15,0.22
3.734571933746338,1.75,-0.49,0.07
3.74491810798645,1.32,-0.26,-0.33
3.754856824874878,0.81,0.42,-0.67
3.765199899673462,0.22,0.78,-0.72
3.7754249572753906,-0.54,0.82,-0.59
3.785062074661255,-1.41,0.62,-0.37
3.7951419353485107,-2.47,0.16,-0.23
3.828812837600708,-4.24,-0.24,0.0
3.8289899826049805,-4.24,-0.24,0.0
3.8291380405426025,-4.24,-0.24,0.0
3.833969831466675,-3.78,-0.33,0.32
3.8440821170806885,-2.99,-0.61,0.6
3.854750871658325,-2.01,-0.94,0.82
3.8649208545684814,-0.96,-1.15,0.97
3.8747570514678955,-0.0,-1.26,0.98
3.8841707706451416,0.73,-1.26,0.85
3.895007848739624,1.16,-1.19,0.59
3.9047038555145264,1.25,-1.23,0.31
3.9310429096221924,0.77,-1.35,0.05
3.9312241077423096,0.77,-1.35,0.05
3.9336659908294678,0.47,-1.34,0.07
3.943880796432495,0.22,-1.33,0.11
3.9536919593811035,0.04,-1.39,0.13
3.9644501209259033,-0.08,-1.41,0.05
3.9742400646209717,-0.14,-1.29,-0.15
3.984170913696289,-0.07,-1.01,-0.36
3.9942657947540283,0.08,-0.62,-0.56
4.025802850723267,0.57,-0.14,-0.84
4.0259809494018555,0.57,-0.14,-0.84
4.02613377571106,0.57,-0.14,-0.84
4.033396005630493,0.67,-0.25,-0.78
4.043417930603027,0.7,-0.33,-0.68
4.053428888320923,0.64,-0.35,-0.57
4.0641279220581055,0.53,-0.29,-0.48
4.073966979980469,0.41,-0.23,-0.41
4.084244966506958,0.29,-0.21,-0.42
4.09406590461731,0.27,-0.15,-0.43
4.103824853897095,0.4,-0.08,-0.38
4.127485036849976,1.12,-0.07,-0.19
4.127663850784302,1.12,-0.07,-0.19
4.133147954940796,1.46,-0.09,-0.06
4.143206834793091,1.56,-0.1,0.06
4.1536290645599365,1.44,-0.06,0.13
4.163477897644043,1.08,-0.05,0.1
4.1736578941345215,0.7,-0.06,0.04
4.1830971240997314,0.64,0.01,0.05
4.1936070919036865,0.91,-0.03,0.17
4.203480958938599,1.32,-0.18,0.14
4.227013826370239,1.8,0.73,-0.59
4.227144956588745,1.8,0.73,-0.59
4.232694864273071,1.89,1.8,-0.53
4.243179082870483,1.82,2.85,0.02
4.252736806869507,1.45,3.11,0.87
4.263979911804199,0.8,2.2,1.51
4.273961782455444,0.22,0.37,1.62
4.28365683555603,0.11,-1.06,1.48
4.293939828872681,0.53,-1.42,1.57
4.303136110305786,1.2,-0.75,1.91
4.324765920639038,1.89,1.7,2.35
4.32494592666626,1.89,1.7,2.35
4.332526922225952,1.57,2.13,2.55
4.342521905899048,0.83,1.63,2.54
4.352468967437744,0.1,0.6,2.34
4.36301589012146,-0.16,-0.25,2.34
4.373137950897217,-0.02,-0.78,2.68
4.382695913314819,0.73,-0.03,3.56
4.393142938613892,1.87,2.08,4.53
4.403075933456421,3.05,3.88,5.13
4.426227807998657,4.49,4.43,4.54
4.426408052444458,4.49,4.43,4.54
4.432053804397583,4.48,3.22,3.26
4.442873954772949,3.73,2.08,1.73
4.452300786972046,2.45,1.94,0.61
4.462785959243774,1.07,2.73,0.16
4.47279691696167,-0.08,4.1,0.27
4.482641935348511,-0.76,5.34,0.71
4.4928038120269775,-0.98,5.89,1.19
4.502545118331909,-0.87,5.55,1.45
4.5267250537872314,-0.17,3.48,1.4
4.526907920837402,-0.17,3.48,1.4
4.531747102737427,0.18,2.75,1.41
4.542200803756714,0.4,2.43,1.62
4.551739931106567,0.52,2.26,2.15
4.562402009963989,0.3,2.28,2.39
4.5725719928741455,0.62,2.25,1.99
4.58182692527771,1.18,2.29,1.27
4.592489957809448,1.49,1.9,0.94
4.6024580001831055,1.64,1.42,1.02
4.62654709815979,1.32,1.38,1.52
4.626725912094116,1.32,1.38,1.52
4.631526947021484,1.03,1.6,1.59
4.641603946685791,0.86,1.61,1.59
4.651554822921753,0.81,1.42,1.51
4.662185907363892,0.85,0.98,1.43
4.672231912612915,1.07,0.49,1.36
4.681640863418579,1.5,0.18,1.32
4.692112922668457,2.15,0.13,1.33
4.702157974243164,2.81,-0.0,1.45
4.726748943328857,2.85,-0.66,1.35
4.726927995681763,2.85,-0.66,1.35
4.731164932250977,1.96,-0.71,0.88
4.7412660121917725,0.96,-0.28,0.64
4.751094102859497,-0.24,0.03,0.67
4.761954069137573,-1.66,0.24,0.81
4.771640062332153,-3.3,0.21,0.96
4.781744003295898,-4.8,-0.0,1.02
4.791738986968994,-5.52,-0.2,1.1
4.801370859146118,-5.34,-0.37,1.14
4.825188875198364,-3.25,-1.34,1.27
4.8253700733184814,-3.25,-1.34,1.27
4.830886125564575,-2.13,-2.06,1.45
4.841001987457275,-1.33,-2.78,1.57
4.851125955581665,-0.82,-3.25,1.67
4.861478090286255,-0.59,-3.33,1.71
4.871446847915649,-0.6,-3.01,1.66
4.881320953369141,-0.69,-2.24,1.6
4.891518831253052,-0.73,-1.36,1.58
4.925660848617554,-0.3,-1.44,1.26
4.925837993621826,-0.3,-1.44,1.26
4.925987005233765,-0.3,-1.44,1.26
4.930426836013794,-0.1,-2.24,1.04
4.9409708976745605,-0.05,-2.75,0.76
4.950509786605835,-0.08,-2.82,0.6
4.961236000061035,-0.06,-2.47,0.51
4.97101902961731,0.07,-1.77,0.46
4.981067895889282,0.21,-1.04,0.43
4.991224050521851,0.39,-0.56,0.4
5.000955820083618,0.64,-0.34,0.33
5.0242860317230225,1.4,-0.2,0.19
5.024465799331665,1.4,-0.2,0.19
5.0302979946136475,1.84,-0.14,0.19
5.040266990661621,2.22,-0.14,0.24
5.050448894500732,2.44,-0.24,0.29
5.0609519481658936,2.49,-0.47,0.3
5.070876836776733,2.4,-0.62,0.26
5.080665826797485,2.27,-0.53,0.23
5.0909810066223145,2.19,-0.23,0.19
5.100682973861694,2.13,0.17,0.13
5.123731851577759,2.02,1.1,-0.05
5.1239399909973145,2.02,1.1,-0.05
5.129946947097778,2.04,1.51,-0.11
5.140018939971924,2.17,1.79,-0.16
5.149957895278931,2.27,1.94,-0.19
5.1603899002075195,2.27,1.97,-0.21
5.17110800743103,2.2,2.03,-0.21
5.18061900138855,2.16,2.21,-0.16
5.190416097640991,2.21,2.56,-0.1
5.223567962646484,0.96,3.47,-0.61
5.223745107650757,0.96,3.47,-0.61
5.223893880844116,0.96,3.47,-0.61
5.229608774185181,0.42,3.69,-0.74
5.239788770675659,0.23,3.87,-0.51
5.250211000442505,0.35,3.93,-0.06
5.2603700160980225,0.61,3.97,0.27
5.27004599571228,0.71,4.0,0.32
5.280052900314331,0.55,3.9,0.31
5.2901771068573,0.1,3.46,0.42
5.300557851791382,-0.61,2.6,0.54
5.324276924133301,-1.9,1.97,0.82
5.3244569301605225,-1.9,1.97,0.82
5.329330921173096,-2.26,2.46,0.89
5.339411020278931,-2.38,3.0,0.87
5.349283933639526,-2.33,3.26,0.86
5.359888792037964,-2.15,3.11,0.92
5.369747877120972,-1.81,2.64,0.96
5.3797149658203125,-1.39,2.01,0.97
5.390125036239624,-0.95,1.38,1.01
5.399455785751343,-0.52,0.9,1.09
5.423082113265991,0.26,0.68,1.26
5.423261880874634,0.26,0.68,1.26
5.429033041000366,0.55,0.88,1.16
5.4391090869903564,0.71,1.04,0.95
5.449063062667847,0.7,1.09,0.64
5.459790945053101,0.53,1.02,0.31
5.469192981719971,0.33,0.9,0.02
5.479893922805786,0.26,0.84,-0.15
5.489671945571899,0.3,0.77,-0.25
5.5211241245269775,0.09,1.6,-0.2
5.521302938461304,0.09,1.6,-0.2
5.521492004394531,0.09,1.6,-0.2
5.528765916824341,-0.14,1.97,-0.13
5.538779020309448,-0.18,2.1,-0.08
5.548731088638306,-0.04,1.92,-0.08
5.559422969818115,0.23,1.54,-0.06
5.569565057754517,0.59,1.12,0.06
5.579209089279175,0.92,0.8,0.26
5.589423894882202,1.15,0.64,0.45
5.598802804946899,1.31,0.56,0.53
5.621806859970093,1.59,0.9,0.43
5.621989965438843,1.59,0.9,0.43
5.628333806991577,1.78,1.24,0.37
5.638458013534546,1.89,1.27,0.32
5.648449897766113,1.96,1.0,0.31
5.659085988998413,2.05,0.72,0.33
5.668935060501099,2.09,0.51,0.34
5.678662061691284,2.02,0.24,0.34
5.68898606300354,1.9,0.01,0.37
5.6987221240997314,1.78,-0.09,0.41
5.722666025161743,1.17,-0.06,0.02
5.722843885421753,1.17,-0.06,0.02
5.7280449867248535,0.86,-0.13,-0.31
5.73810601234436,0.68,-0.18,-0.46
5.7483439445495605,0.23,-0.73,-0.47
5.758596897125244,-0.62,-1.77,-0.3
5.768477916717529,-1.81,-2.64,-0.13
5.778290033340454,-3.03,-2.98,0.03
5.788678884506226,-3.78,-2.85,0.22
5.798197031021118,-3.89,-2.36,0.39
5.821744918823242,-2.99,-1.33,0.51
5.821923017501831,-2.99,-1.33,0.51
5.82763409614563,-2.68,-1.04,0.45
5.837857961654663,-2.63,-0.76,0.39
5.847833871841431,-2.64,-0.48,0.36
5.858400106430054,-2.58,-0.23,0.35
5.8682029247283936,-2.33,-0.08,0.42
5.87808895111084,-1.85,-0.09,0.53
5.888417959213257,-1.24,-0.41,0.68
5.919965982437134,-0.04,-2.5,0.6
5.9201438426971436,-0.04,-2.5,0.6
5.920295000076294,-0.04,-2.5,0.6
5.927438020706177,0.12,-2.82,0.53
5.9374189376831055,0.21,-2.74,0.49
5.948054075241089,0.24,-2.35,0.5
5.958040952682495,0.23,-1.63,0.5
5.9680469036102295,0.22,-0.8,0.49
5.977903127670288,0.24,-0.23,0.45
5.988148927688599,0.31,-0.04,0.38
5.998090028762817,0.45,-0.04,0.27
6.022148847579956,0.84,-0.37,0.03
6.022327899932861,0.84,-0.37,0.03
6.0270819664001465,0.99,-0.55,-0.09
6.040006875991821,1.06,-0.67,-0.19
6.047236919403076,0.94,-0.69,-0.29
6.057523965835571,0.72,-0.56,-0.35
6.067639112472534,0.51,-0.35,-0.37
6.077649831771851,0.39,-0.16,-0.38
6.087807893753052,0.41,-0.04,-0.38
6.097770929336548,0.53,0.0,-0.39
6.122503995895386,0.87,-0.13,-0.56
6.122687101364136,0.87,-0.13,-0.56
6.1267640590667725,1.05,-0.2,-0.66
6.136949777603149,1.23,-0.15,-0.68
6.146945953369141,1.31,-0.04,-0.66
6.157435894012451,1.23,0.02,-0.62
6.167072057723999,1.05,0.07,-0.59
6.177043914794922,0.86,0.06,-0.54
6.1876280307769775,0.68,-0.03,-0.53
6.196974992752075,0.43,0.06,-0.63
6.218922853469849,0.05,1.57,-0.97
6.219105005264282,0.05,1.57,-0.97
6.226419925689697,0.47,2.73,-0.71
6.236809015274048,0.68,3.11,-0.24
6.2466139793396,0.24,2.42,0.02
6.257148027420044,-0.53,1.08,0.1
6.266765832901001,-1.4,-0.1,0.14
6.276678800582886,-2.15,-0.36,0.32
6.287275075912476,-2.49,0.04,0.66
6.296703100204468,-2.3,0.69,0.91
6.3188159465789795,-1.19,1.21,0.72
6.3189990520477295,-1.19,1.21,0.72
6.3261377811431885,-0.77,0.98,0.38
6.336282014846802,-0.63,0.53,0.02
6.3463969230651855,-0.69,0.12,-0.2
6.356918096542358,-0.89,-0.12,-0.25
6.366601943969727,-1.12,-0.04,-0.12
6.37642502784729,-1.24,0.32,0.18
6.386677026748657,-1.15,0.72,0.53
6.396267890930176,-0.87,1.0,0.76
6.417617082595825,-0.01,0.81,0.88
6.417747974395752,-0.01,0.81,0.88
6.4259419441223145,0.35,0.4,0.73
6.435959100723267,0.5,0.04,0.54
6.446031808853149,0.46,-0.03,0.4
6.456827878952026,0.29,0.11,0.33
6.466266870498657,0.07,0.43,0.29
6.476146936416626,-0.12,0.82,0.2
6.48645806312561,-0.24,1.13,0.05
6.516923904418945,-0.22,1.16,-0.36
6.517051935195923,-0.22,1.16,-0.36
6.517157793045044,-0.22,1.16,-0.36
6.525573968887329,-0.19,1.11,-0.39
6.5356481075286865,-0.18,1.04,-0.32
6.545500040054321,-0.13,0.99,-0.14
6.555509805679321,0.03,0.97,0.11
6.565716981887817,0.29,0.96,0.34
6.575662851333618,0.55,0.89,0.38
6.585489988327026,0.79,0.83,0.21
6.5955188274383545,0.99,0.79,-0.05
6.616503000259399,0.94,0.48,-0.43
6.616696119308472,0.94,0.48,-0.43
6.625340938568115,0.77,0.35,-0.37
6.636075973510742,0.6,0.42,-0.21
6.645587921142578,0.52,0.66,-0.05
6.656232118606567,0.71,0.94,0.09
6.665571928024292,1.07,1.08,0.08
6.676168918609619,1.46,1.13,-0.25
6.686218976974487,1.83,1.04,-0.53
6.696321964263916,1.89,0.47,-0.61
6.724893808364868,-1.75,-2.3,-0.39
6.72525691986084,-1.75,-2.3,-0.39
6.726475954055786,-1.75,-2.3,-0.39
6.735156774520874,-3.27,-1.88,-0.18
6.744981050491333,-4.01,-0.97,0.15
6.755660772323608,-3.91,-0.4,0.56
6.7650768756866455,-3.17,-0.61,0.72
6.7754600048065186,-2.07,-1.43,0.54
6.785607099533081,-0.89,-2.45,0.19
6.7953040599823,0.05,-3.17,-0.08
6.817798852920532,0.74,-3.23,-0.13
6.817981004714966,0.74,-3.23,-0.13
6.824566125869751,0.5,-2.58,-0.03
6.8347249031066895,-0.11,-1.69,-0.03
6.8447511196136475,-0.85,-0.75,-0.1
6.855257987976074,-1.41,0.11,-0.13
6.864738941192627,-1.59,0.57,-0.16
6.875131845474243,-1.48,0.49,-0.24
6.885258913040161,-1.17,-0.03,-0.3
6.9173290729522705,0.04,-1.17,-0.15
6.917514085769653,0.04,-1.17,-0.15
6.91767692565918,0.04,-1.17,-0.15
6.924357891082764,0.36,-1.04,-0.08
6.934427976608276,0.64,-0.64,-0.02
6.944327116012573,0.85,-0.14,0.02
6.954399824142456,0.95,0.26,0.02
6.96495509147644,0.97,0.46,-0.02
6.97453498840332,0.96,0.48,-0.09
6.985114812850952,0.97,0.42,-0.11
6.994473934173584,0.97,0.3,-0.11
7.0191810131073,0.98,0.17,-0.21
7.019359827041626,0.98,0.17,-0.21
7.023991823196411,1.09,0.29,-0.34
7.034120798110962,1.32,0.52,-0.49
7.044092893600464,1.67,0.73,-0.6
7.0547120571136475,2.04,0.92,-0.64
7.064051866531372,2.25,1.03,-0.6
7.0744569301605225,2.19,1.08,-0.49
7.084645986557007,1.99,1.17,-0.32
7.116556882858276,1.69,0.66,-0.02
7.116752862930298,1.69,0.66,-0.02
7.116904973983765,1.69,0.66,-0.02
7.123725891113281,2.1,0.09,-0.01
7.133852958679199,2.56,-0.13,-0.18
7.1437060832977295,2.81,0.05,-0.37
7.154381036758423,2.64,0.29,-0.55
7.1636598110198975,2.1,0.68,-0.69
7.17416787147522,1.6,1.3,-0.64
7.184104919433594,1.31,1.82,-0.38
7.214193105697632,0.1,1.0,-0.53
7.214370965957642,0.1,1.0,-0.53
7.2145209312438965,0.1,1.0,-0.53
7.223499059677124,-0.81,0.25,-0.82
7.233438968658447,-1.81,-0.18,-0.86
7.243289947509766,-2.44,-0.1,-0.6
7.253990888595581,-2.59,0.24,-0.24
7.263957977294922,-2.26,0.63,0.01
7.2739739418029785,-1.63,0.84,0.08
7.284436941146851,-0.95,0.8,0.04
7.3187339305877686,0.15,0.6,0.18
7.318916082382202,0.15,0.6,0.18
7.319065809249878,0.15,0.6,0.18
7.323028802871704,0.26,0.56,0.38
7.333214998245239,0.36,0.36,0.52
7.343254804611206,0.47,-0.04,0.55
7.353837966918945,0.55,-0.45,0.48
7.363176107406616,0.52,-0.66,0.33
7.373710870742798,0.37,-0.64,0.13
7.383739948272705,0.26,-0.37,-0.03
7.393378019332886,0.22,0.05,-0.1
7.417484998703003,0.21,0.57,-0.12
7.417663812637329,0.21,0.57,-0.12
7.422683954238892,0.27,0.56,-0.14
7.432876825332642,0.33,0.44,-0.16
7.442701101303101,0.38,0.31,-0.18
7.453447103500366,0.4,0.25,-0.17
7.462575912475586,0.41,0.27,-0.11
7.473264932632446,0.4,0.33,-0.05
7.483375787734985,0.34,0.31,-0.02
7.495018005371094,0.24,0.15,-0.04
7.515372037887573,0.16,-0.02,-0.11
7.515552997589111,0.16,-0.02,-0.11
7.522481918334961,0.21,0.34,-0.15
7.5365149974823,0.31,0.92,-0.1
7.542406797409058,0.34,1.53,0.02
7.5527050495147705,0.19,1.88,0.11
7.562662839889526,-0.16,1.88,0.09
7.5728747844696045,-0.42,1.51,0.0
7.583070993423462,-0.34,0.97,0.01
7.592660903930664,0.13,0.56,0.19
7.616111993789673,1.39,-0.03,0.5
7.616323947906494,1.39,-0.03,0.5
7.622103929519653,1.83,-0.09,0.48
7.632230997085571,2.12,-0.03,0.49
7.642168998718262,2.16,-0.18,0.45
7.652233839035034,1.76,-0.58,0.31
7.662884950637817,0.81,-0.97,0.1
7.672598123550415,-0.67,-1.01,-0.16
7.682737112045288,-2.31,-0.56,-0.3
7.715782880783081,-4.58,0.12,-0.27
7.715963125228882,-4.58,0.12,-0.27
7.716115951538086,-4.58,0.12,-0.27
7.721773862838745,-4.18,-0.2,-0.11
7.731837034225464,-3.4,-0.58,0.13
7.741863012313843,-2.44,-0.93,0.39
7.7522947788238525,-1.53,-1.33,0.61
7.762149095535278,-0.78,-1.72,0.77
7.772028923034668,-0.17,-1.96,0.82
7.78305196762085,0.29,-1.99,0.8
7.792409896850586,0.57,-1.86,0.74
7.818879842758179,0.53,-1.17,0.59
7.819086790084839,0.53,-1.17,0.59
7.8214271068573,0.23,-0.87,0.49
7.831555128097534,-0.21,-0.74,0.36
7.84160590171814,-0.69,-0.71,0.21
7.8521997928619385,-1.05,-0.68,0.08
7.861604928970337,-1.22,-0.63,-0.03
7.872019052505493,-1.19,-0.57,-0.11
7.882131814956665,-0.99,-0.48,-0.15
7.91346287727356,0.22,-0.53,-0.08
7.91364598274231,0.22,-0.53,-0.08
7.913808107376099,0.22,-0.53,-0.08
7.921234846115112,0.64,-0.77,-0.05
7.93133807182312,0.96,-1.03,-0.05
7.941236972808838,1.17,-1.21,-0.07
7.9518210887908936,1.21,-1.23,-0.1
7.961500883102417,1.11,-1.12,-0.14
7.971832036972046,0.91,-0.96,-0.2
7.981812000274658,0.69,-0.77,-0.28
7.993417978286743,0.52,-0.56,-0.33
8.015674829483032,0.45,-0.32,-0.39
8.015855073928833,0.45,-0.32,-0.39
8.021015882492065,0.54,-0.28,-0.39
8.035269021987915,0.62,-0.3,-0.37
8.040636777877808,0.62,-0.45,-0.37
8.051252126693726,0.54,-0.67,-0.41
8.061375856399536,0.52,-0.81,-0.46
8.071367025375366,0.68,-0.76,-0.46
8.081545114517212,0.95,-0.45,-0.35
8.091284036636353,1.15,-0.1,-0.1
8.11532998085022,0.79,-0.1,0.11
8.115510940551758,0.79,-0.1,0.11
8.120508909225464,0.41,-0.34,-0.15
8.130594968795776,0.11,-0.53,-0.53
8.1406729221344,0.21,-0.26,-0.55
8.151269912719727,0.45,-0.12,-0.28
8.160477876663208,0.51,-0.32,0.03
8.17106294631958,0.12,-0.66,0.23
8.18111777305603,-0.86,-1.22,0.16
8.190989971160889,-2.06,-1.55,-0.01
8.21445894241333,-3.11,-0.92,0.14
8.214637994766235,-3.11,-0.92,0.14
8.220179796218872,-2.93,-0.44,0.15
8.230333089828491,-2.38,-0.11,0.02
8.240379095077515,-1.63,-0.01,-0.19
8.251025915145874,-0.84,0.0,-0.36
8.260263919830322,-0.28,-0.02,-0.46
8.27085280418396,-0.04,-0.06,-0.48
8.280996084213257,-0.01,-0.07,-0.36
8.292878866195679,-0.1,-0.04,-0.13
8.313707113265991,-0.23,-0.06,0.4
8.31392788887024,-0.23,-0.06,0.4
8.319946050643921,-0.17,-0.15,0.58
8.334929943084717,-0.07,-0.26,0.63
8.339950799942017,-0.03,-0.41,0.53
8.350655794143677,-0.15,-0.56,0.26
8.360213041305542,-0.36,-0.55,-0.01
8.370385885238647,-0.53,-0.4,-0.22
8.38082480430603,-0.55,-0.18,-0.3
8.390199899673462,-0.4,0.07,-0.31
8.414076089859009,0.11,0.31,-0.33
8.414254903793335,0.11,0.31,-0.33
8.419504880905151,0.32,0.28,-0.31
8.429712057113647,0.47,0.17,-0.28
8.439592123031616,0.56,0.07,-0.25
8.450199842453003,0.57,0.09,-0.23
8.459537982940674,0.5,0.25,-0.23
8.470188856124878,0.36,0.52,-0.25
8.480135917663574,0.26,0.84,-0.29
8.51206088066101,0.59,1.29,-0.38
8.512253999710083,0.59,1.29,-0.38
8.512407064437866,0.59,1.29,-0.38
8.519197940826416,0.7,1.19,-0.42
8.529417991638184,0.71,1.06,-0.51
8.539336919784546,0.6,0.98,-0.67
8.549991846084595,0.46,1.13,-0.81
8.559466123580933,0.41,1.53,-0.77
8.569634914398193,0.47,1.89,-0.5
8.580007791519165,0.59,2.0,-0.15
8.591706991195679,0.68,1.85,0.07
8.612482786178589,0.98,1.69,-0.24
8.612608909606934,0.98,1.69,-0.24
8.619116067886353,1.26,1.47,-0.48
8.634089946746826,1.5,0.92,-0.57
8.638705015182495,1.5,0.14,-0.54
8.649703979492188,1.15,-0.39,-0.42
8.658982038497925,0.48,-0.44,-0.26
8.669209957122803,-0.27,-0.1,-0.08
8.679785966873169,-0.91,0.34,0.12
8.689483880996704,-1.42,0.4,0.29
8.713590860366821,-2.15,-1.25,0.64
8.713772058486938,-2.15,-1.25,0.64
8.718641996383667,-2.19,-2.02,0.75
8.728699922561646,-2.0,-2.28,0.82
8.738807916641235,-1.75,-2.17,0.85
8.749430894851685,-1.59,-1.83,0.87
8.758476972579956,-1.59,-1.41,0.88
8.769259929656982,-1.71,-1.0,0.84
8.779406785964966,-1.87,-0.53,0.75
8.811994791030884,-1.74,0.42,0.55
8.812175989151001,-1.74,0.42,0.55
8.812328100204468,-1.74,0.42,0.55
8.818280935287476,-1.28,0.45,0.51
8.82840085029602,-0.7,0.23,0.53
8.838557004928589,-0.1,-0.25,0.59
8.848997831344604,0.37,-0.91,0.61
8.858805894851685,0.66,-1.55,0.56
8.869427919387817,0.79,-2.0,0.49
8.879081010818481,0.76,-2.17,0.44
8.911746978759766,0.22,-0.96,0.38
8.911936044692993,0.22,-0.96,0.38
8.912085771560669,0.22,-0.96,0.38
8.917982816696167,0.04,-0.49,0.33
8.928146123886108,-0.05,-0.24,0.26
8.938218832015991,-0.04,-0.15,0.21
8.948889017105103,0.04,-0.18,0.16
8.958330869674683,0.16,-0.36,0.12
8.968819856643677,0.29,-0.57,0.08
8.978712797164917,0.41,-0.69,0.01
9.011680841445923,0.72,-0.44,-0.03
9.011865854263306,0.72,-0.44,-0.03
9.012052774429321,0.72,-0.44,-0.03
9.017673969268799,0.75,-0.26,0.01
9.027803897857666,0.78,-0.12,0.04
9.037925958633423,0.82,-0.09,0.03
9.048539876937866,0.9,-0.17,-0.02
9.057738065719604,1.0,-0.31,-0.07
9.068509817123413,1.1,-0.44,-0.09
9.07835078239441,1.12,-0.53,-0.12
9.111804962158203,0.95,-0.52,-0.2
9.112015962600708,0.95,-0.52,-0.2
9.112169027328491,0.95,-0.52,-0.2
9.11733078956604,0.96,-0.42,-0.12
9.127445936203003,1.02,-0.33,0.05
9.13746690750122,1.15,-0.42,0.32
9.148132085800171,1.25,-0.74,0.5
9.15752387046814,1.33,-1.0,0.46
9.168133020401001,1.37,-0.97,0.21
9.17802095413208,1.33,-0.62,-0.13
9.211972951889038,0.78,0.96,-0.61
9.212157011032104,0.78,0.96,-0.61
9.212307929992676,0.78,0.96,-0.61
9.217085123062134,0.55,1.01,-0.4
9.227154970169067,-0.03,0.39,-0.24
9.23723578453064,-0.92,-0.57,-0.11
9.24773907661438,-1.82,-1.15,0.01
9.257038831710815,-2.54,-1.24,0.2
9.267893075942993,-2.92,-0.86,0.47
9.277652025222778,-2.77,-0.21,0.86
9.311913967132568,-0.42,0.64,1.31
9.31209397315979,-0.42,0.64,1.31
9.312246084213257,-0.42,0.64,1.31
9.316747903823853,0.35,0.37,0.74
9.32680892944336,0.91,-0.01,0.0
9.336935997009277,1.11,-0.37,-0.71
9.34751582145691,0.93,-0.47,-1.17
9.356790781021118,0.41,-0.32,-1.31
9.36752200126648,-0.35,0.05,-1.21
9.378382921218872,-1.22,0.42,-0.99
9.387779951095581,-2.01,0.56,-0.69
9.413532972335815,-2.54,0.49,-0.15
9.413710832595825,-2.54,0.49,-0.15
9.416438817977905,-2.2,0.53,-0.0
9.42649793624878,-1.59,0.65,0.04
9.436669111251831,-0.86,0.61,-0.0
9.447209119796753,-0.18,0.36,-0.11
9.456708908081055,0.34,0.14,-0.22
9.467031955718994,0.7,0.08,-0.23
9.4768807888031,0.93,0.23,-0.15
9.487488985061646,1.01,0.49,-0.04
9.513366937637329,0.74,1.06,0.09
9.51354694366455,0.74,1.06,0.09
9.516126871109009,0.49,1.31,0.13
9.531905889511108,0.23,1.46,0.15
9.536205053329468,-0.01,1.53,0.12
9.546893835067749,-0.17,1.49,0.02
9.556030988693237,-0.27,1.31,-0.13
9.56637191772461,-0.38,1.06,-0.35
9.576740980148315,-0.54,1.02,-0.55
9.609911918640137,-0.61,2.5,-0.34
9.61010193824768,-0.61,2.5,-0.34
9.61026406288147,-0.61,2.5,-0.34
9.61586594581604,-0.36,2.82,-0.03
9.625817060470581,-0.07,2.7,0.27
9.63593077659607,0.15,2.18,0.47
9.64667010307312,0.27,1.43,0.47
9.656471967697144,0.32,0.72,0.34
9.66625189781189,0.26,0.24,0.13
9.676230907440186,0.1,0.1,-0.01
9.709942102432251,-0.13,1.93,0.44
9.71012282371521,-0.13,1.93,0.44
9.710274934768677,-0.13,1.93,0.44
9.71545696258545,-0.14,2.08,0.53
9.7255117893219,-0.0,1.91,0.34
9.73566198348999,0.4,1.5,0.17
9.746670961380005,0.61,0.59,0.05
9.755490064620972,0.35,-0.51,-0.18
9.766138792037964,-0.43,-1.4,-0.38
9.775937795639038,-1.44,-1.56,-0.42
9.808686971664429,-3.2,-0.3,0.29
9.808864831924438,-3.2,-0.3,0.29
9.809019804000854,-3.2,-0.3,0.29
9.815146923065186,-2.91,-0.21,0.52
9.82528281211853,-2.29,-0.33,0.56
9.835376024246216,-1.52,-0.66,0.46
9.84597897529602,-0.78,-1.08,0.34
9.855368852615356,-0.17,-1.45,0.24
9.866087913513184,0.28,-1.71,0.15
9.875739812850952,0.56,-1.84,0.1
9.910408973693848,0.24,-0.76,0.2
9.910592794418335,0.24,-0.76,0.2
9.910742044448853,0.24,-0.76,0.2
9.914870977401733,-0.15,-0.23,0.24
9.924937009811401,-0.54,0.12,0.27
9.935059785842896,-0.85,0.27,0.36
9.945523023605347,-1.03,0.21,0.46
9.955184936523438,-1.08,0.03,0.52
9.965595960617065,-1.0,-0.2,0.51
9.975385904312134,-0.74,-0.42,0.42
9.987481832504272,-0.31,-0.53,0.32
10.008960008621216,0.63,-0.5,0.04
10.009087800979614,0.63,-0.5,0.04
10.014564990997314,1.03,-0.36,-0.09
10.030719995498657,1.35,-0.21,-0.18
10.0345618724823,1.55,-0.07,-0.25
10.045875787734985,1.62,0.01,-0.29
10.054533004760742,1.55,0.03,-0.33
10.064863920211792,1.37,-0.0,-0.38
10.075285911560059,1.13,-0.1,-0.46
10.108459949493408,0.77,-0.03,-0.67
10.108642816543579,0.77,-0.03,-0.67
10.108792066574097,0.77,-0.03,-0.67
10.114422082901001,0.86,0.26,-0.56
10.124252080917358,1.06,0.54,-0.48
10.134399890899658,1.28,0.62,-0.49
10.14526891708374,1.33,0.42,-0.59
10.154374837875366,1.21,0.01,-0.69
10.164865970611572,0.92,-0.46,-0.77
10.174725770950317,0.61,-0.68,-0.73
10.20953893661499,0.59,0.86,-0.13
10.20972990989685,0.59,0.86,-0.13
10.209895849227905,0.59,0.86,-0.13
10.213939905166626,0.76,1.53,-0.25
10.223833799362183,1.1,1.9,-0.52
10.234079122543335,1.65,1.65,-0.7
10.24551796913147,2.19,0.82,-0.72
10.255131959915161,2.34,-0.31,-0.63
10.265191793441772,1.95,-1.39,-0.59
10.27464509010315,1.22,-1.86,-0.59
10.286333799362183,0.46,-1.5,-0.55
10.30768609046936,-0.65,-0.01,0.0
10.307883977890015,-0.65,-0.01,0.0
10.31372594833374,-0.81,0.29,0.36
10.3299880027771,-0.71,0.31,0.56
10.333578824996948,-0.49,0.28,0.57
10.344891786575317,-0.29,0.23,0.4
10.353584051132202,-0.14,0.09,0.06
10.363962888717651,-0.06,-0.16,-0.31
10.374300003051758,-0.1,-0.41,-0.49
10.408207893371582,-0.43,-0.11,-0.16
10.408387899398804,-0.43,-0.11,-0.16
10.408539056777954,-0.43,-0.11,-0.16
10.413505792617798,-0.32,0.23,0.0
10.423466920852661,-0.07,0.48,0.11
10.433286905288696,0.27,0.56,0.18
10.4440758228302,0.66,0.39,0.2
10.453557968139648,1.03,-0.03,0.16
10.46412992477417,1.31,-0.57,0.09
10.473872900009155,1.43,-0.99,0.03
10.50760006904602,0.91,-0.49,0.13
10.507779836654663,0.91,-0.49,0.13
10.507930040359497,0.91,-0.49,0.13
10.51323390007019,0.51,0.1,0.19
10.52309799194336,0.09,0.62,0.22
10.53312087059021,-0.23,0.92,0.16
10.543880939483643,-0.39,1.05,0.05
10.553364038467407,-0.4,1.06,-0.07
10.563649892807007,-0.3,0.99,-0.14
10.573700904846191,-0.12,0.88,-0.17
10.583427906036377,0.09,0.74,-0.16
10.608231782913208,0.48,0.5,-0.08
10.608478784561157,0.48,0.5,-0.08
10.612717866897583,0.54,0.51,-0.06
10.622744798660278,0.46,0.6,-0.11
10.632925987243652,0.34,0.71,-0.21
10.643417119979858,0.28,0.82,-0.29
10.652652025222778,0.28,0.91,-0.33
10.66343903541565,0.23,0.89,-0.33
10.673197984695435,0.08,0.87,-0.27
10.683499097824097,-0.17,0.9,-0.18
10.708114862442017,-0.69,1.12,-0.1
10.708343982696533,-0.69,1.12,-0.1
10.712356805801392,-0.71,1.34,-0.01
10.729103803634644,-0.62,1.26,0.08
10.732290029525757,-0.47,0.97,0.07
10.743894815444946,-0.28,0.6,-0.09
10.752500772476196,-0.02,0.46,-0.36
10.762756109237671,0.4,0.54,-0.49
10.774173974990845,0.71,0.5,-0.51
10.782585859298706,0.67,0.35,-0.45
10.805148839950562,-0.34,0.1,-0.26
10.805331945419312,-0.34,0.1,-0.26
10.81216311454773,-1.03,0.08,-0.16
10.822122812271118,-1.6,0.11,-0.01
10.832186937332153,-1.99,0.01,0.19
10.842756032943726,-2.2,-0.25,0.35
10.852263927459717,-2.15,-0.51,0.45
10.862818002700806,-1.85,-0.67,0.47
10.872373819351196,-1.38,-0.73,0.39
10.905967950820923,-0.35,-1.03,0.17
10.906150102615356,-0.35,-1.03,0.17
10.906308889389038,-0.35,-1.03,0.17
10.91189694404602,-0.36,-0.95,0.2
10.921831846237183,-0.49,-0.74,0.25
10.931921005249023,-0.63,-0.49,0.27
10.942537069320679,-0.72,-0.26,0.25
10.952001810073853,-0.65,-0.1,0.24
10.962471961975098,-0.42,-0.04,0.25
10.972177982330322,-0.11,-0.16,0.26
10.982250928878784,0.11,-0.48,0.21
11.006323099136353,0.17,-1.0,0.06
11.006503820419312,0.17,-1.0,0.06
11.011369943618774,0.11,-0.93,-0.01
11.02154278755188,0.13,-0.67,-0.02
11.03147006034851,0.24,-0.3,0.05
11.042264938354492,0.4,0.02,0.14
11.051753997802734,0.58,0.16,0.18
11.062047958374023,0.77,0.16,0.17
11.071746110916138,0.94,0.08,0.1
11.104750871658325,1.02,-0.06,-0.06
11.104931116104126,1.02,-0.06,-0.06
11.105081796646118,1.02,-0.06,-0.06
11.111183881759644,0.9,-0.05,-0.06
11.121429920196533,0.71,-0.0,-0.04
11.131189107894897,0.48,0.04,0.03
11.14189100265503,0.25,0.03,0.08
11.151314973831177,0.07,0.07,0.08
11.161864995956421,-0.02,0.22,0.08
11.171463966369629,-0.04,0.48,0.07
11.183697938919067,-0.03,0.55,0.07
11.206485986709595,-0.04,0.22,-0.07
11.206662893295288,-0.04,0.22,-0.07
11.210747003555298,-0.07,-0.09,-0.19
11.227850914001465,-0.04,-0.24,-0.25
11.230775117874146,0.11,0.04,-0.14
11.242585897445679,0.34,0.56,0.03
11.250988960266113,0.66,1.02,0.17
11.261114835739136,1.08,1.07,0.28
11.27158808708191,1.58,0.84,0.3
11.2812020778656,2.01,0.55,0.23
11.30508303642273,1.73,-0.39,-0.23
11.305280923843384,1.73,-0.39,-0.23
11.310478925704956,0.93,-0.82,-0.55
11.320643901824951,-0.13,-0.98,-0.72
11.330729961395264,-1.16,-0.74,-0.63
11.34139084815979,-1.95,-0.32,-0.41
11.350811958312988,-2.44,0.01,-0.15
11.361164808273315,-2.6,0.15,0.12
11.37118411064148,-2.42,0.14,0.33
11.381026029586792,-2.01,0.14,0.42
11.403187990188599,-1.0,0.21,0.14
11.403368949890137,-1.0,0.21,0.14
11.410223007202148,-0.61,0.06,-0.18
11.420249938964844,-0.39,-0.28,-0.46
11.430391073226929,-0.35,-0.62,-0.61
11.441504955291748,-0.46,-0.79,-0.54
11.450353860855103,-0.53,-0.62,-0.23
11.460839033126831,-0.54,-0.18,0.19
11.470885038375854,-0.51,0.27,0.59
11.503844976425171,-0.29,0.73,0.63
11.504023790359497,-0.29,0.73,0.63
11.504173994064331,-0.29,0.73,0.63
11.509909868240356,-0.16,0.55,0.36
11.519922971725464,-0.03,0.26,0.13
11.52999496459961,0.1,-0.09,-0.02
11.541218996047974,0.22,-0.38,-0.07
11.550348043441772,0.3,-0.49,-0.04
11.56044888496399,0.37,-0.36,0.04
11.570278882980347,0.43,-0.04,0.12
11.604336023330688,0.73,0.41,0.15
11.604514837265015,0.73,0.41,0.15
11.604665994644165,0.73,0.41,0.15
11.609684944152832,0.89,0.29,0.05
11.619674921035767,1.03,0.16,-0.06
11.629684925079346,1.15,0.08,-0.15
11.640443086624146,1.21,0.06,-0.19
11.649478912353516,1.21,0.1,-0.18
11.660244941711426,1.14,0.17,-0.12
11.670035123825073,1.03,0.28,-0.08
11.680093050003052,0.93,0.37,-0.06
11.70415186882019,0.74,0.38,-0.11
11.70432996749878,0.74,0.38,-0.11
11.709376096725464,0.59,0.26,-0.14
11.719358921051025,0.4,0.1,-0.16
11.729452848434448,0.23,-0.0,-0.1
11.74017596244812,0.11,0.04,0.02
11.74947190284729,0.03,0.12,0.19
11.759702920913696,0.02,0.24,0.35
11.769535779953003,0.09,0.43,0.47
11.779991865158081,0.17,0.64,0.45
11.804848909378052,0.48,0.71,0.12
11.805027961730957,0.48,0.71,0.12
11.808942079544067,0.67,0.42,0.04
11.819154024124146,0.56,-0.04,-0.03
11.829027891159058,0.16,-0.33,-0.06
11.839672803878784,-0.33,-0.35,0.01
11.849264860153198,-0.72,-0.25,0.16
11.859666109085083,-0.94,-0.15,0.35
11.869398832321167,-1.11,-0.11,0.51
11.904587984085083,-1.51,-0.31,0.48
11.904768943786621,-1.51,-0.31,0.48
11.904922008514404,-1.51,-0.31,0.48
11.908562898635864,-1.55,-0.34,0.31
11.918678998947144,-1.57,-0.37,0.13
11.929306983947754,-1.59,-0.39,-0.02
11.938860893249512,-1.59,-0.35,-0.09
11.948883771896362,-1.6,-0.29,-0.08
11.95949912071228,-1.58,-0.22,-0.05
11.968847036361694,-1.42,-0.05,0.03
11.979198932647705,-1.08,0.19,0.15
12.002912998199463,-0.29,0.37,0.27
12.003093957901001,-0.29,0.37,0.27
12.008487939834595,0.08,0.31,0.25
12.018340826034546,0.35,0.18,0.21
12.02844786643982,0.51,0.02,0.17
12.039113998413086,0.55,-0.14,0.14
12.048476934432983,0.51,-0.28,0.12
12.0588858127594,0.42,-0.36,0.1
12.068442106246948,0.3,-0.36,0.06
12.101868867874146,0.04,0.16,-0.03
12.102083921432495,0.04,0.16,-0.03
12.102234125137329,0.04,0.16,-0.03
12.107938051223755,0.04,0.29,-0.02
12.118005990982056,0.14,0.3,-0.02
12.128074884414673,0.28,0.22,-0.05
12.13896894454956,0.44,0.07,-0.11
12.148276090621948,0.6,-0.07,-0.18
12.158745050430298,0.72,-0.18,-0.24
12.168312788009644,0.81,-0.26,-0.28
12.178982019424438,0.88,-0.31,-0.28
12.204270124435425,0.92,-0.11,-0.24
12.2044517993927,0.92,-0.11,-0.24
12.20763611793518,0.9,0.07,-0.19
12.21756386756897,0.9,0.21,-0.16
12.227633953094482,0.95,0.26,-0.11
12.23845100402832,1.01,0.15,-0.09
12.247677087783813,1.01,-0.04,-0.07
12.258341073989868,0.94,-0.24,-0.1
12.267865896224976,0.87,-0.42,-0.13
12.303595781326294,0.85,-0.41,0.05
12.303776025772095,0.85,-0.41,0.05
12.303926944732666,0.85,-0.41,0.05
12.307346105575562,0.57,-0.34,0.18
12.317496061325073,-0.09,-0.23,0.11
12.327330827713013,-0.73,0.11,-0.04
12.3382089138031,-0.94,0.56,-0.2
12.347763776779175,-0.41,0.88,-0.19
12.358290910720825,0.76,0.75,0.0
12.368668794631958,1.86,0.15,0.11
12.40192198753357,1.17,-1.23,-0.23
12.402099847793579,1.17,-1.23,-0.23
12.402249097824097,1.17,-1.23,-0.23
12.407142877578735,0.32,-0.71,-0.13
12.417131900787354,-0.39,-0.17,0.12
12.427316904067993,-0.86,0.07,0.34
12.437099933624268,-1.07,0.01,0.39
12.447757005691528,-1.04,-0.12,0.28
12.457454919815063,-0.88,-0.22,0.04
12.467591047286987,-0.72,-0.32,-0.27
12.479712963104248,-0.6,-0.43,-0.49
12.502972841262817,-0.55,-0.76,-0.59
12.503153085708618,-0.55,-0.76,-0.59
12.506680965423584,-0.69,-0.7,-0.49
12.52471399307251,-0.95,-0.41,-0.32
12.526667833328247,-1.25,-0.02,-0.11
12.540100812911987,-1.46,0.33,0.1
12.546782970428467,-1.49,0.58,0.28
12.556980848312378,-1.33,0.63,0.38
12.56701111793518,-0.99,0.56,0.42
12.577178001403809,-0.5,0.41,0.47
12.602322816848755,0.5,-0.08,0.46
12.602510929107666,0.5,-0.08,0.46
12.606469869613647,0.79,-0.27,0.42
12.616650819778442,0.92,-0.34,0.4
12.626510858535767,0.91,-0.33,0.39
12.636443853378296,0.79,-0.25,0.37
12.646898984909058,0.59,-0.13,0.33
12.65689206123352,0.36,0.08,0.26
12.6666738986969,0.13,0.35,0.19
12.702093839645386,-0.04,0.76,-0.05
12.702276945114136,-0.04,0.76,-0.05
12.702428102493286,-0.04,0.76,-0.05
12.706115007400513,0.11,0.72,-0.1
12.716233015060425,0.31,0.6,-0.16
12.726138830184937,0.56,0.45,-0.21
12.736976861953735,0.8,0.33,-0.26
12.74654507637024,0.96,0.27,-0.28
12.756925821304321,0.97,0.29,-0.32
12.76650881767273,0.86,0.38,-0.33
12.7998788356781,0.47,0.72,-0.24
12.800060033798218,0.47,0.72,-0.24
12.800221920013428,0.47,0.72,-0.24
12.805962800979614,0.4,0.61,-0.18
12.81589388847351,0.22,0.32,-0.14
12.825748920440674,-0.03,0.02,-0.14
12.836618900299072,-0.4,-0.19,-0.25
12.846166849136353,-0.69,-0.14,-0.4
12.856419801712036,-0.59,0.23,-0.44
12.86631989479065,0.01,0.8,-0.32
12.900726079940796,2.42,1.14,0.27
12.900903940200806,2.42,1.14,0.27
12.90105390548706,2.42,1.14,0.27
12.905572891235352,2.51,0.98,0.24
12.915592908859253,1.95,0.7,0.08
12.925639867782593,0.81,0.28,-0.19
12.936217069625854,-0.57,-0.14,-0.42
12.945637941360474,-1.66,-0.37,-0.4
12.956090927124023,-2.37,-0.43,-0.22
12.965817928314209,-2.89,-0.44,-0.02
13.001122951507568,-2.99,0.06,0.42
13.001303911209106,-2.99,0.06,0.42
13.001456022262573,-2.99,0.06,0.42
13.005176782608032,-2.4,0.1,0.41
13.015229940414429,-1.61,-0.03,0.4
13.02522897720337,-0.82,-0.27,0.41
13.035912990570068,-0.2,-0.5,0.41
13.045264959335327,0.23,-0.59,0.41
13.05597996711731,0.44,-0.47,0.43
13.065207958221436,0.45,-0.24,0.48
13.07619595527649,0.32,-0.05,0.52
13.101593971252441,-0.03,0.07,0.53
13.101773977279663,-0.03,0.07,0.53
13.10489010810852,-0.11,0.01,0.56
13.11488389968872,-0.15,-0.16,0.56
13.124936819076538,-0.16,-0.36,0.52
13.135555028915405,-0.12,-0.53,0.44
13.145250082015991,-0.02,-0.64,0.32
13.155626058578491,0.14,-0.67,0.19
13.164881944656372,0.35,-0.67,0.05
13.200783014297485,0.96,-0.66,-0.31
13.20096492767334,0.96,-0.66,-0.31
13.201116800308228,0.96,-0.66,-0.31
13.204614877700806,1.01,-0.56,-0.38
13.214638948440552,0.97,-0.43,-0.4
13.224803924560547,0.85,-0.25,-0.39
13.235151052474976,0.67,-0.13,-0.36
13.244632959365845,0.49,-0.08,-0.34
13.255391836166382,0.35,-0.09,-0.33
13.264364957809448,0.29,-0.12,-0.33
13.299593925476074,0.53,-0.34,-0.37
13.299771070480347,0.53,-0.34,-0.37
13.299921989440918,0.53,-0.34,-0.37
13.30420708656311,0.66,-0.47,-0.34
13.314369916915894,0.84,-0.55,-0.29
13.324419975280762,1.08,-0.59,-0.23
13.334959983825684,1.32,-0.61,-0.2
13.34459900856018,1.39,-0.64,-0.26
13.35480284690857,1.23,-0.67,-0.36
13.36428689956665,0.9,-0.67,-0.49
13.377538919448853,0.59,-0.63,-0.61
13.40259599685669,0.57,-0.23,-0.39
13.40277886390686,0.57,-0.23,-0.39
13.403877973556519,0.56,0.2,-0.14
13.422642946243286,0.24,0.81,-0.05
13.42389702796936,-0.23,1.3,-0.24
13.437675952911377,-0.4,1.45,-0.49
13.443844079971313,-0.26,1.11,-0.58
13.454210996627808,-0.15,0.45,-0.56
13.464234113693237,-0.26,-0.37,-0.47
13.47448182106018,-0.63,-1.06,-0.4
13.499286890029907,-1.52,-0.71,-0.06
13.49946904182434,-1.52,-0.71,-0.06
13.504114866256714,-1.87,-0.28,0.28
13.513674020767212,-1.93,-0.14,0.66
13.523817777633667,-1.66,-0.19,0.87
13.534876108169556,-1.14,-0.26,0.85
13.543983936309814,-0.52,-0.26,0.62
13.554250955581665,0.01,-0.28,0.31
13.563382863998413,0.35,-0.34,0.05
13.597068071365356,0.14,-0.07,0.06
13.597257852554321,0.14,-0.07,0.06
13.597410917282104,0.14,-0.07,0.06
13.603312969207764,-0.16,0.28,0.18
13.613355875015259,-0.36,0.61,0.27
13.6234610080719,-0.39,0.83,0.31
13.63440489768982,-0.25,0.75,0.29
13.643627882003784,0.12,0.44,0.26
13.654084920883179,0.66,0.07,0.28
13.663501977920532,1.17,-0.21,0.33
13.699291944503784,1.37,-0.28,0.32
13.699477910995483,1.37,-0.28,0.32
13.699630975723267,1.37,-0.28,0.32
13.702946901321411,1.06,-0.07,0.27
13.712920904159546,0.68,0.12,0.21
13.723249912261963,0.28,0.25,0.16
13.733650922775269,-0.03,0.37,0.07
13.743300914764404,-0.23,0.47,-0.02
13.75373387336731,-0.33,0.56,-0.11
13.763320922851562,-0.34,0.62,-0.18
13.774195909500122,-0.23,0.6,-0.22
13.799206972122192,0.28,0.47,-0.1
13.799391031265259,0.28,0.47,-0.1
13.802619934082031,0.58,0.37,-0.02
13.82018494606018,0.81,0.31,0.02
13.822650909423828,0.93,0.37,-0.03
13.835115909576416,0.89,0.48,-0.13
13.842574834823608,0.73,0.57,-0.22
13.85287594795227,0.55,0.63,-0.29
13.862789869308472,0.4,0.63,-0.34
13.873106956481934,0.34,0.63,-0.32
13.898116827011108,0.32,0.61,-0.08
13.898299932479858,0.32,0.61,-0.08
13.90239691734314,0.36,0.62,-0.0
13.912506818771362,0.44,0.52,0.03
13.922516107559204,0.57,0.34,-0.01
13.933018922805786,0.67,0.11,-0.07
13.942681074142456,0.58,-0.02,-0.17
13.95294189453125,0.21,0.09,-0.27
13.962352991104126,-0.3,0.46,-0.4
13.97499394416809,-0.64,1.06,-0.4
13.99780797958374,-0.44,1.36,0.1
13.997991800308228,-0.44,1.36,0.1
14.002084016799927,-0.23,0.74,0.26
14.012102842330933,-0.13,-0.0,0.23
14.022217988967896,-0.17,-0.55,0.03
14.032082796096802,-0.26,-0.8,-0.07
14.042536973953247,-0.45,-0.72,-0.02
14.05267596244812,-0.83,-0.46,0.22
14.062138795852661,-1.34,-0.21,0.55
14.075143098831177,-1.7,0.02,0.81
14.098160028457642,-1.57,0.08,0.88
14.098339796066284,-1.57,0.08,0.88
14.101834058761597,-1.23,-0.18,0.75
14.111776113510132,-0.89,-0.54,0.59
14.12206482887268,-0.65,-0.82,0.44
14.132636785507202,-0.55,-0.92,0.36
14.141719102859497,-0.59,-0.81,0.36
14.15251612663269,-0.69,-0.54,0.41
14.16200590133667,-0.78,-0.21,0.46
14.196183919906616,-0.83,0.4,0.38
14.196363925933838,-0.83,0.4,0.38
14.196516990661621,-0.83,0.4,0.38
14.20154595375061,-0.7,0.51,0.37
14.211726903915405,-0.5,0.6,0.41
14.221575021743774,-0.27,0.57,0.46
14.232056856155396,-0.06,0.42,0.45
14.241729021072388,0.12,0.19,0.39
14.252013921737671,0.25,-0.08,0.27
14.261455774307251,0.33,-0.31,0.14
14.274739980697632,0.36,-0.42,0.01
14.299318075180054,0.33,-0.25,-0.13
14.29949688911438,0.33,-0.25,-0.13
14.301133871078491,0.32,-0.1,-0.15
14.31905198097229,0.3,0.02,-0.17
14.321136951446533,0.29,0.06,-0.19
14.334443807601929,0.3,0.03,-0.2
14.340986967086792,0.3,-0.04,-0.23
14.35160493850708,0.31,-0.11,-0.26
14.361112833023071,0.3,-0.16,-0.26
14.371709108352661,0.31,-0.2,-0.23
14.396152973175049,0.34,-0.15,-0.21
14.39633584022522,0.34,-0.15,-0.21
14.400872945785522,0.41,-0.11,-0.24
14.410849809646606,0.48,-0.12,-0.29
14.42093300819397,0.52,-0.15,-0.34
14.430775880813599,0.5,-0.24,-0.36
14.441571950912476,0.38,-0.31,-0.32
14.451283931732178,0.13,-0.4,-0.24
14.460850954055786,-0.17,-0.61,-0.15
14.471543073654175,-0.26,-0.69,-0.06
14.497246026992798,0.57,-0.24,0.1
14.497423887252808,0.57,-0.24,0.1
14.50047492980957,0.83,0.03,0.1
14.51066279411316,0.57,0.23,-0.07
14.520704984664917,-0.07,0.28,-0.39
14.531372785568237,-0.69,0.15,-0.67
14.54085397720337,-0.7,0.35,-0.66
14.55159878730774,-0.03,0.76,-0.42
14.56170392036438,0.78,0.79,-0.27
14.594367980957031,0.34,-1.15,-0.74
14.594550848007202,0.34,-1.15,-0.74
14.594701051712036,0.34,-1.15,-0.74
14.60039496421814,-0.58,-1.06,-0.82
14.610265970230103,-1.37,-0.65,-0.62
14.62036395072937,-1.83,-0.27,-0.28
14.630913019180298,-1.96,-0.14,-0.07
14.640323877334595,-1.77,-0.17,-0.04
14.651083946228027,-1.32,-0.28,-0.13
14.66031002998352,-0.78,-0.41,-0.29
14.670907974243164,-0.31,-0.53,-0.45
14.6962149143219,0.18,-0.58,-0.59
14.696396112442017,0.18,-0.58,-0.59
14.700026988983154,0.28,-0.44,-0.51
14.709882020950317,0.34,-0.26,-0.34
14.719992876052856,0.41,-0.1,-0.16
14.730637788772583,0.5,-0.06,-0.04
14.740251779556274,0.56,-0.11,0.0
14.750618934631348,0.55,-0.19,0.01
14.759912967681885,0.5,-0.2,0.02
14.795387983322144,0.4,-0.05,0.3
14.795573949813843,0.4,-0.05,0.3
14.795759916305542,0.4,-0.05,0.3
14.799737930297852,0.47,-0.07,0.34
14.809632062911987,0.57,-0.15,0.32
14.819732904434204,0.65,-0.26,0.25
14.830293893814087,0.67,-0.31,0.12
14.840025901794434,0.62,-0.23,-0.03
14.850245952606201,0.5,-0.04,-0.18
14.85981297492981,0.37,0.18,-0.29
14.8729088306427,0.3,0.4,-0.35
14.896564960479736,0.29,0.51,-0.37
14.896744012832642,0.29,0.51,-0.37
14.899175882339478,0.3,0.45,-0.37
14.919266939163208,0.3,0.25,-0.38
14.91943907737732,0.3,0.25,-0.38
14.929888010025024,0.29,0.22,-0.38
14.939381837844849,0.29,0.28,-0.37
14.949817895889282,0.31,0.46,-0.34
14.959625959396362,0.38,0.7,-0.36
14.969877004623413,0.47,0.9,-0.38
14.994110822677612,0.41,0.59,-0.33
14.994291067123413,0.41,0.59,-0.33
14.999010801315308,0.19,0.04,-0.38
15.009011030197144,0.02,-0.46,-0.49
15.019102811813354,-0.03,-0.52,-0.68
15.029407978057861,-0.01,0.03,-0.79
15.039211988449097,0.02,1.1,-0.69
15.04950499534607,-0.01,2.11,-0.48
15.058794975280762,-0.12,2.74,-0.29
15.091958999633789,-0.07,1.64,0.01
15.09214186668396,-0.07,1.64,0.01
15.09229588508606,-0.07,1.64,0.01
15.098602056503296,-0.28,0.38,-0.1
15.108693838119507,-0.73,-0.55,-0.12
15.118798971176147,-1.26,-1.12,0.06
15.129332780838013,-1.74,-1.39,0.41
15.138812780380249,-2.06,-1.26,0.95
15.149040937423706,-2.26,-0.97,1.54
15.158756971359253,-2.37,-0.77,1.9
15.192768812179565,-2.01,-0.17,1.08
15.192970991134644,-2.01,-0.17,1.08
15.193136930465698,-2.01,-0.17,1.08
15.198426008224487,-1.49,-0.09,0.77
15.208425998687744,-0.97,-0.22,0.56
15.218449831008911,-0.49,-0.38,0.47
15.229018926620483,-0.03,-0.51,0.48
15.238532781600952,0.39,-0.6,0.56
15.249063968658447,0.75,-0.66,0.63
15.25865912437439,1.03,-0.69,0.64
15.294162034988403,1.41,-0.66,0.41
15.294339895248413,1.41,-0.66,0.41
15.294510126113892,1.41,-0.66,0.41
15.298099994659424,1.34,-0.66,0.33
15.30810284614563,1.16,-0.62,0.29
15.318125009536743,0.86,-0.54,0.29
15.328665971755981,0.49,-0.38,0.3
15.338454961776733,0.13,-0.12,0.29
15.348865985870361,-0.15,0.2,0.24
15.358247995376587,-0.3,0.48,0.17
15.371373891830444,-0.32,0.7,0.07
15.396354913711548,-0.05,0.79,-0.17
15.396538972854614,-0.05,0.79,-0.17
15.397592782974243,0.16,0.78,-0.23
15.407774925231934,0.37,0.73,-0.27
15.417900800704956,0.52,0.65,-0.28
15.427679777145386,0.59,0.53,-0.3
15.438584089279175,0.58,0.37,-0.31
15.447969913482666,0.56,0.19,-0.33
15.457792043685913,0.57,0.07,-0.34
15.47025179862976,0.62,0.04,-0.33
15.494179010391235,0.72,0.17,-0.22
15.49436092376709,0.72,0.17,-0.22
15.497437000274658,0.7,0.31,-0.19
15.50745177268982,0.56,0.38,-0.25
15.517311811447144,0.31,0.37,-0.38
15.528295993804932,0.06,0.34,-0.51
15.53760290145874,-0.06,0.22,-0.57
15.547972917556763,0.11,-0.01,-0.44
15.557552099227905,0.49,-0.17,-0.09
15.594384908676147,0.9,0.39,0.56
15.594566106796265,0.9,0.39,0.56
15.594713926315308,0.9,0.39,0.56
15.596894979476929,0.87,0.85,0.33
15.607150793075562,0.94,1.28,-0.02
15.617164850234985,1.19,1.49,-0.2
15.626890897750854,1.43,1.41,-0.25
15.637573957443237,1.34,0.94,-0.25
15.647563934326172,0.75,0.22,-0.25
15.65728497505188,-0.3,-0.53,-0.25
15.691486120223999,-3.45,-0.58,0.34
15.691669940948486,-3.45,-0.58,0.34
15.691821813583374,-3.45,-0.58,0.34
15.696717977523804,-3.79,-0.23,0.57
15.706898927688599,-3.64,0.14,0.71
15.716816902160645,-3.0,0.29,0.69
15.7274649143219,-2.1,0.14,0.54
15.737018823623657,-1.2,-0.16,0.33
15.747304916381836,-0.52,-0.43,0.15
15.756992101669312,-0.14,-0.6,0.09
15.770082950592041,-0.02,-0.58,0.15
15.79487681388855,-0.14,-0.3,0.42
15.795064926147461,-0.14,-0.3,0.42
15.796437978744507,-0.18,-0.13,0.48
15.817462921142578,-0.12,-0.01,0.37
15.817633867263794,-0.12,-0.01,0.37
15.82731294631958,-0.1,-0.09,0.21
15.836810827255249,-0.13,-0.2,0.05
15.846826791763306,-0.17,-0.23,-0.02
15.85654902458191,-0.21,-0.2,-0.04
15.890741109848022,0.1,0.03,-0.0
15.890920877456665,0.1,0.03,-0.0
15.891088962554932,0.1,0.03,-0.0
15.896152973175049,0.33,0.04,-0.06
15.906151056289673,0.53,0.03,-0.16
15.916209936141968,0.67,0.02,-0.29
15.926555871963501,0.75,-0.0,-0.45
15.936393022537231,0.75,-0.04,-0.58
15.946537971496582,0.68,-0.04,-0.67
15.956363916397095,0.54,-0.02,-0.68
15.966938972473145,0.35,0.03,-0.63
15.993628978729248,0.0,0.15,-0.34
15.99380898475647,0.0,0.15,-0.34
15.995664834976196,-0.1,0.21,-0.19
16.00590205192566,-0.15,0.19,-0.07
16.015933990478516,-0.16,0.16,-0.02
16.025876998901367,-0.14,0.13,-0.06
16.036505937576294,-0.11,0.09,-0.18
16.04610800743103,-0.04,-0.02,-0.3
16.05606484413147,0.06,-0.2,-0.28
16.068426847457886,0.23,-0.19,-0.09
16.09247899055481,0.53,0.58,0.35
16.092687845230103,0.53,0.58,0.35
16.095484972000122,0.44,0.98,0.32
16.105581998825073,0.22,1.21,0.13
16.115473985671997,0.11,1.15,0.01
16.126020908355713,0.12,0.79,-0.03
16.135910987854004,0.08,0.23,-0.07
16.146220922470093,-0.05,-0.37,-0.16
16.155582904815674,-0.26,-0.92,-0.21
16.190122842788696,-1.43,-1.18,0.46
16.190300941467285,-1.43,-1.18,0.46
16.19045090675354,-1.43,-1.18,0.46
16.195162057876587,-1.81,-1.01,0.67
16.20522904396057,-1.95,-0.76,0.76
16.215317964553833,-1.94,-0.5,0.77
16.2258141040802,-1.8,-0.29,0.74
16.235708951950073,-1.58,-0.15,0.72
16.245561838150024,-1.3,-0.05,0.65
16.25559687614441,-1.06,0.01,0.56
16.290147066116333,-0.34,0.14,0.35
16.290326833724976,-0.34,0.14,0.35
16.29047703742981,-0.34,0.14,0.35
16.294858932495117,0.04,0.15,0.22
16.304964780807495,0.54,0.07,0.12
16.315061807632446,1.03,-0.15,0.04
16.32556986808777,1.38,-0.45,-0.05
16.335383892059326,1.49,-0.75,-0.11
16.34521198272705,1.4,-1.04,-0.12
16.354955911636353,1.2,-1.22,-0.09
16.36554503440857,0.93,-1.23,-0.07
16.391166925430298,0.43,-0.65,-0.05
16.391350984573364,0.43,-0.65,-0.05
16.39453101158142,0.28,-0.22,-0.07
16.404902935028076,0.23,0.11,-0.11
16.4146249294281,0.28,0.23,-0.17
16.424583911895752,0.41,0.21,-0.23
16.435099840164185,0.55,0.14,-0.3
16.44496178627014,0.65,0.06,-0.37
16.454591035842896,0.69,0.01,-0.44
16.46514105796814,0.7,-0.02,-0.49
16.487236976623535,0.76,-0.0,-0.47
16.487416982650757,0.76,-0.0,-0.47
16.494337797164917,0.84,-0.01,-0.44
16.504355907440186,0.91,-0.05,-0.41
16.514302015304565,0.93,-0.09,-0.39
16.52479386329651,0.92,-0.08,-0.41
16.534815073013306,0.81,-0.11,-0.48
16.54489302635193,0.65,-0.12,-0.56
16.554434061050415,0.47,-0.14,-0.64
16.5675528049469,0.34,-0.19,-0.67
16.59549593925476,0.59,0.08,-0.27
16.595671892166138,0.59,0.08,-0.27
16.595820903778076,0.59,0.08,-0.27
16.60393977165222,0.53,0.45,-0.23
16.615436792373657,0.43,0.84,-0.27
16.623850107192993,0.42,0.97,-0.41
16.63457489013672,0.74,1.07,-0.43
16.644715070724487,1.29,0.95,-0.35
16.65396809577942,1.65,0.61,-0.28
16.68708109855652,0.08,-0.53,-0.32
16.687262773513794,0.08,-0.53,-0.32
16.68741202354431,0.08,-0.53,-0.32
16.693578004837036,-1.09,-0.49,-0.31
16.703702926635742,-2.22,-0.28,-0.16
16.71395993232727,-3.01,-0.03,0.17
16.724054098129272,-3.4,0.21,0.51
16.734204053878784,-3.36,0.44,0.76
16.74442195892334,-2.89,0.68,0.86
16.753788948059082,-2.1,0.63,0.83
16.76690697669983,-1.22,0.35,0.68
16.79245090484619,0.12,-0.5,0.3
16.792633771896362,0.46,-0.82,0.23
16.79373288154602,0.46,-0.82,0.23
16.81497597694397,0.51,-0.9,0.41
16.815146923065186,0.51,-0.9,0.41
16.823892831802368,0.37,-0.66,0.6
16.833889961242676,0.23,-0.36,0.76
16.84405493736267,0.11,-0.12,0.81
16.853590965270996,0.0,0.0,0.73
16.865888833999634,-0.15,-0.02,0.53
16.891074895858765,-0.53,-0.17,-0.0
16.891252994537354,-0.53,-0.17,-0.0
16.89297890663147,-0.65,-0.13,-0.22
16.903094053268433,-0.68,-0.04,-0.35
16.912898778915405,-0.62,0.09,-0.43
16.923741102218628,-0.47,0.22,-0.49
16.933450937271118,-0.25,0.31,-0.54
16.94368290901184,0.01,0.32,-0.56
16.953412771224976,0.26,0.26,-0.59
16.96657395362854,0.45,0.17,-0.63
16.9910991191864,0.66,-0.04,-0.68
16.99127984046936,0.66,-0.04,-0.68
16.992771863937378,0.68,-0.11,-0.67
17.002769947052002,0.64,-0.21,-0.63
17.012600898742676,0.59,-0.32,-0.58
17.02319598197937,0.55,-0.37,-0.55
17.033323049545288,0.53,-0.32,-0.56
17.043340921401978,0.52,-0.19,-0.57
17.052852869033813,0.45,-0.1,-0.55
17.086789846420288,-0.45,-0.74,-0.35
17.086983919143677,-0.45,-0.74,-0.35
17.087137937545776,-0.45,-0.74,-0.35
17.092217922210693,-0.45,-0.81,-0.38
17.102531909942627,-0.01,-0.38,-0.34
17.112464904785156,0.52,0.28,-0.38
17.12291193008423,0.71,0.52,-0.58
17.132993936538696,0.63,0.42,-0.79
17.143106937408447,0.58,0.02,-0.78
17.152612924575806,0.63,-0.47,-0.59
17.162967920303345,0.6,-0.87,-0.31
17.188023805618286,0.1,-0.89,0.07
17.18820309638977,0.1,-0.89,0.07
17.192012071609497,-0.2,-0.62,0.24
17.202131032943726,-0.5,-0.41,0.46
17.212137937545776,-0.82,-0.44,0.72
17.222543954849243,-1.21,-0.76,0.85
17.232656955718994,-1.63,-1.15,0.79
17.24252486228943,-1.87,-1.26,0.62
17.252200841903687,-1.91,-1.16,0.48
17.28502893447876,-1.38,-0.53,0.5
17.28520703315735,-1.38,-0.53,0.5
17.285370111465454,-1.38,-0.53,0.5
17.291613817214966,-1.17,-0.41,0.5
17.301853895187378,-0.93,-0.33,0.46
17.311872005462646,-0.65,-0.29,0.36
17.3222439289093,-0.32,-0.29,0.21
17.332111120224,0.02,-0.35,0.05
17.34244179725647,0.32,-0.44,-0.08
17.351963996887207,0.49,-0.51,-0.16
17.38577699661255,0.15,-0.27,-0.08
17.385956048965454,0.15,-0.27,-0.08
17.386106967926025,0.15,-0.27,-0.08
17.39133095741272,-0.01,-0.09,-0.04
17.401437044143677,-0.09,0.04,-0.03
17.41143012046814,-0.08,0.11,-0.08
17.421744108200073,0.03,0.1,-0.16
17.431890964508057,0.2,0.06,-0.24
17.442121982574463,0.41,0.05,-0.3
17.45166802406311,0.6,0.06,-0.35
17.464765787124634,0.81,0.1,-0.37
17.489221811294556,1.11,0.28,-0.38
17.489454984664917,1.11,0.28,-0.38
17.491015911102295,1.13,0.34,-0.41
17.501199960708618,1.06,0.32,-0.43
17.510888814926147,0.91,0.31,-0.46
17.521678924560547,0.71,0.32,-0.5
17.53127694129944,0.56,0.34,-0.52
17.54178500175476,0.5,0.37,-0.53
17.55115580558777,0.54,0.42,-0.53
17.587177991867065,0.61,0.14,-0.39
17.587352991104126,0.61,0.14,-0.39
17.58750605583191,0.61,0.14,-0.39
17.590748071670532,0.67,-0.05,-0.43
17.600914001464844,0.92,-0.12,-0.45
17.61172890663147,1.23,0.0,-0.38
17.62095808982849,1.45,0.24,-0.3
17.63159680366516,1.57,0.4,-0.29
17.64134192466736,1.68,0.39,-0.31
17.651319980621338,1.8,0.24,-0.33
17.686755895614624,1.9,-0.04,-0.22
17.686935901641846,1.9,-0.04,-0.22
17.687084913253784,1.9,-0.04,-0.22
17.690396070480347,1.42,0.1,-0.17
17.700621843338013,0.6,0.22,-0.15
17.71112895011902,-0.37,0.4,-0.18
17.72036600112915,-1.21,0.53,-0.18
17.731019973754883,-1.67,0.55,-0.14
17.74111580848694,-1.79,0.41,-0.04
17.751063108444214,-1.66,0.16,0.08
17.78673005104065,-0.91,-0.42,0.09
17.786906957626343,-0.91,-0.42,0.09
17.787060976028442,-0.91,-0.42,0.09
17.790118932724,-0.64,-0.52,-0.08
17.80030393600464,-0.34,-0.57,-0.26
17.8102810382843,-0.22,-0.44,-0.37
17.820626974105835,-0.47,-0.07,-0.37
17.83075499534607,-1.24,0.32,-0.27
17.840672969818115,-2.44,0.68,-0.13
17.85034680366516,-3.72,0.99,0.0
17.863555908203125,-4.51,1.17,0.19
17.887574911117554,-3.85,1.18,0.54
17.887754917144775,-3.85,1.18,0.54
17.889795064926147,-2.55,0.87,0.61
17.899790048599243,-1.0,0.43,0.56
17.909785985946655,0.39,-0.01,0.49
17.920417070388794,1.4,-0.38,0.44
17.93032193183899,2.03,-0.55,0.47
17.940205812454224,2.24,-0.41,0.53
17.950161933898926,2.02,-0.08,0.58
17.963169813156128,1.51,0.32,0.58
17.986872911453247,0.38,1.12,0.42
17.987085103988647,0.38,1.12,0.42
17.98940396308899,0.07,1.37,0.31
17.99963402748108,-0.01,1.45,0.2
18.009762048721313,0.11,1.38,0.13
18.02011799812317,0.37,1.3,0.07
18.030131101608276,0.65,1.28,-0.02
18.039817094802856,0.85,1.34,-0.15
18.04978585243225,0.96,1.4,-0.29
18.062206983566284,1.0,1.46,-0.41
18.08543610572815,1.48,1.55,-0.25
18.085621118545532,1.48,1.55,-0.25
18.08914303779602,1.89,1.34,-0.13
18.09958291053772,2.3,1.04,-0.02
18.10924792289734,2.6,0.8,0.06
18.119887113571167,2.66,0.6,0.02
18.129780054092407,2.48,0.52,-0.14
18.139425039291382,2.12,0.53,-0.33
18.14963412284851,1.64,0.47,-0.51
18.159759998321533,1.2,0.45,-0.65
18.184698820114136,1.06,0.86,-0.56
18.184879064559937,1.06,0.86,-0.56
18.188925981521606,1.21,0.93,-0.38
18.199135065078735,1.27,0.6,-0.22
18.20895290374756,1.16,0.08,-0.13
18.21946692466736,0.83,-0.42,-0.11
18.2294180393219,0.38,-0.73,-0.16
18.23894691467285,0.02,-0.78,-0.16
18.24928307533264,-0.17,-0.77,-0.06
18.261749029159546,-0.24,-0.98,0.1
18.284745931625366,0.08,-1.9,0.59
18.284925937652588,0.08,-1.9,0.59
18.288569927215576,0.18,-2.24,0.79
18.298725843429565,-0.01,-2.3,0.89
18.30859684944153,-0.55,-2.18,0.87
18.319077968597412,-1.44,-1.94,0.68
18.329153776168823,-2.47,-1.51,0.46
18.33877205848694,-3.27,-0.69,0.36
18.34913182258606,-3.64,0.12,0.37
18.35910201072693,-3.51,0.72,0.47
18.38232111930847,-2.03,0.44,0.67
18.382502794265747,-2.03,0.44,0.67
18.3881938457489,-1.01,-0.24,0.66
18.39850687980652,-0.07,-0.88,0.67
18.408328771591187,0.62,-1.3,0.7
18.418834924697876,1.01,-1.41,0.76
18.428881883621216,1.13,-1.29,0.83
18.43882393836975,1.03,-1.02,0.88
18.44869899749756,0.75,-0.67,0.89
18.48716711997986,-0.45,-0.14,0.49
18.487343072891235,-0.57,-0.32,0.28
18.487714052200317,-0.57,-0.32,0.28
18.48882794380188,-0.57,-0.32,0.28
18.49809193611145,-0.45,-0.54,0.19
18.508620977401733,-0.12,-0.76,0.17
18.51793885231018,0.3,-0.87,0.16
18.52884292602539,0.74,-0.81,0.18
18.538336038589478,1.11,-0.68,0.16
18.54857611656189,1.34,-0.56,0.1
18.58423089981079,1.29,-0.25,-0.02
18.584412813186646,1.29,-0.25,-0.02
18.584563970565796,1.29,-0.25,-0.02
18.58756995201111,1.1,-0.05,-0.04
18.597824811935425,0.83,0.17,-0.05
18.607715845108032,0.5,0.32,-0.09
18.61814284324646,0.22,0.35,-0.13
18.628134965896606,0.15,0.28,-0.07
18.63874077796936,0.32,0.18,0.11
18.648329973220825,0.53,0.09,0.31
18.68275809288025,0.25,-0.02,-0.16
18.68294882774353,0.25,-0.02,-0.16
18.683104991912842,0.25,-0.02,-0.16
18.68728804588318,0.07,0.21,-0.41
18.69751286506653,-0.04,0.54,-0.44
18.707370042800903,0.1,0.92,-0.19
18.717880964279175,0.39,1.04,0.16
18.727926015853882,0.55,0.81,0.28
18.737751960754395,0.41,0.12,0.19
18.747736930847168,-0.08,-0.87,-0.02
18.758209943771362,-0.76,-1.61,-0.16
18.78456997871399,-2.0,-1.23,0.22
18.78475308418274,-2.0,-1.23,0.22
18.78693985939026,-2.21,-0.77,0.59
18.797189950942993,-2.0,-0.41,0.87
18.80729389190674,-1.44,-0.21,0.93
18.816867113113403,-0.75,-0.19,0.74
18.827726125717163,-0.16,-0.2,0.43
18.836975812911987,0.2,-0.2,0.15
18.84764790534973,0.25,-0.14,-0.03
18.857589960098267,0.05,-0.01,-0.1
18.8820698261261,-0.78,0.41,-0.03
18.88225483894348,-0.78,0.41,-0.03
18.886667013168335,-1.16,0.61,0.04
18.89688491821289,-1.39,0.7,0.12
18.906606912612915,-1.4,0.66,0.19
18.917284965515137,-1.18,0.53,0.25
18.92708396911621,-0.79,0.33,0.3
18.937068939208984,-0.39,0.11,0.28
18.946868896484375,-0.05,-0.13,0.19
18.95920491218567,0.18,-0.34,0.08
18.98024892807007,0.41,-0.46,-0.11
18.980388879776,0.41,-0.46,-0.11
18.986204862594604,0.41,-0.35,-0.17
18.9964120388031,0.38,-0.2,-0.22
19.00652003288269,0.33,-0.01,-0.26
19.016969919204712,0.26,0.17,-0.31
19.027203798294067,0.2,0.3,-0.38
19.036439895629883,0.14,0.39,-0.44
19.046844005584717,0.12,0.45,-0.49
19.05697798728943,0.15,0.43,-0.53
19.081451892852783,0.26,0.22,-0.56
19.081629991531372,0.26,0.22,-0.56
19.086004972457886,0.33,0.19,-0.52
19.09623098373413,0.41,0.17,-0.45
19.10620903968811,0.58,0.28,-0.4
19.116580963134766,0.85,0.4,-0.4
19.126606941223145,1.17,0.41,-0.47
19.136369943618774,1.39,0.35,-0.57
19.146546125411987,1.49,0.31,-0.64
19.179439783096313,0.88,0.72,-0.53
19.17962098121643,0.88,0.72,-0.53
19.179773092269897,0.88,0.72,-0.53
19.185724020004272,0.6,1.04,-0.43
19.195913076400757,0.53,1.14,-0.33
19.205800771713257,0.62,1.05,-0.33
19.21635890007019,0.8,0.74,-0.42
19.226313829421997,1.04,0.31,-0.59
19.236239910125732,1.2,0.06,-0.68
19.246089935302734,1.11,-0.07,-0.65
19.259086847305298,0.78,-0.05,-0.51
19.284372091293335,-0.18,0.18,0.02
19.28458285331726,-0.18,0.18,0.02
19.28563094139099,-0.63,0.22,0.24
19.295682907104492,-1.09,0.19,0.34
19.305489778518677,-1.59,0.09,0.32
19.31591796875,-2.05,0.02,0.24
19.3260600566864,-2.32,0.0,0.14
19.335543870925903,-2.38,0.11,0.06
19.345993995666504,-2.18,0.31,0.03
19.35600781440735,-1.78,0.43,0.0
19.379663944244385,-0.84,-0.02,-0.13
19.379843950271606,-0.84,-0.02,-0.13
19.385053873062134,-0.42,-0.43,-0.18
19.395230054855347,-0.13,-0.77,-0.18
19.405167818069458,0.08,-0.95,-0.12
19.415705919265747,0.17,-0.96,-0.02
19.42549204826355,0.23,-0.84,0.09
19.435576915740967,0.27,-0.63,0.18
19.445287942886353,0.3,-0.4,0.28
19.45763397216797,0.29,-0.23,0.34
19.481806993484497,0.08,-0.15,0.28
19.48198699951172,0.08,-0.15,0.28
19.484816789627075,-0.04,-0.17,0.23
19.494739770889282,-0.11,-0.17,0.17
19.50472092628479,-0.11,-0.14,0.15
19.514835119247437,-0.02,-0.06,0.17
19.525511026382446,0.16,0.03,0.16
19.534727811813354,0.37,0.09,0.12
19.54543399810791,0.58,0.12,0.06
19.55534291267395,0.73,0.13,-0.01
19.5796799659729,0.87,0.07,-0.15
19.579863786697388,0.87,0.07,-0.15
19.58447003364563,0.89,-0.0,-0.18
19.594630002975464,0.92,-0.07,-0.2
19.60458207130432,0.96,-0.14,-0.19
19.614444971084595,0.99,-0.27,-0.17
19.62519097328186,0.98,-0.41,-0.13
19.63434386253357,0.89,-0.42,-0.08
19.64513397216797,0.71,-0.19,-0.02
19.655353784561157,0.47,0.18,0.08
19.685459852218628,0.16,0.61,0.04
19.685642957687378,0.16,0.61,0.04
19.685792922973633,0.16,0.61,0.04
19.69418978691101,0.43,0.71,0.02
19.704253911972046,0.45,0.1,-0.01
19.71419596672058,0.47,-0.1,-0.15
19.72473406791687,0.28,-0.2,-0.27
19.734251976013184,0.04,-0.15,-0.31
19.744500875473022,0.06,0.19,-0.15
19.754761934280396,0.31,0.72,0.12
19.778157949447632,1.04,1.05,0.8
19.77833890914917,1.04,1.05,0.8
19.78378701210022,1.02,0.73,0.95
19.793975114822388,0.64,0.28,0.72
19.80390691757202,-0.06,-0.2,0.29
19.81377911567688,-0.86,-0.39,-0.03
19.824440956115723,-1.5,-0.17,0.03
19.833650827407837,-1.77,0.12,0.47
19.844542980194092,-1.71,0.25,1.02
19.85433077812195,-1.5,0.19,1.37
19.87945580482483,-1.34,0.02,1.19
19.87963604927063,-1.34,0.02,1.19
19.883522987365723,-1.54,0.11,0.79
19.893626928329468,-1.88,0.28,0.35
19.903488874435425,-2.26,0.44,0.01
19.91343092918396,-2.51,0.62,-0.07
19.924181938171387,-2.45,0.75,0.07
19.93347692489624,-2.13,0.66,0.29
19.943773984909058,-1.61,0.46,0.42
19.953975915908813,-1.06,0.24,0.31
19.97753596305847,-0.22,-0.12,-0.23
19.977714776992798,-0.22,-0.12,-0.23
19.983213901519775,0.04,-0.27,-0.42
19.993387937545776,0.2,-0.4,-0.49
20.00325298309326,0.28,-0.43,-0.49
20.013293027877808,0.33,-0.37,-0.41
20.023952960968018,0.37,-0.28,-0.32
20.033304929733276,0.35,-0.21,-0.25
20.04389786720276,0.27,-0.15,-0.18
20.053919076919556,0.18,-0.07,-0.11
20.079782962799072,0.07,0.07,-0.08
20.079962015151978,0.07,0.07,-0.08
20.082884073257446,0.1,0.06,-0.14
20.093100786209106,0.18,0.0,-0.21
20.10295295715332,0.31,-0.07,-0.3
20.112898111343384,0.47,-0.13,-0.39
20.123625993728638,0.66,-0.15,-0.45
20.132861852645874,0.81,-0.17,-0.48
20.143510103225708,0.83,-0.24,-0.48
20.153602838516235,0.72,-0.27,-0.48
20.17849087715149,0.18,0.12,-0.5
20.178669929504395,0.18,0.12,-0.5
20.18259310722351,-0.19,0.41,-0.55
20.192729949951172,-0.54,0.52,-0.59
20.20267081260681,-0.73,0.55,-0.53
20.212544918060303,-0.69,0.51,-0.31
20.223355054855347,-0.51,0.42,0.01
20.232494115829468,-0.33,0.27,0.36
20.2433021068573,-0.16,0.1,0.57
20.27681589126587,0.63,-0.79,0.39
20.276997804641724,0.63,-0.79,0.39
20.277148008346558,0.63,-0.79,0.39
20.28227996826172,0.67,-1.04,0.29
20.292474031448364,0.48,-1.02,0.18
20.302244901657104,0.03,-0.67,0.06
20.312898874282837,-0.47,-0.09,0.03
20.322884798049927,-0.89,0.28,0.1
20.33274483680725,-1.14,0.38,0.26
20.34291911125183,-1.22,0.27,0.48
20.378497838974,-1.39,-0.11,0.64
20.378679990768433,-1.39,-0.11,0.64
20.378830909729004,-1.39,-0.11,0.64
20.381946802139282,-1.53,-0.14,0.45
20.39206099510193,-1.64,-0.16,0.23
20.402130842208862,-1.61,-0.2,0.06
20.412653923034668,-1.48,-0.31,-0.0
20.422545909881592,-1.31,-0.44,0.03
20.432245016098022,-1.24,-0.41,0.08
20.442723989486694,-1.26,-0.18,0.12
20.476706981658936,-1.27,0.35,0.28
20.476885080337524,-1.27,0.35,0.28
20.477033853530884,-1.27,0.35,0.28
20.481600999832153,-1.06,0.28,0.32
20.491761922836304,-0.76,0.16,0.28
20.501599073410034,-0.4,0.1,0.19
20.511482000350952,-0.04,0.03,0.06
20.522249937057495,0.31,-0.04,-0.05
20.531752824783325,0.62,-0.05,-0.1
20.542248010635376,0.88,0.02,-0.12
20.57576012611389,1.19,0.09,-0.12
20.57593607902527,1.19,0.09,-0.12
20.576095819473267,1.19,0.09,-0.12
20.58137011528015,1.23,-0.14,-0.17
20.59145188331604,1.19,-0.4,-0.25
20.60135006904602,1.09,-0.52,-0.32
20.611922025680542,0.96,-0.48,-0.36
20.62179207801819,0.82,-0.34,-0.38
20.631576776504517,0.7,-0.14,-0.36
20.64199185371399,0.64,0.01,-0.32
20.675687074661255,0.7,-0.21,-0.32
20.675874948501587,0.7,-0.21,-0.32
20.676023960113525,0.7,-0.21,-0.32
20.68094801902771,0.75,-0.63,-0.3
20.691136121749878,0.87,-1.33,-0.3
20.70128083229065,1.1,-2.2,-0.52
20.711995840072632,1.49,-3.01,-1.07
20.72162699699402,2.02,-3.32,-1.75
20.731169939041138,2.48,-3.02,-2.16
20.741782903671265,2.71,-2.23,-2.14
20.75428605079651,2.74,-1.25,-1.72
20.779456853866577,2.06,-0.26,-0.75
20.779643774032593,2.06,-0.26,-0.75
20.78080105781555,1.4,-0.18,-0.54
20.790754079818726,0.63,-0.17,-0.36
20.800822973251343,-0.17,0.09,-0.22
20.810920000076294,-0.78,0.64,-0.17
20.82142186164856,-1.1,1.17,-0.22
20.83051896095276,-1.07,1.56,-0.28
20.841400861740112,-0.83,1.54,-0.26
20.875062942504883,-0.88,-0.1,0.02
20.87524390220642,-0.88,-0.1,0.02
20.87539291381836,-0.88,-0.1,0.02
20.88037896156311,-1.34,-0.4,0.15
20.89068293571472,-1.75,-0.44,0.4
20.90042495727539,-1.97,-0.42,0.74
20.910473108291626,-1.99,-0.33,1.15
20.921088933944702,-1.88,-0.1,1.54
20.930206060409546,-1.76,0.25,1.76
20.941048860549927,-1.65,0.59,1.76
20.951427936553955,-1.58,0.83,1.61
20.976871967315674,-1.37,1.19,1.07
20.97705388069153,-1.37,1.19,1.07
20.98005700111389,-1.1,1.36,0.84
20.990010023117065,-0.68,1.42,0.62
21.00036597251892,-0.19,1.34,0.4
21.010051012039185,0.26,1.1,0.14
21.020766019821167,0.69,0.69,-0.1
21.030030965805054,1.02,0.16,-0.27
21.040884971618652,1.21,-0.24,-0.34
21.074342012405396,0.76,-0.05,0.03
21.07452082633972,0.76,-0.05,0.03
21.07467007637024,0.76,-0.05,0.03
21.079675912857056,0.33,0.27,0.22
21.0899498462677,-0.1,0.53,0.39
21.09978199005127,-0.43,0.81,0.54
21.110400915145874,-0.59,1.11,0.6
21.120260000228882,-0.61,1.33,0.52
21.129937887191772,-0.48,1.3,0.31
21.140622854232788,-0.21,1.12,0.02
21.174826860427856,1.1,0.41,-0.57
21.175008058547974,1.1,0.41,-0.57
21.175168991088867,1.1,0.41,-0.57
21.179625988006592,1.46,0.34,-0.56
21.18963599205017,1.65,0.31,-0.48
21.199533939361572,1.67,0.3,-0.35
21.2101948261261,1.58,0.36,-0.22
21.21983504295349,1.4,0.43,-0.14
21.22960090637207,1.15,0.43,-0.1
21.24034094810486,0.84,0.4,-0.1
21.25260281562805,0.46,0.38,-0.12
21.27797794342041,-0.5,0.26,-0.11
21.27815890312195,-0.5,0.26,-0.11
21.279298067092896,-0.9,0.22,0.02
21.289254903793335,-1.15,0.26,0.17
21.299187898635864,-1.17,0.43,0.28
21.31005311012268,-0.98,0.63,0.32
21.319581985473633,-0.6,0.84,0.21
21.32921004295349,0.03,0.92,-0.01
21.339828968048096,0.74,0.68,-0.29
21.350100994110107,1.28,0.26,-0.6
21.37683606147766,1.23,-0.51,-0.97
21.377015829086304,1.23,-0.51,-0.97
21.378834009170532,0.57,-0.92,-0.99
21.38896679878235,-0.31,-1.17,-0.84
21.39886212348938,-1.19,-1.15,-0.48
21.408859968185425,-1.89,-0.97,-0.03
21.419298887252808,-2.35,-0.79,0.34
21.429466009140015,-2.59,-0.64,0.59
21.439225912094116,-2.65,-0.53,0.65
21.47059392929077,-2.35,-0.21,0.4
21.470721006393433,-2.35,-0.21,0.4
21.470825910568237,-2.35,-0.21,0.4
21.478558778762817,-2.0,0.17,0.42
21.48868489265442,-1.45,0.52,0.44
21.498498916625977,-0.77,0.62,0.36
21.509165048599243,-0.06,0.4,0.18
21.519027948379517,0.58,-0.02,0.01
21.52865695953369,1.08,-0.44,-0.11
21.539160013198853,1.39,-0.76,-0.16
21.550957918167114,1.52,-0.96,-0.14
21.574537992477417,1.28,-0.97,-0.0
21.574721097946167,1.28,-0.97,-0.0
21.578381776809692,1.0,-0.84,0.1
21.58821702003479,0.72,-0.6,0.21
21.59820008277893,0.45,-0.23,0.3
21.608246088027954,0.22,0.17,0.34
21.61901593208313,0.04,0.47,0.33
21.62808585166931,-0.05,0.66,0.25
21.63870096206665,-0.06,0.71,0.13
21.64920401573181,0.01,0.68,-0.0
21.67853093147278,0.67,0.52,-0.17
21.678706884384155,0.67,0.52,-0.17
21.678858995437622,0.67,0.52,-0.17
21.688081979751587,1.0,0.5,-0.11
21.69849991798401,1.33,0.44,-0.09
21.708186864852905,1.67,0.31,-0.17
21.718537092208862,2.02,0.24,-0.37
21.72807812690735,2.42,0.33,-0.63
21.739118814468384,2.89,0.46,-0.91
21.748459100723267,3.39,0.32,-1.13
21.777139902114868,3.88,-2.16,-1.01
21.77754282951355,3.88,-2.16,-1.01
21.77876091003418,3.88,-2.16,-1.01
21.787666082382202,3.32,-2.61,-0.73
21.79755711555481,2.27,-2.35,-0.33
21.807609796524048,1.01,-1.19,0.03
21.818280935287476,-0.2,0.3,0.29
21.82748579978943,-0.97,1.52,0.51
21.8382728099823,-1.1,1.85,0.65
21.847965002059937,-0.75,1.33,0.6
21.87329888343811,0.14,-0.14,-0.03
21.8734769821167,0.14,-0.14,-0.03
21.877230882644653,0.24,0.04,-0.28
21.887420892715454,0.1,0.47,-0.26
21.897196054458618,-0.16,0.69,-0.03
21.907341957092285,-0.47,0.45,0.28
21.91800594329834,-0.86,-0.21,0.63
21.9271137714386,-1.29,-0.83,1.06
21.938005924224854,-1.7,-1.07,1.48
21.947635889053345,-2.0,-0.91,1.73
21.973212003707886,-2.15,-0.13,1.76
21.973392963409424,-2.15,-0.13,1.76
21.97670292854309,-2.03,0.27,1.42
21.9871609210968,-1.78,0.47,0.97
21.99690294265747,-1.4,0.51,0.56
22.006975889205933,-0.98,0.45,0.3
22.017650842666626,-0.61,0.32,0.14
22.02683711051941,-0.36,0.2,0.03
22.037720918655396,-0.2,0.17,0.01
22.071631908416748,0.14,0.49,0.35
22.071810960769653,0.14,0.49,0.35
22.071988821029663,0.14,0.49,0.35
22.076555013656616,0.23,0.53,0.38
22.0867760181427,0.3,0.46,0.22
22.096670866012573,0.33,0.34,-0.04
22.107290029525757,0.3,0.2,-0.33
22.11725878715515,0.19,0.15,-0.6
22.126620054244995,0.06,0.22,-0.77
22.137409925460815,-0.05,0.3,-0.83
22.14909791946411,-0.08,0.38,-0.82
22.171793937683105,0.04,0.39,-0.65
22.171977996826172,0.04,0.39,-0.65
22.17634081840515,0.17,0.31,-0.53
22.186296939849854,0.33,0.19,-0.46
22.196266889572144,0.49,0.08,-0.49
22.20717978477478,0.61,0.04,-0.59
22.21692395210266,0.65,0.1,-0.71
22.226141929626465,0.61,0.2,-0.8
22.237010955810547,0.51,0.28,-0.81
22.24663805961609,0.41,0.29,-0.74
22.271596908569336,0.18,0.26,-0.42
22.271777868270874,0.18,0.26,-0.42
22.275937795639038,0.08,0.54,-0.29
22.28620195388794,-0.03,0.93,-0.24
22.29607081413269,-0.23,1.28,-0.3
22.306659936904907,-0.56,1.41,-0.39
22.316566944122314,-0.86,1.29,-0.47
22.326119899749756,-0.95,1.03,-0.53
22.33670401573181,-0.67,0.76,-0.51
22.372609853744507,1.81,0.1,-0.09
22.37279486656189,1.81,0.1,-0.09
22.372952938079834,1.81,0.1,-0.09
22.37564778327942,2.23,-0.11,-0.14
22.385827779769897,2.14,-0.17,-0.22
22.39566206932068,1.57,-0.13,-0.28
22.405709981918335,0.67,-0.09,-0.27
22.41639494895935,-0.38,-0.17,-0.12
22.42571187019348,-1.45,-0.42,0.1
22.436383962631226,-2.42,-0.69,0.33
22.471045970916748,-3.81,-0.78,0.94
22.471227884292603,-3.81,-0.78,0.94
22.471381902694702,-3.81,-0.78,0.94
22.47533679008484,-3.41,-0.56,1.03
22.485502004623413,-2.59,-0.45,0.99
22.495368003845215,-1.53,-0.48,0.83
22.506091833114624,-0.43,-0.68,0.58
22.51604390144348,0.49,-0.97,0.27
22.525469064712524,1.12,-1.17,-0.03
22.5360209941864,1.46,-1.25,-0.25
22.57162594795227,1.04,-0.69,-0.34
22.571805000305176,1.04,-0.69,-0.34
22.571980953216553,1.04,-0.69,-0.34
22.57500386238098,0.53,-0.39,-0.24
22.585211038589478,-0.03,-0.16,-0.11
22.594952821731567,-0.54,-0.02,0.03
22.60517382621765,-0.95,0.06,0.18
22.615737915039062,-1.19,0.14,0.29
22.62492299079895,-1.26,0.19,0.35
22.635730981826782,-1.15,0.21,0.37
22.645751953125,-0.88,0.24,0.34
22.67242980003357,-0.06,0.19,0.15
22.67261791229248,-0.06,0.19,0.15
22.674683809280396,0.37,0.13,0.02
22.68490695953369,0.75,0.09,-0.07
22.694788932800293,1.04,0.11,-0.11
22.704770803451538,1.22,0.12,-0.1
22.71543598175049,1.29,0.11,-0.11
22.724775075912476,1.3,0.06,-0.15
22.735360860824585,1.26,-0.04,-0.2
22.745513916015625,1.22,-0.09,-0.24
22.773011922836304,1.05,0.14,-0.25
22.77320885658264,1.05,0.14,-0.25
22.774467945098877,0.83,0.4,-0.2
22.784852981567383,0.52,0.63,-0.16
22.794366121292114,0.15,0.76,-0.14
22.80453610420227,-0.18,0.75,-0.17
22.81502389907837,-0.43,0.53,-0.16
22.824273824691772,-0.6,0.18,0.04
22.83501100540161,-0.87,-0.09,0.37
22.84489393234253,-1.3,-0.05,0.62
22.87090802192688,-2.18,0.86,0.26
22.87103796005249,-2.18,0.86,0.26
22.873878002166748,-2.1,1.09,-0.03
22.88430380821228,-1.46,1.0,-0.04
22.8940908908844,-0.46,0.53,0.12
22.904155015945435,0.48,-0.35,0.11
22.914652109146118,0.93,-1.04,-0.17
22.924060106277466,0.74,-1.31,-0.52
22.93468999862671,-0.09,-1.08,-0.74
22.944839000701904,-1.25,-0.45,-0.75
22.971908807754517,-3.34,0.44,-0.24
22.972091913223267,-3.34,0.44,-0.24
22.973750829696655,-4.06,0.35,0.06
22.983792066574097,-4.45,0.1,0.25
22.993820905685425,-4.33,0.03,0.48
23.0038321018219,-3.76,0.07,0.73
23.014534950256348,-2.91,0.16,0.84
23.024033784866333,-1.9,-0.03,0.75
23.034241914749146,-0.91,-0.58,0.43
23.044144868850708,-0.18,-1.22,-0.09
23.06764578819275,0.34,-1.71,-0.82
23.067771911621094,0.34,-1.71,-0.82
23.07322382926941,0.3,-1.31,-0.85
23.083610773086548,0.14,-0.7,-0.7
23.093509912490845,0.01,-0.13,-0.41
23.103533029556274,-0.04,0.11,-0.09
23.114008903503418,0.01,0.13,0.12
23.123203992843628,0.17,0.15,0.22
23.13402795791626,0.43,0.26,0.3
23.16798710823059,1.43,-0.08,0.29
23.168115854263306,1.43,-0.08,0.29
23.16822099685669,1.43,-0.08,0.29
23.172992944717407,1.57,-0.21,0.16
23.202050924301147,1.59,-0.15,0.02
23.20618987083435,1.47,0.4,-0.09
23.207502126693726,1.47,0.4,-0.09
23.216919898986816,1.36,0.58,-0.1
23.223284006118774,1.28,0.5,-0.09
23.232784032821655,1.2,0.21,-0.06
23.24311089515686,1.02,-0.12,0.02
23.253705978393555,0.73,-0.23,0.12
23.262654066085815,0.34,-0.07,0.24
23.273278951644897,-0.02,0.25,0.37
23.283493995666504,-0.19,0.73,0.5
23.293203115463257,-0.09,1.03,0.65
23.303087949752808,0.15,1.07,0.73
23.312888860702515,0.42,0.96,0.7
23.322576999664307,0.6,0.76,0.58
23.333714962005615,0.66,0.41,0.49
23.344146966934204,0.6,-0.14,0.55
23.377458810806274,0.19,-0.88,0.96
23.37763810157776,0.19,-0.88,0.96
23.377787828445435,0.19,-0.88,0.96
23.382470846176147,0.1,-0.39,1.04
23.392566919326782,0.01,0.06,1.15
23.40310311317444,-0.16,0.25,1.16
23.4130117893219,-0.35,0.15,1.06
23.422693967819214,-0.53,0.08,0.88
23.433258771896362,-0.69,0.17,0.67
23.46899700164795,-1.03,0.45,0.43
23.469178915023804,-1.03,0.45,0.43
23.469329118728638,-1.03,0.45,0.43
23.472223043441772,-1.13,0.36,0.43
23.482378005981445,-1.19,0.01,0.49
23.49211096763611,-1.19,-0.41,0.63
23.502804040908813,-1.06,-0.65,0.75
23.512850046157837,-0.84,-0.72,0.75
23.52264380455017,-0.54,-0.67,0.72
23.53295588493347,-0.19,-0.71,0.65
23.542357921600342,0.1,-0.83,0.46
23.568582773208618,0.41,-1.16,-0.16
23.568711042404175,0.41,-1.16,-0.16
23.571630001068115,0.42,-1.17,-0.38
23.58197808265686,0.32,-0.88,-0.46
23.59200692176819,0.15,-0.46,-0.39
23.601969957351685,-0.03,-0.14,-0.22
23.6124370098114,-0.2,0.01,-0.05
23.622185945510864,-0.31,-0.02,0.03
23.632383108139038,-0.35,-0.11,0.02
23.665628910064697,0.0,-0.21,-0.32
23.66580605506897,0.0,-0.21,-0.32
23.66595482826233,0.0,-0.21,-0.32
23.67157483100891,0.21,-0.12,-0.39
23.68169093132019,0.41,0.01,-0.43
23.69158911705017,0.65,0.18,-0.43
23.702175855636597,0.88,0.37,-0.4
23.71204400062561,1.06,0.55,-0.39
23.721951007843018,1.15,0.64,-0.39
23.73204493522644,1.18,0.58,-0.4
23.741605043411255,1.15,0.44,-0.5
23.765013933181763,1.04,0.59,-0.75
23.765144109725952,1.04,0.59,-0.75
23.771110773086548,0.94,0.64,-0.76
23.781487941741943,0.75,0.43,-0.74
23.791296005249023,0.67,0.3,-0.62
23.801461935043335,0.65,0.05,-0.37
23.81268286705017,0.66,-0.26,-0.12
23.821289777755737,0.56,-0.44,-0.02
23.831790924072266,0.37,-0.52,0.07
23.84156584739685,0.18,-0.18,0.1
23.867742776870728,-0.1,1.18,-0.22
23.867925882339478,-0.1,1.18,-0.22
23.87094807624817,-0.34,1.41,-0.47
23.88107180595398,-0.52,1.68,-0.77
23.89106011390686,-0.66,1.82,-0.92
23.901818990707397,-0.69,1.92,-0.85
23.911427974700928,-0.63,2.03,-0.54
23.92129397392273,-0.47,1.72,-0.23
23.93155312538147,-0.34,0.59,-0.14
23.941566944122314,-0.61,-0.62,-0.18
23.96714496612549,-2.48,-0.34,-0.36
23.96727204322815,-2.48,-0.34,-0.36
23.970566034317017,-3.2,0.56,-0.23
23.980803966522217,-3.35,1.0,0.19
23.990570783615112,-2.97,0.87,0.64
24.000675916671753,-2.45,0.23,0.83
24.01188898086548,-2.01,-0.29,0.65
24.020941019058228,-1.65,-0.53,0.32
24.031119108200073,-1.33,-0.59,0.12
24.040690898895264,-0.91,-0.53,0.07
24.063477993011475,0.3,-0.42,0.21
24.063606023788452,0.3,-0.42,0.21
24.070421934127808,0.74,-0.25,0.21
24.080410957336426,0.97,-0.08,0.19
