Date;Timestamp;DeviceOrientation;GyroscopeX;GyroscopeY;GyroscopeZ;Label
2020-12-02 10:35:33;1606876533.372055;faceUp;-0.10174154490232468;-0.49155375361442566;0.03206126391887665;
2020-12-02 10:35:33;1606876533.3793201;faceUp;-0.07886604964733124;-0.4625205099582672;0.07964316010475159;
2020-12-02 10:35:33;1606876533.3820949;faceUp;0.10834671556949615;-0.18442364037036896;0.15262523293495178;
2020-12-02 10:35:33;1606876533.416381;faceUp;0.19456389546394348;-0.01438373327255249;0.16482996940612793;
2020-12-02 10:35:33;1606876533.476131;faceUp;0.16395404934883118;-0.1710047721862793;0.04355466738343239;
2020-12-02 10:35:33;1606876533.521072;faceUp;0.10071808844804764;-0.2881423234939575;-0.27797970175743103;
2020-12-02 10:35:33;1606876533.576854;faceUp;0.025549568235874176;-0.05049220100045204;-0.4072692394256592;
2020-12-02 10:35:33;1606876533.619127;faceUp;0.2514684498310089;0.329468697309494;-0.46824657917022705;
2020-12-02 10:35:33;1606876533.677671;faceUp;0.05091617628931999;-0.6832882761955261;-0.4475279748439789;
2020-12-02 10:35:33;1606876533.725873;faceUp;-0.1380758434534073;-0.09268972277641296;0.08624061197042465;
2020-12-02 10:35:33;1606876533.778063;faceUp;0.3511795997619629;-1.0368725061416626;-0.18375597894191742;
2020-12-02 10:35:33;1606876533.8255281;faceUp;0.505757749080658;-1.4152610301971436;-0.2953019440174103;
2020-12-02 10:35:33;1606876533.87873;faceUp;0.20386818051338196;-1.3969651460647583;-0.8796181082725525;
2020-12-02 10:35:33;1606876533.92628;faceUp;-0.3635598421096802;-0.7246285676956177;-0.589150607585907;
2020-12-02 10:35:33;1606876533.979385;faceUp;-0.13843697309494019;-1.658061146736145;-0.3108212649822235;
2020-12-02 10:35:33;1606876534.0195398;faceUp;-0.47194036841392517;-1.7500635385513306;-0.4107454717159271;
2020-12-02 10:35:33;1606876534.07997;faceUp;-0.8084408640861511;-0.6254540085792542;-0.8183265328407288;
2020-12-02 10:35:33;1606876534.128138;faceUp;-1.199967861175537;-0.11915941536426544;-1.0551396608352661;
2020-12-02 10:35:33;1606876534.180688;faceUp;-1.2849845886230469;0.21550992131233215;-0.357259064912796;
2020-12-02 10:35:33;1606876534.229007;faceUp;-0.7469386458396912;-0.25412842631340027;-0.3772745728492737;
2020-12-02 10:35:33;1606876534.281112;faceUp;-0.580407977104187;-0.8874619603157043;-0.7409569025039673;
2020-12-02 10:35:33;1606876534.329833;faceUp;-1.1441160440444946;-0.8734387755393982;-0.4828316271305084;
2020-12-02 10:35:33;1606876534.3820019;faceUp;-1.5850244760513306;-0.044667601585388184;-0.15369874238967896;
2020-12-02 10:35:33;1606876534.4301891;faceUp;-2.0809226036071777;-0.09626954793930054;-0.044804755598306656;
2020-12-02 10:35:33;1606876534.482368;faceUp;-1.5659147500991821;-0.8385159969329834;-0.41254469752311707;
2020-12-02 10:35:33;1606876534.5312362;faceUp;-0.872104287147522;-1.0289809703826904;-0.4011301100254059;
2020-12-02 10:35:33;1606876534.583218;faceUp;-1.1496546268463135;-0.06897800415754318;-0.2507408857345581;
2020-12-02 10:35:33;1606876534.6318789;faceUp;-0.966550886631012;0.11744966357946396;-0.03550180047750473;
2020-12-02 10:35:33;1606876534.683624;faceUp;0.5261873602867126;0.2866802215576172;-0.25591593980789185;
2020-12-02 10:35:33;1606876534.726454;faceUp;2.088336229324341;-0.4802350401878357;-0.7686359286308289;
2020-12-02 10:35:33;1606876534.8155541;faceUp;1.1964002847671509;-0.45482689142227173;-0.6262324452400208;
2020-12-02 10:35:33;1606876534.874909;faceUp;0.09194163978099823;-0.7520135641098022;-0.06697184592485428;
2020-12-02 10:35:33;1606876534.9169168;faceUp;-1.2545603513717651;-1.5096701383590698;-0.5283847451210022;
2020-12-02 10:35:33;1606876534.975863;faceUp;-2.114361047744751;-1.7079850435256958;-0.42459627985954285;
2020-12-02 10:35:33;1606876535.016656;faceUp;-2.9935483932495117;-2.237640857696533;-0.2199949473142624;
2020-12-02 10:35:33;1606876535.076582;faceUp;-2.898165702819824;-2.037764310836792;-0.6021891832351685;
2020-12-02 10:35:33;1606876535.116764;faceUp;-2.614694833755493;-1.3170939683914185;-1.712154507637024;
2020-12-02 10:35:33;1606876535.176878;faceUp;-2.1781747341156006;-1.1599597930908203;-2.4062340259552;
2020-12-02 10:35:33;1606876535.217795;faceUp;-0.9944227337837219;-0.4448549449443817;-2.954071283340454;
2020-12-02 10:35:33;1606876535.277386;faceUp;0.6514968276023865;0.09193471819162369;-4.229717254638672;
2020-12-02 10:35:33;1606876535.320152;faceUp;2.3286499977111816;-0.2754688560962677;-4.226370334625244;
2020-12-02 10:35:33;1606876535.37818;faceUp;2.194753408432007;-1.0063276290893555;-4.4108428955078125;
2020-12-02 10:35:33;1606876535.420759;faceUp;1.824284553527832;1.04648756980896;-5.061099529266357;
2020-12-02 10:35:33;1606876535.479175;faceUp;3.016035318374634;1.3790881633758545;-5.556482315063477;
2020-12-02 10:35:33;1606876535.519298;faceUp;5.5725483894348145;1.9706007242202759;-6.205190658569336;
2020-12-02 10:35:33;1606876535.5793772;faceUp;6.661316394805908;1.0402027368545532;-6.1714186668396;
2020-12-02 10:35:33;1606876535.6199222;faceUp;4.879454135894775;-1.0284558534622192;-5.499174118041992;
2020-12-02 10:35:33;1606876535.680084;faceUp;2.5079591274261475;-1.5503523349761963;-3.7945778369903564;
2020-12-02 10:35:33;1606876535.720448;faceUp;1.624200463294983;-1.228642225265503;-2.253394365310669;
2020-12-02 10:35:33;1606876535.780896;faceUp;2.684596538543701;0.23262205719947815;1.2095690965652466;
2020-12-02 10:35:33;1606876535.821419;faceUp;3.13674259185791;-1.3186818361282349;2.781637668609619;
2020-12-02 10:35:33;1606876535.882283;faceUp;0.11872158944606781;-2.189626693725586;2.7346255779266357;
2020-12-02 10:35:33;1606876535.9217548;faceUp;-3.4466328620910645;-2.310269594192505;6.815737247467041;
2020-12-02 10:35:33;1606876535.9820719;faceUp;-4.248115062713623;-1.816434621810913;8.328079223632812;
2020-12-02 10:35:33;1606876536.024117;faceUp;-3.2773537635803223;-3.1000540256500244;9.056755065917969;
2020-12-02 10:35:33;1606876536.0827851;faceUp;-0.5889660716056824;-1.994206428527832;8.898493766784668;
2020-12-02 10:35:33;1606876536.127043;faceUp;0.9147747755050659;-0.0485110767185688;7.479863166809082;
2020-12-02 10:35:33;1606876536.1835089;faceUp;0.7384639382362366;2.451677083969116;7.258116722106934;
2020-12-02 10:35:33;1606876536.227374;faceUp;-0.726556658744812;3.3265740871429443;6.380115032196045;
2020-12-02 10:35:33;1606876536.283735;faceUp;0.4036715626716614;1.1949704885482788;3.782719135284424;
2020-12-02 10:35:33;1606876536.327532;faceUp;3.9688286781311035;-1.8101156949996948;-2.222036838531494;
2020-12-02 10:35:33;1606876536.3891969;faceUp;3.3171145915985107;-0.6746849417686462;-5.875368118286133;
2020-12-02 10:35:33;1606876536.429163;faceUp;3.938889265060425;-0.21230188012123108;-8.486824035644531;
2020-12-02 10:35:33;1606876536.4892879;faceUp;5.330742835998535;-0.9398095607757568;-10.093369483947754;
2020-12-02 10:35:33;1606876536.52936;faceUp;5.649343013763428;-1.5157511234283447;-10.430184364318848;
2020-12-02 10:35:33;1606876536.58586;faceUp;5.139749526977539;0.01913507841527462;-9.033049583435059;
2020-12-02 10:35:33;1606876536.62656;faceUp;3.514033317565918;-0.21607637405395508;-4.398275375366211;
2020-12-02 10:35:33;1606876536.686383;faceUp;2.5994606018066406;-0.4775135815143585;-0.16124747693538666;
2020-12-02 10:35:33;1606876536.730201;faceUp;-0.2339898645877838;0.61478191614151;0.19688430428504944;
2020-12-02 10:35:33;1606876536.786933;faceUp;-4.9586873054504395;-0.7184897065162659;4.062850475311279;
2020-12-02 10:35:33;1606876536.831081;faceUp;-4.000887870788574;-3.1616175174713135;7.945937156677246;
2020-12-02 10:35:33;1606876536.8881001;faceUp;-2.100351333618164;-2.7569074630737305;9.390908241271973;
2020-12-02 10:35:33;1606876536.931728;faceUp;-3.1201488971710205;0.5637480616569519;8.514962196350098;
2020-12-02 10:35:33;1606876536.98811;faceUp;-5.3500800132751465;3.0264554023742676;6.615372180938721;
2020-12-02 10:35:33;1606876537.031044;faceUp;-4.421364784240723;3.321739435195923;6.329599857330322;
2020-12-02 10:35:33;1606876537.0889559;faceUp;-1.4466400146484375;-1.6014207601547241;6.355433940887451;
2020-12-02 10:35:33;1606876537.131597;faceUp;0.7108868956565857;1.9223228693008423;2.678032398223877;
2020-12-02 10:35:33;1606876537.1895561;faceUp;0.2033533900976181;0.47651195526123047;-1.454455852508545;
2020-12-02 10:35:33;1606876537.232444;faceUp;2.4226138591766357;4.3249592781066895;-4.183119297027588;
2020-12-02 10:35:33;1606876537.290262;faceUp;5.525306224822998;4.222082614898682;-7.053836822509766;
2020-12-02 10:35:33;1606876537.330549;faceUp;6.9735822677612305;3.4114527702331543;-7.580086708068848;
2020-12-02 10:35:33;1606876537.3907561;faceUp;6.382755756378174;0.8149936199188232;-6.6135101318359375;
2020-12-02 10:35:33;1606876537.4316912;faceUp;4.578174114227295;-1.5271929502487183;-6.370204448699951;
2020-12-02 10:35:33;1606876537.491391;faceUp;2.9254350662231445;-1.8359379768371582;-6.196116924285889;
2020-12-02 10:35:33;1606876537.532371;faceUp;1.389599323272705;-0.5540392398834229;-5.0417160987854;
2020-12-02 10:35:33;1606876537.592177;faceUp;0.04952121526002884;1.2290743589401245;-3.542750597000122;
2020-12-02 10:35:33;1606876537.632409;faceUp;-0.24505609273910522;2.3500401973724365;-1.4204424619674683;
2020-12-02 10:35:33;1606876537.692718;faceUp;0.9935497641563416;1.8137668371200562;0.7302020192146301;
2020-12-02 10:35:33;1606876537.733593;faceUp;0.8034389615058899;-3.2240536212921143;2.884603500366211;
2020-12-02 10:35:33;1606876537.79326;faceUp;-0.8405548930168152;-1.9353153705596924;5.310935974121094;
2020-12-02 10:35:33;1606876537.83373;faceUp;-1.9902348518371582;-3.09352970123291;7.1106061935424805;
2020-12-02 10:35:33;1606876537.89415;faceUp;-2.0444209575653076;-4.082192897796631;7.619566440582275;
2020-12-02 10:35:33;1606876537.9388108;faceUp;-2.904656171798706;-4.344850063323975;6.9049973487854;
2020-12-02 10:35:33;1606876537.9961329;faceUp;-3.759913444519043;-0.5673350691795349;7.171708106994629;
2020-12-02 10:35:33;1606876538.039612;faceUp;-2.7889797687530518;-2.605870246887207;8.086841583251953;
2020-12-02 10:35:33;1606876538.0976;faceUp;-0.10491949319839478;0.20758993923664093;6.177034854888916;
2020-12-02 10:35:33;1606876538.1391358;faceUp;1.5570882558822632;1.894073486328125;0.5278811454772949;
2020-12-02 10:35:33;1606876538.199651;faceUp;3.948624610900879;4.537997722625732;-4.737861156463623;
2020-12-02 10:35:33;1606876538.239911;faceUp;7.42193078994751;4.437374114990234;-6.421590805053711;
2020-12-02 10:35:33;1606876538.297477;faceUp;10.297470092773438;5.046570301055908;-7.4974493980407715;
2020-12-02 10:35:33;1606876538.336962;faceUp;10.538140296936035;3.690164089202881;-7.321146488189697;
2020-12-02 10:35:33;1606876538.397186;faceUp;5.647926330566406;1.96536123752594;-5.587396144866943;
2020-12-02 10:35:33;1606876538.437508;faceUp;0.7427758574485779;0.0529918447136879;-3.683424711227417;
2020-12-02 10:35:33;1606876538.497666;faceUp;1.4783753156661987;1.2637746334075928;-0.775945246219635;
2020-12-02 10:35:33;1606876538.538121;faceUp;5.2773213386535645;0.8048698306083679;2.6496500968933105;
2020-12-02 10:35:33;1606876538.598384;faceUp;2.299602508544922;-0.31532731652259827;-0.9228436350822449;
2020-12-02 10:35:33;1606876538.638873;faceUp;-5.566547870635986;-2.765732526779175;1.421269416809082;
2020-12-02 10:35:33;1606876538.698968;faceUp;-5.516570568084717;-5.113072395324707;5.848676681518555;
2020-12-02 10:35:33;1606876538.739942;faceUp;-1.5733641386032104;-6.302720069885254;7.708911895751953;
2020-12-02 10:35:33;1606876538.800274;faceUp;1.3479701280593872;-3.011618137359619;9.336187362670898;
2020-12-02 10:35:33;1606876538.843701;faceUp;0.46432745456695557;-1.0315594673156738;9.950276374816895;
2020-12-02 10:35:33;1606876538.900257;faceUp;-1.943632960319519;1.7068010568618774;9.756335258483887;
2020-12-02 10:35:33;1606876538.946235;faceUp;-3.374314308166504;4.133047103881836;7.974259376525879;
2020-12-02 10:35:33;1606876539.001066;faceUp;-3.441016435623169;3.02422833442688;5.03911828994751;
2020-12-02 10:35:33;1606876539.046726;faceUp;-1.2183314561843872;-1.5514873266220093;1.9558178186416626;
2020-12-02 10:35:33;1606876539.101466;faceUp;1.929498314857483;0.30191245675086975;-2.1457581520080566;
2020-12-02 10:35:33;1606876539.147357;faceUp;4.3663649559021;0.5551398992538452;-7.217774868011475;
2020-12-02 10:35:33;1606876539.207;faceUp;5.0317182540893555;-0.6882535219192505;-9.752531051635742;
2020-12-02 10:35:33;1606876539.247738;faceUp;3.8167152404785156;0.8887972235679626;-10.137728691101074;
2020-12-02 10:35:33;1606876539.307749;faceUp;4.057956695556641;2.2167725563049316;-10.501343727111816;
2020-12-02 10:35:33;1606876539.343431;faceUp;4.941813945770264;3.3160102367401123;-9.261507987976074;
2020-12-02 10:35:33;1606876539.4061441;faceUp;3.6500649452209473;2.8635969161987305;-5.435720443725586;
2020-12-02 10:35:33;1606876539.4461432;faceUp;1.80988609790802;2.796902656555176;-0.4339359998703003;
2020-12-02 10:35:33;1606876539.508723;faceUp;0.4132906496524811;2.426015615463257;-0.6663452982902527;
2020-12-02 10:35:33;1606876539.547924;faceUp;-4.398596286773682;-1.1993141174316406;1.2633109092712402;
2020-12-02 10:35:33;1606876539.606622;faceUp;-4.767477035522461;-5.277561664581299;5.212425708770752;
2020-12-02 10:35:33;1606876539.647071;faceUp;-1.99061119556427;-5.522062301635742;6.359662055969238;
2020-12-02 10:35:33;1606876539.706441;faceUp;-0.9789329767227173;-5.162633419036865;7.608001708984375;
2020-12-02 10:35:33;1606876539.748817;faceUp;-1.5664396286010742;0.32130879163742065;9.768533706665039;
2020-12-02 10:35:33;1606876539.809461;faceUp;-2.5980467796325684;0.7135093212127686;8.654755592346191;
2020-12-02 10:35:33;1606876539.8498778;faceUp;-2.8039143085479736;1.5486574172973633;6.20180082321167;
2020-12-02 10:35:33;1606876539.906622;faceUp;-2.932215929031372;2.302255868911743;4.875932693481445;
2020-12-02 10:35:33;1606876539.950608;faceUp;-1.480233073234558;0.7803128361701965;2.9875714778900146;
2020-12-02 10:35:33;1606876540.007152;faceUp;1.129727840423584;0.20932473242282867;-1.3592276573181152;
2020-12-02 10:35:33;1606876540.0511231;faceUp;3.809282064437866;2.258697986602783;-6.086940288543701;
2020-12-02 10:35:33;1606876540.111412;faceUp;5.963099479675293;1.417082667350769;-8.389162063598633;
2020-12-02 10:35:33;1606876540.151861;faceUp;6.292568683624268;1.8351168632507324;-9.81591510772705;
2020-12-02 10:35:33;1606876540.208462;faceUp;6.772028923034668;3.081415891647339;-9.971229553222656;
2020-12-02 10:35:33;1606876540.248876;faceUp;6.27531623840332;3.004342794418335;-7.891883850097656;
2020-12-02 10:35:33;1606876540.30913;faceUp;2.7637219429016113;-0.4824017882347107;-3.578627824783325;
2020-12-02 10:35:33;1606876540.350165;faceUp;2.873976469039917;-0.23203402757644653;1.1850552558898926;
2020-12-02 10:35:33;1606876540.4098392;faceUp;4.217041015625;1.6540979146957397;3.7157368659973145;
2020-12-02 10:35:33;1606876540.451833;faceUp;-2.7522847652435303;-0.96429443359375;2.958181619644165;
2020-12-02 10:35:33;1606876540.5103788;faceUp;-6.6993842124938965;-1.5856205224990845;3.9209115505218506;
2020-12-02 10:35:33;1606876540.55075;faceUp;-6.777621269226074;-2.1718850135803223;5.89448881149292;
2020-12-02 10:35:33;1606876540.611547;faceUp;-4.525458335876465;-6.107100963592529;6.665831565856934;
2020-12-02 10:35:33;1606876540.65665;faceUp;-0.9313575029373169;-4.107463836669922;7.512311935424805;
2020-12-02 10:35:33;1606876540.711769;faceUp;0.8770015835762024;-0.831762969493866;8.138984680175781;
2020-12-02 10:35:33;1606876540.757463;faceUp;1.104096531867981;3.44907283782959;8.857300758361816;
2020-12-02 10:35:33;1606876540.817491;faceUp;-0.8478381037712097;2.4996697902679443;7.146852493286133;
2020-12-02 10:35:33;1606876540.8586621;faceUp;0.12012933939695358;0.9731446504592896;3.5149333477020264;
2020-12-02 10:35:33;1606876540.912864;faceUp;1.511612892150879;-0.5179914832115173;-2.4575114250183105;
2020-12-02 10:35:33;1606876540.958092;faceUp;1.1018704175949097;-0.3896108865737915;-5.596205711364746;
2020-12-02 10:35:33;1606876541.0137;faceUp;2.304626703262329;-0.4021437168121338;-7.956749439239502;
2020-12-02 10:35:33;1606876541.061532;faceUp;4.9912214279174805;0.1739286482334137;-10.663775444030762;
2020-12-02 10:35:33;1606876541.1177912;faceUp;5.980287075042725;0.9304879903793335;-11.515681266784668;
2020-12-02 10:35:33;1606876541.156523;faceUp;4.589010715484619;1.0999866724014282;-9.649824142456055;
2020-12-02 10:35:33;1606876541.216535;faceUp;2.5155997276306152;2.0833966732025146;-5.67965841293335;
2020-12-02 10:35:33;1606876541.256826;faceUp;1.361281394958496;1.6864097118377686;-2.367664337158203;
2020-12-02 10:35:33;1606876541.316015;faceUp;2.547996997833252;1.3002619743347168;1.5698421001434326;
2020-12-02 10:35:33;1606876541.358053;faceUp;2.3096413612365723;1.8763391971588135;1.2981094121932983;
2020-12-02 10:35:33;1606876541.4166942;faceUp;-3.88950514793396;-3.127276659011841;1.9388598203659058;
2020-12-02 10:35:33;1606876541.456536;faceUp;-5.591765880584717;-4.740139961242676;6.2573771476745605;
2020-12-02 10:35:33;1606876541.516695;faceUp;-2.6791205406188965;-4.5000996589660645;7.821603775024414;
2020-12-02 10:35:33;1606876541.559434;faceUp;0.23840804398059845;-3.5357582569122314;8.711471557617188;
2020-12-02 10:35:33;1606876541.6174278;faceUp;0.3793931305408478;0.13270771503448486;8.751596450805664;
2020-12-02 10:35:33;1606876541.661201;faceUp;-1.527317762374878;2.730255603790283;7.473515033721924;
2020-12-02 10:35:33;1606876541.718205;faceUp;-3.1869843006134033;4.1620635986328125;7.1119279861450195;
2020-12-02 10:35:33;1606876541.7617679;faceUp;-3.115452527999878;1.1470338106155396;5.2437310218811035;
2020-12-02 10:35:33;1606876541.818654;faceUp;-0.6888788342475891;-0.40333494544029236;0.8111653327941895;
2020-12-02 10:35:33;1606876541.8624392;faceUp;1.1045273542404175;1.5194768905639648;-2.130272150039673;
2020-12-02 10:35:33;1606876541.919236;faceUp;2.7922635078430176;0.7792508006095886;-5.359491348266602;
2020-12-02 10:35:33;1606876541.9633942;faceUp;4.944240570068359;-0.2965722680091858;-8.569999694824219;
2020-12-02 10:35:33;1606876542.019773;faceUp;5.925145626068115;0.4374449849128723;-10.255365371704102;
2020-12-02 10:35:33;1606876542.0607471;faceUp;5.872188091278076;1.160050630569458;-10.222641944885254;
2020-12-02 10:35:33;1606876542.120517;faceUp;5.736324310302734;1.2862900495529175;-8.805781364440918;
2020-12-02 10:35:33;1606876542.1613932;faceUp;4.473902702331543;1.4839229583740234;-5.20107889175415;
2020-12-02 10:35:33;1606876542.2218652;faceUp;2.641890048980713;0.8729892373085022;-0.042562372982501984;
2020-12-02 10:35:33;1606876542.2613091;faceUp;0.3840235769748688;0.03298830986022949;1.3190088272094727;
2020-12-02 10:35:33;1606876542.3215752;faceUp;-3.0323612689971924;0.18712887167930603;1.1597046852111816;
2020-12-02 10:35:33;1606876542.3621569;faceUp;-5.150103569030762;-3.2939586639404297;6.007777214050293;
2020-12-02 10:35:33;1606876542.422354;faceUp;-2.1986753940582275;-3.3356971740722656;7.077660083770752;
2020-12-02 10:35:33;1606876542.463307;faceUp;-0.8757219314575195;-1.0801557302474976;7.766830921173096;
2020-12-02 10:35:33;1606876542.523337;faceUp;-1.472756028175354;-0.9758772850036621;8.135483741760254;
2020-12-02 10:35:33;1606876542.568396;faceUp;-2.427931308746338;0.3818160593509674;8.106945991516113;
2020-12-02 10:35:33;1606876542.623653;faceUp;-1.7229453325271606;3.5391275882720947;7.384425640106201;
2020-12-02 10:35:33;1606876542.66917;faceUp;-1.9316916465759277;5.077399253845215;7.274758338928223;
2020-12-02 10:35:33;1606876542.728109;faceUp;-0.7803685069084167;-1.100959300994873;3.927234411239624;
2020-12-02 10:35:33;1606876542.768608;faceUp;1.4799281358718872;-0.18658240139484406;-0.6409245729446411;
2020-12-02 10:35:33;1606876542.8282518;faceUp;2.2382020950317383;0.58033287525177;-3.982255458831787;
2020-12-02 10:35:33;1606876542.869024;faceUp;3.080615997314453;-1.669196367263794;-6.838745594024658;
2020-12-02 10:35:33;1606876542.928969;faceUp;4.317790985107422;-1.2940914630889893;-9.090270042419434;
2020-12-02 10:35:33;1606876542.969346;faceUp;4.885646343231201;-0.255420058965683;-9.975076675415039;
2020-12-02 10:35:33;1606876543.026025;faceUp;5.047361373901367;0.06345673650503159;-11.0891695022583;
2020-12-02 10:35:33;1606876543.066918;faceUp;4.411585330963135;1.158851146697998;-10.098937034606934;
2020-12-02 10:35:33;1606876543.127287;faceUp;2.3427793979644775;1.2309998273849487;-6.163674354553223;
2020-12-02 10:35:33;1606876543.1675758;faceUp;-1.3123247623443604;0.42570391297340393;-1.1654685735702515;
2020-12-02 10:35:33;1606876543.2274451;faceUp;-1.9579373598098755;1.6946806907653809;0.15784209966659546;
2020-12-02 10:35:33;1606876543.267865;faceUp;-3.5524163246154785;-2.4484405517578125;3.479498863220215;
2020-12-02 10:35:33;1606876543.328095;faceUp;-2.781585216522217;-6.587741851806641;6.937776565551758;
2020-12-02 10:35:33;1606876543.368205;faceUp;0.03648264333605766;-5.336377143859863;9.017380714416504;
2020-12-02 10:35:33;1606876543.430013;faceUp;1.2742184400558472;-2.2756245136260986;9.645204544067383;
2020-12-02 10:35:33;1606876543.4726028;faceUp;-0.20093417167663574;2.075678825378418;9.126951217651367;
2020-12-02 10:35:33;1606876543.529293;faceUp;-2.6096765995025635;5.955375671386719;7.880069732666016;
2020-12-02 10:35:33;1606876543.57322;faceUp;-3.6218297481536865;4.8701252937316895;6.787387371063232;
2020-12-02 10:35:33;1606876543.630039;faceUp;0.21455810964107513;1.6051844358444214;3.4712488651275635;
2020-12-02 10:35:33;1606876543.6739159;faceUp;6.61801290512085;1.6291600465774536;-0.9203882217407227;
2020-12-02 10:35:33;1606876543.730443;faceUp;9.281088829040527;3.5473403930664062;-1.8678698539733887;
2020-12-02 10:35:33;1606876543.7732558;faceUp;6.048640727996826;4.275654315948486;-2.0075786113739014;
2020-12-02 10:35:33;1606876543.8312669;faceUp;3.369849681854248;2.5664243698120117;-2.630739450454712;
2020-12-02 10:35:33;1606876543.871593;faceUp;3.4226412773132324;1.3722299337387085;-2.225121259689331;
2020-12-02 10:35:33;1606876543.932619;faceUp;4.463037490844727;-1.4983668327331543;-3.4906246662139893;
2020-12-02 10:35:33;1606876543.972306;faceUp;7.021179676055908;2.0145068168640137;-1.1598135232925415;
2020-12-02 10:35:33;1606876544.032409;faceUp;7.043702125549316;0.9853647947311401;-1.7653790712356567;
2020-12-02 10:35:33;1606876544.074737;faceUp;2.673438549041748;0.04189072549343109;0.07878003269433975;
2020-12-02 10:35:33;1606876544.133123;faceUp;0.41405177116394043;-1.948337435722351;3.422363519668579;
2020-12-02 10:35:33;1606876544.173438;faceUp;0.9353053569793701;-1.757143259048462;1.197799563407898;
2020-12-02 10:35:33;1606876544.233657;faceUp;-3.5335144996643066;-6.65993595123291;-1.0926811695098877;
2020-12-02 10:35:33;1606876544.27665;faceUp;-8.53413200378418;-12.634977340698242;1.882948637008667;
2020-12-02 10:35:33;1606876544.338924;faceUp;-4.604666233062744;-13.303385734558105;3.184838056564331;
2020-12-02 10:35:33;1606876544.379422;faceUp;0.40794435143470764;-7.340084075927734;5.634560585021973;
2020-12-02 10:35:33;1606876544.438786;faceUp;0.3803577125072479;-2.515472650527954;8.08884334564209;
2020-12-02 10:35:33;1606876544.478802;faceUp;-0.5426350235939026;1.3917125463485718;7.341672420501709;
2020-12-02 10:35:33;1606876544.5357919;faceUp;-2.4799704551696777;2.6838715076446533;5.641515731811523;
2020-12-02 10:35:33;1606876544.579618;faceUp;-2.37629771232605;-0.8173491954803467;3.440272569656372;
2020-12-02 10:35:33;1606876544.6365309;faceUp;0.49291515350341797;0.23865091800689697;-2.274099111557007;
2020-12-02 10:35:33;1606876544.6800299;faceUp;3.9664652347564697;2.7791507244110107;-4.547119617462158;
2020-12-02 10:35:33;1606876544.7368488;faceUp;6.632580280303955;1.2332606315612793;-6.484251022338867;
2020-12-02 10:35:33;1606876544.780898;faceUp;8.424141883850098;0.9679517149925232;-8.541292190551758;
2020-12-02 10:35:33;1606876544.83749;faceUp;7.194896221160889;0.009752496145665646;-8.877867698669434;
2020-12-02 10:35:33;1606876544.877933;faceUp;5.147467136383057;-0.5472596287727356;-7.640866756439209;
2020-12-02 10:35:33;1606876544.938209;faceUp;3.231773853302002;-1.2277235984802246;-5.418610095977783;
2020-12-02 10:35:33;1606876544.978518;faceUp;2.138131856918335;-1.3238438367843628;-2.1586639881134033;
2020-12-02 10:35:33;1606876545.038783;faceUp;3.3375675678253174;-0.6777976751327515;1.7186899185180664;
2020-12-02 10:35:33;1606876545.0829458;faceUp;2.4683492183685303;-0.19271618127822876;-0.0789795070886612;
2020-12-02 10:35:33;1606876545.1395612;faceUp;-1.7027322053909302;0.20372170209884644;5.121951103210449;
2020-12-02 10:35:33;1606876545.1797771;faceUp;-4.2065935134887695;-0.5909855365753174;8.958693504333496;
2020-12-02 10:35:33;1606876545.240027;faceUp;-4.312483310699463;-0.5984969735145569;8.810369491577148;
2020-12-02 10:35:33;1606876545.2858691;faceUp;-3.5570695400238037;-1.1190948486328125;8.049656867980957;
2020-12-02 10:35:33;1606876545.340858;faceUp;-2.266782522201538;-0.21267232298851013;6.7552995681762695;
2020-12-02 10:35:33;1606876545.3824282;faceUp;-1.5492236614227295;1.8626796007156372;5.712716102600098;
2020-12-02 10:35:33;1606876545.441485;faceUp;-2.245666027069092;3.0466086864471436;6.239829063415527;
2020-12-02 10:35:33;1606876545.48779;faceUp;-5.658750534057617;2.099717378616333;7.241055488586426;
2020-12-02 10:35:33;1606876545.547054;faceUp;-5.092792510986328;-1.8293554782867432;2.040318250656128;
2020-12-02 10:35:33;1606876545.587551;faceUp;1.2456504106521606;5.347514629364014;-1.8602174520492554;
2020-12-02 10:35:33;1606876545.647311;faceUp;6.4498982429504395;2.8431878089904785;-4.4261474609375;
2020-12-02 10:35:33;1606876545.688075;faceUp;10.088129043579102;0.9082958698272705;-7.907626152038574;
2020-12-02 10:35:33;1606876545.743474;faceUp;10.426356315612793;1.0930441617965698;-8.846415519714355;
2020-12-02 10:35:33;1606876545.7835488;faceUp;7.627837657928467;0.938374400138855;-8.121734619140625;
2020-12-02 10:35:33;1606876545.8438091;faceUp;4.3092474937438965;0.45019540190696716;-6.168642520904541;
2020-12-02 10:35:33;1606876545.885946;faceUp;3.092439889907837;-0.48857101798057556;-2.703765869140625;
2020-12-02 10:35:33;1606876545.9470692;faceUp;3.989840269088745;1.4184283018112183;1.0965567827224731;
2020-12-02 10:35:33;1606876545.9886541;faceUp;-0.008378837257623672;1.5450352430343628;1.683315634727478;
2020-12-02 10:35:33;1606876546.047503;faceUp;-5.650417327880859;0.15481434762477875;2.2595736980438232;
2020-12-02 10:35:33;1606876546.086216;faceUp;-6.490435600280762;-3.9052248001098633;5.077610492706299;
2020-12-02 10:35:33;1606876546.1463718;faceUp;-3.5283584594726562;-5.617094039916992;6.515281677246094;
2020-12-02 10:35:33;1606876546.1897202;faceUp;-1.8191105127334595;-3.345187187194824;6.954848289489746;
2020-12-02 10:35:33;1606876546.2501302;faceUp;-2.344970941543579;-0.955639660358429;7.2160964012146;
2020-12-02 10:35:33;1606876546.290307;faceUp;-1.9991854429244995;0.609542191028595;6.264042377471924;
2020-12-02 10:35:33;1606876546.346922;faceUp;-0.781390905380249;3.514040470123291;6.2592339515686035;
2020-12-02 10:35:33;1606876546.391141;faceUp;-1.7068382501602173;1.7276804447174072;5.047812461853027;
2020-12-02 10:35:33;1606876546.4474878;faceUp;-0.7090243101119995;-0.9125475883483887;2.443699359893799;
2020-12-02 10:35:33;1606876546.4915628;faceUp;1.8070319890975952;1.1801435947418213;-3.51444149017334;
2020-12-02 10:35:33;1606876546.5482721;faceUp;4.232898235321045;1.5165616273880005;-6.530516147613525;
2020-12-02 10:35:33;1606876546.592262;faceUp;5.99051570892334;0.6571128964424133;-8.221354484558105;
2020-12-02 10:35:33;1606876546.648888;faceUp;7.127081394195557;0.7123175263404846;-9.570900917053223;
2020-12-02 10:35:33;1606876546.689987;faceUp;6.67655611038208;0.43252798914909363;-9.363433837890625;
2020-12-02 10:35:33;1606876546.749649;faceUp;4.399031162261963;-0.7180939316749573;-7.13364315032959;
2020-12-02 10:35:33;1606876546.789973;faceUp;2.1934123039245605;-1.3669052124023438;-3.5389630794525146;
2020-12-02 10:35:33;1606876546.850254;faceUp;1.9489386081695557;-0.4128333628177643;0.5557982325553894;
2020-12-02 10:35:33;1606876546.89598;faceUp;3.0980701446533203;0.027211913838982582;3.450922727584839;
2020-12-02 10:35:33;1606876546.950762;faceUp;0.7888549566268921;0.30776289105415344;2.474652051925659;
2020-12-02 10:35:33;1606876546.991303;faceUp;-2.911409854888916;0.22382616996765137;3.1843719482421875;
2020-12-02 10:35:33;1606876547.0513859;faceUp;-4.722032070159912;-0.15606923401355743;6.782888889312744;
2020-12-02 10:35:33;1606876547.0918078;faceUp;-4.256650924682617;-1.476494550704956;7.865501403808594;
2020-12-02 10:35:33;1606876547.156949;faceUp;-2.9191739559173584;-0.1353205442428589;6.830988883972168;
2020-12-02 10:35:33;1606876547.197771;faceUp;-2.0829169750213623;-0.1563563197851181;5.4341630935668945;
2020-12-02 10:35:33;1606876547.252644;faceUp;-1.2214555740356445;3.3098695278167725;6.639566421508789;
2020-12-02 10:35:33;1606876547.298617;faceUp;-3.194629192352295;3.6450443267822266;7.6616621017456055;
2020-12-02 10:35:33;1606876547.3533149;faceUp;-3.95735239982605;-0.6420971751213074;6.6574249267578125;
2020-12-02 10:35:33;1606876547.398159;faceUp;-1.6092957258224487;-1.778116226196289;1.2870588302612305;
2020-12-02 10:35:33;1606876547.458514;faceUp;2.5117387771606445;1.7206220626831055;-2.4983367919921875;
2020-12-02 10:35:33;1606876547.498774;faceUp;5.1295485496521;0.24755467474460602;-6.203598499298096;
2020-12-02 10:35:33;1606876547.558634;faceUp;6.593188762664795;-2.4569334983825684;-9.111189842224121;
2020-12-02 10:35:33;1606876547.599323;faceUp;6.139603614807129;-0.6620285511016846;-10.233292579650879;
2020-12-02 10:35:33;1606876547.656519;faceUp;5.002007007598877;0.3176879584789276;-9.937148094177246;
2020-12-02 10:35:33;1606876547.6956182;faceUp;4.854557037353516;0.25905153155326843;-7.82875394821167;
2020-12-02 10:35:33;1606876547.7558389;faceUp;4.587012767791748;-0.053834736347198486;-4.377008438110352;
2020-12-02 10:35:33;1606876547.7966409;faceUp;2.4253029823303223;0.5413239598274231;0.09509136527776718;
2020-12-02 10:35:33;1606876547.856341;faceUp;-0.1112879067659378;1.8401812314987183;0.9385714530944824;
2020-12-02 10:35:33;1606876547.899664;faceUp;-4.537087917327881;2.3763880729675293;0.6403512358665466;
2020-12-02 10:35:33;1606876547.9571738;faceUp;-7.750330448150635;-2.4228873252868652;4.20219612121582;
2020-12-02 10:35:33;1606876547.997552;faceUp;-4.19268274307251;-5.4798479080200195;5.549147605895996;
2020-12-02 10:35:33;1606876548.057584;faceUp;-1.7560244798660278;-3.1772730350494385;5.760316848754883;
2020-12-02 10:35:33;1606876548.1016788;faceUp;-3.235947608947754;-0.888975977897644;6.2338433265686035;
2020-12-02 10:35:33;1606876548.15837;faceUp;-4.411766529083252;-0.08321686089038849;5.57563591003418;
2020-12-02 10:35:33;1606876548.1986241;faceUp;-2.7853498458862305;1.368605613708496;4.697174072265625;
2020-12-02 10:35:33;1606876548.259027;faceUp;-1.5088189840316772;2.607793092727661;5.489264488220215;
2020-12-02 10:35:33;1606876548.3029509;faceUp;-1.1048632860183716;-0.7180148363113403;4.103627681732178;
2020-12-02 10:35:33;1606876548.359565;faceUp;0.8517857193946838;0.2323637306690216;0.5056650638580322;
2020-12-02 10:35:33;1606876548.403654;faceUp;2.2867705821990967;1.3275493383407593;-2.9896223545074463;
2020-12-02 10:35:33;1606876548.46033;faceUp;4.256181240081787;0.31685730814933777;-5.860998630523682;
2020-12-02 10:35:33;1606876548.506034;faceUp;6.73044490814209;0.831304132938385;-7.776515483856201;
2020-12-02 10:35:33;1606876548.561012;faceUp;7.569615840911865;0.32225847244262695;-9.444653511047363;
2020-12-02 10:35:33;1606876548.601966;faceUp;6.0110859870910645;-0.20680564641952515;-9.212165832519531;
2020-12-02 10:35:33;1606876548.661643;faceUp;3.831308126449585;-0.42605650424957275;-7.34987735748291;
2020-12-02 10:35:33;1606876548.70191;faceUp;3.1910979747772217;0.5230099558830261;-3.730076551437378;
2020-12-02 10:35:33;1606876548.7626882;faceUp;3.861997365951538;0.4267350733280182;0.06580804288387299;
2020-12-02 10:35:33;1606876548.80732;faceUp;2.966661214828491;0.3534848392009735;2.2151217460632324;
2020-12-02 10:35:33;1606876548.8628001;faceUp;-0.4073107838630676;0.9892735481262207;2.984869956970215;
2020-12-02 10:35:33;1606876548.9032578;faceUp;-3.946929693222046;0.6562100648880005;6.773895263671875;
2020-12-02 10:35:33;1606876548.9634871;faceUp;-4.479373931884766;-0.43105950951576233;8.385688781738281;
2020-12-02 10:35:33;1606876549.008168;faceUp;-3.1463212966918945;-0.733269453048706;8.48939037322998;
2020-12-02 10:35:33;1606876549.063785;faceUp;-2.2770192623138428;0.8721146583557129;7.280259609222412;
2020-12-02 10:35:33;1606876549.10854;faceUp;-2.156386613845825;1.0579493045806885;5.272375106811523;
2020-12-02 10:35:33;1606876549.165719;faceUp;-1.492263913154602;3.1056442260742188;3.308579444885254;
2020-12-02 10:35:33;1606876549.206974;faceUp;-1.153647541999817;4.571354389190674;3.3194520473480225;
2020-12-02 10:35:33;1606876549.266988;faceUp;-1.957502007484436;2.8797085285186768;4.822336673736572;
2020-12-02 10:35:33;1606876549.309118;faceUp;-0.009689911268651485;-0.8896902203559875;1.9238311052322388;
2020-12-02 10:35:33;1606876549.3659859;faceUp;4.094921112060547;1.2051136493682861;-4.2898430824279785;
2020-12-02 10:35:33;1606876549.409867;faceUp;5.045513153076172;0.42767491936683655;-7.096681594848633;
2020-12-02 10:35:33;1606876549.466568;faceUp;5.543816089630127;-1.0149106979370117;-8.782258987426758;
2020-12-02 10:35:33;1606876549.5074139;faceUp;5.699934482574463;-0.40049999952316284;-9.649543762207031;
2020-12-02 10:35:33;1606876549.5671291;faceUp;5.113483905792236;0.12167077511548996;-8.278329849243164;
2020-12-02 10:35:33;1606876549.607604;faceUp;3.6288251876831055;-0.7452533841133118;-4.212532997131348;
2020-12-02 10:35:33;1606876549.667852;faceUp;3.4714226722717285;-0.4419712722301483;1.174698829650879;
2020-12-02 10:35:33;1606876549.70942;faceUp;3.9453752040863037;-0.11999378353357315;4.935523509979248;
2020-12-02 10:35:33;1606876549.7684422;faceUp;1.6398108005523682;0.4466067850589752;3.19893741607666;
2020-12-02 10:35:33;1606876549.808837;faceUp;-2.379192352294922;1.5181418657302856;2.9551613330841064;
2020-12-02 10:35:33;1606876549.869132;faceUp;-5.697999477386475;1.7235193252563477;6.075099468231201;
2020-12-02 10:35:33;1606876549.9094691;faceUp;-6.045623779296875;-0.5892055034637451;7.276150226593018;
2020-12-02 10:35:33;1606876549.969647;faceUp;-3.538658380508423;-0.881513237953186;6.7525410652160645;
2020-12-02 10:35:33;1606876550.0129008;faceUp;-1.271402359008789;0.42192938923835754;5.665792942047119;
2020-12-02 10:35:33;1606876550.070466;faceUp;0.7403295040130615;3.0459353923797607;5.585476398468018;
2020-12-02 10:35:33;1606876550.111374;faceUp;0.3293587267398834;4.423206806182861;7.7081732749938965;
2020-12-02 10:35:33;1606876550.1765208;faceUp;0.025731462985277176;0.365027517080307;6.891888618469238;
2020-12-02 10:35:33;1606876550.2166948;faceUp;2.233532667160034;0.13273194432258606;3.1559500694274902;
2020-12-02 10:35:33;1606876550.2765188;faceUp;3.747277021408081;-0.9186289310455322;-2.6569604873657227;
2020-12-02 10:35:33;1606876550.317071;faceUp;3.541996479034424;-2.773578643798828;-6.634644985198975;
2020-12-02 10:35:33;1606876550.372511;faceUp;3.0485646724700928;-3.354515790939331;-8.949604034423828;
2020-12-02 10:35:33;1606876550.41804;faceUp;2.7805826663970947;-2.9546518325805664;-10.08868408203125;
2020-12-02 10:35:33;1606876550.473572;faceUp;4.235682487487793;-1.0552693605422974;-9.410707473754883;
2020-12-02 10:35:33;1606876550.5133672;faceUp;4.877120494842529;-1.656400442123413;-7.34575891494751;
2020-12-02 10:35:33;1606876550.573524;faceUp;4.045990467071533;-2.2949531078338623;-4.417232990264893;
2020-12-02 10:35:33;1606876550.615576;faceUp;2.2387118339538574;-0.3881048560142517;-1.8147977590560913;
2020-12-02 10:35:33;1606876550.678021;faceUp;-0.10786361247301102;-0.3405514657497406;0.6606961488723755;
2020-12-02 10:35:33;1606876550.718552;faceUp;-0.9927891492843628;2.621152877807617;1.7963370084762573;
2020-12-02 10:35:33;1606876550.7761102;faceUp;-4.513845920562744;0.23355576395988464;5.475075721740723;
2020-12-02 10:35:33;1606876550.816263;faceUp;-4.183626651763916;-4.033516883850098;7.951471328735352;
2020-12-02 10:35:33;1606876550.875431;faceUp;-1.0051805973052979;-2.726008653640747;8.536913871765137;
2020-12-02 10:35:33;1606876550.919297;faceUp;-0.3841988146305084;2.439382553100586;7.374247074127197;
2020-12-02 10:35:33;1606876550.9761329;faceUp;-2.65228009223938;2.500523805618286;5.284261226654053;
2020-12-02 10:35:33;1606876551.016412;faceUp;-3.0965821743011475;2.9328815937042236;5.21481990814209;
2020-12-02 10:35:33;1606876551.076558;faceUp;-2.2504289150238037;5.634249687194824;5.338964462280273;
2020-12-02 10:35:33;1606876551.1206121;faceUp;-0.5600515604019165;0.9168696403503418;3.1848695278167725;
2020-12-02 10:35:33;1606876551.1775398;faceUp;2.316730499267578;-2.631185293197632;-0.4787926971912384;
2020-12-02 10:35:33;1606876551.221301;faceUp;3.0020129680633545;-0.9529810547828674;-3.195606231689453;
2020-12-02 10:35:33;1606876551.277914;faceUp;1.2667837142944336;0.00173744629137218;-6.450922966003418;
2020-12-02 10:35:33;1606876551.321852;faceUp;0.8713751435279846;-0.42351558804512024;-9.08449649810791;
2020-12-02 10:35:33;1606876551.3786201;faceUp;2.750645875930786;0.38342782855033875;-10.75582218170166;
2020-12-02 10:35:33;1606876551.419008;faceUp;6.271286487579346;1.767207145690918;-9.821413040161133;
2020-12-02 10:35:33;1606876551.479353;faceUp;7.826507568359375;0.9855924844741821;-6.551364421844482;
2020-12-02 10:35:33;1606876551.5196319;faceUp;6.681861400604248;0.850649356842041;-3.6263301372528076;
2020-12-02 10:35:33;1606876551.579694;faceUp;3.6039764881134033;0.21202117204666138;-1.460566759109497;
2020-12-02 10:35:33;1606876551.625774;faceUp;1.360458493232727;1.055836796760559;-0.06795161962509155;
2020-12-02 10:35:33;1606876551.685081;faceUp;-1.4597214460372925;0.932022213935852;0.2176404446363449;
2020-12-02 10:35:33;1606876551.7208319;faceUp;-4.5682759284973145;-0.7349861264228821;3.516507387161255;
2020-12-02 10:35:33;1606876551.781816;faceUp;-4.713533878326416;-1.659416675567627;6.802244186401367;
2020-12-02 10:35:33;1606876551.8216438;faceUp;-3.386770486831665;-2.792611837387085;7.581428527832031;
2020-12-02 10:35:33;1606876551.881867;faceUp;-1.9874383211135864;-1.634357213973999;8.646608352661133;
2020-12-02 10:35:33;1606876551.927544;faceUp;-1.7386196851730347;0.7314608693122864;8.029635429382324;
2020-12-02 10:35:33;1606876551.982563;faceUp;-1.511741280555725;2.044049024581909;5.644923686981201;
2020-12-02 10:35:33;1606876552.022798;faceUp;-1.7367115020751953;4.725402355194092;4.314683437347412;
2020-12-02 10:35:33;1606876552.083035;faceUp;-2.591585397720337;-0.13018730282783508;4.501108169555664;
2020-12-02 10:35:33;1606876552.1280708;faceUp;-0.47304585576057434;-0.5621275305747986;3.351839065551758;
2020-12-02 10:35:33;1606876552.184108;faceUp;1.0685901641845703;0.2470175176858902;-0.8270044326782227;
2020-12-02 10:35:33;1606876552.230103;faceUp;1.6861425638198853;0.20564183592796326;-5.083006381988525;
2020-12-02 10:35:33;1606876552.288279;faceUp;3.274012565612793;-0.536852240562439;-7.252634525299072;
2020-12-02 10:35:33;1606876552.328137;faceUp;5.118708610534668;-2.5227103233337402;-9.969117164611816;
2020-12-02 10:35:33;1606876552.385655;faceUp;4.252969264984131;-2.8027307987213135;-10.792086601257324;
2020-12-02 10:35:33;1606876552.425942;faceUp;2.2793383598327637;-0.60947185754776;-8.108551979064941;
2020-12-02 10:35:33;1606876552.485911;faceUp;1.0654244422912598;0.6575738787651062;-4.401688575744629;
2020-12-02 10:35:33;1606876552.525958;faceUp;1.3537425994873047;0.7687931060791016;-2.042578935623169;
2020-12-02 10:35:33;1606876552.586129;faceUp;1.9283427000045776;1.7212505340576172;2.2369580268859863;
2020-12-02 10:35:33;1606876552.6301951;faceUp;-0.846992552280426;2.3174984455108643;2.7430365085601807;
2020-12-02 10:35:33;1606876552.686736;faceUp;-6.531206130981445;0.0450763963162899;3.5072624683380127;
2020-12-02 10:35:33;1606876552.727093;faceUp;-6.586727142333984;-4.715991497039795;5.9326171875;
2020-12-02 10:35:33;1606876552.787551;faceUp;-0.800811231136322;-5.180537700653076;6.692748069763184;
2020-12-02 10:35:33;1606876552.8315601;faceUp;2.421658754348755;-0.7382476925849915;7.171824932098389;
2020-12-02 10:35:33;1606876552.8880491;faceUp;0.525484025478363;0.5527209639549255;6.74030876159668;
2020-12-02 10:35:33;1606876552.929066;faceUp;-1.4097908735275269;2.119225263595581;5.441309928894043;
2020-12-02 10:35:33;1606876552.988523;faceUp;-2.31339430809021;5.52465295791626;5.258475303649902;
2020-12-02 10:35:33;1606876553.032625;faceUp;-1.8462119102478027;1.055966854095459;4.108625411987305;
2020-12-02 10:35:33;1606876553.089254;faceUp;0.607598066329956;0.7509996891021729;2.2575416564941406;
2020-12-02 10:35:33;1606876553.1334538;faceUp;2.218505382537842;0.961756706237793;-0.7623884677886963;
2020-12-02 10:35:33;1606876553.1900558;faceUp;2.1306936740875244;-0.7461101412773132;-4.046713829040527;
2020-12-02 10:35:33;1606876553.23598;faceUp;2.773683547973633;-0.6843876242637634;-7.423920154571533;
2020-12-02 10:35:33;1606876553.290591;faceUp;4.715926170349121;0.7212250232696533;-9.464471817016602;
2020-12-02 10:35:33;1606876553.330965;faceUp;4.080456733703613;-0.1473764032125473;-9.563825607299805;
2020-12-02 10:35:33;1606876553.3911939;faceUp;1.9879919290542603;-1.3625251054763794;-7.732332706451416;
2020-12-02 10:35:33;1606876553.431669;faceUp;1.9367122650146484;0.6772445440292358;-5.238040924072266;
2020-12-02 10:35:33;1606876553.492445;faceUp;2.8267769813537598;2.383986473083496;-3.299759864807129;
2020-12-02 10:35:33;1606876553.532908;faceUp;3.380985736846924;2.05657958984375;-0.6734593510627747;
2020-12-02 10:35:33;1606876553.592589;faceUp;3.1771092414855957;1.580422282218933;1.2311674356460571;
2020-12-02 10:35:33;1606876553.638115;faceUp;-1.0998250246047974;-0.5365920662879944;2.6300508975982666;
2020-12-02 10:35:33;1606876553.693074;faceUp;-4.293038368225098;-4.158676624298096;5.139235973358154;
2020-12-02 10:35:33;1606876553.73492;faceUp;-1.821024775505066;-5.219167232513428;6.6472649574279785;
2020-12-02 10:35:33;1606876553.796671;faceUp;1.1864606142044067;-0.6752913594245911;6.4937591552734375;
2020-12-02 10:35:33;1606876553.834724;faceUp;0.7358782887458801;1.0820564031600952;5.673216819763184;
2020-12-02 10:35:33;1606876553.895935;faceUp;-1.1523770093917847;1.0430456399917603;5.7815093994140625;
2020-12-02 10:35:33;1606876553.936492;faceUp;-2.1278152465820312;2.628401279449463;5.830714225769043;
2020-12-02 10:35:33;1606876553.997894;faceUp;-3.0286717414855957;5.003353118896484;6.715655326843262;
2020-12-02 10:35:33;1606876554.038976;faceUp;-5.0855712890625;3.050387144088745;6.978927135467529;
2020-12-02 10:35:33;1606876554.09552;faceUp;-2.574991226196289;-1.5539880990982056;3.3519906997680664;
2020-12-02 10:35:33;1606876554.139574;faceUp;2.679028034210205;0.7337666749954224;-1.622554898262024;
2020-12-02 10:35:33;1606876554.1964002;faceUp;4.360578536987305;0.4391739070415497;-5.493738651275635;
2020-12-02 10:35:33;1606876554.240162;faceUp;3.844353199005127;-1.7869634628295898;-6.797211647033691;
2020-12-02 10:35:33;1606876554.296904;faceUp;4.178407192230225;-0.8626692295074463;-8.364669799804688;
2020-12-02 10:35:33;1606876554.3379369;faceUp;4.919388771057129;-0.2308982014656067;-9.709487915039062;
2020-12-02 10:35:33;1606876554.397614;faceUp;4.610418796539307;-0.40011066198349;-8.57984733581543;
2020-12-02 10:35:33;1606876554.4379292;faceUp;2.9731647968292236;-1.0105841159820557;-5.494843006134033;
2020-12-02 10:35:33;1606876554.498172;faceUp;1.3628122806549072;-0.3813321888446808;-2.0520131587982178;
2020-12-02 10:35:33;1606876554.538487;faceUp;1.2506718635559082;-0.23760296404361725;0.6928256154060364;
2020-12-02 10:35:33;1606876554.598808;faceUp;0.0437522754073143;0.4402977526187897;1.5014941692352295;
2020-12-02 10:35:33;1606876554.639194;faceUp;-3.5454628467559814;-1.3516889810562134;4.266963481903076;
2020-12-02 10:35:33;1606876554.699467;faceUp;-3.483360767364502;-1.5883241891860962;6.848954677581787;
2020-12-02 10:35:33;1606876554.7396832;faceUp;-1.677232265472412;-1.5452909469604492;7.488544940948486;
2020-12-02 10:35:33;1606876554.800002;faceUp;-0.21710781753063202;-1.2373334169387817;7.389523029327393;
2020-12-02 10:35:33;1606876554.8455958;faceUp;0.1678933948278427;0.8189864754676819;6.6247663497924805;
2020-12-02 10:35:33;1606876554.90589;faceUp;0.11651782691478729;3.7297165393829346;5.598878383636475;
2020-12-02 10:35:33;1606876554.946018;faceUp;-1.228879690170288;4.713070869445801;4.707273960113525;
2020-12-02 10:35:33;1606876555.00145;faceUp;-2.245300531387329;2.329802989959717;4.007113933563232;
2020-12-02 10:35:33;1606876555.04706;faceUp;-0.8120539784431458;0.15259113907814026;1.8768914937973022;
2020-12-02 10:35:33;1606876555.1072512;faceUp;2.1069517135620117;-0.8647968173027039;-1.4934139251708984;
2020-12-02 10:35:33;1606876555.14781;faceUp;3.423271656036377;-1.0742826461791992;-4.9128193855285645;
2020-12-02 10:35:33;1606876555.204774;faceUp;3.533677816390991;-2.1373250484466553;-6.8966145515441895;
2020-12-02 10:35:33;1606876555.2477632;faceUp;3.915464401245117;-2.5997562408447266;-9.092967987060547;
2020-12-02 10:35:33;1606876555.303236;faceUp;3.9555740356445312;-1.5755915641784668;-9.8593111038208;
2020-12-02 10:35:33;1606876555.3436499;faceUp;3.314060688018799;-1.024232268333435;-9.05265998840332;
2020-12-02 10:35:33;1606876555.405552;faceUp;2.1654622554779053;-1.1787110567092896;-7.104479789733887;
2020-12-02 10:35:33;1606876555.4462938;faceUp;1.3512018918991089;0.2222309410572052;-4.4761528968811035;
2020-12-02 10:35:33;1606876555.505753;faceUp;1.3702120780944824;0.4477543532848358;-0.8857913613319397;
2020-12-02 10:35:33;1606876555.548239;faceUp;1.2446637153625488;1.864501953125;0.6913997530937195;
2020-12-02 10:35:33;1606876555.6057029;faceUp;-3.016950845718384;-1.2537297010421753;3.5664572715759277;
2020-12-02 10:35:33;1606876555.6459599;faceUp;-5.186905860900879;-3.5467164516448975;7.840779781341553;
2020-12-02 10:35:33;1606876555.705676;faceUp;-3.0505998134613037;-3.763840436935425;8.955093383789062;
2020-12-02 10:35:33;1606876555.749676;faceUp;-0.34434112906455994;-2.5960235595703125;9.072694778442383;
2020-12-02 10:35:33;1606876555.8063002;faceUp;0.7740392684936523;0.16058754920959473;8.248536109924316;
2020-12-02 10:35:33;1606876555.850192;faceUp;0.9634459018707275;1.2179224491119385;7.307710647583008;
2020-12-02 10:35:33;1606876555.9069161;faceUp;0.2589218318462372;7.039459228515625;6.540060520172119;
2020-12-02 10:35:33;1606876555.9510179;faceUp;-3.3868227005004883;4.4427056312561035;5.612046241760254;
2020-12-02 10:35:33;1606876556.00757;faceUp;-0.44044235348701477;-2.490793228149414;2.342362642288208;
2020-12-02 10:35:33;1606876556.051486;faceUp;3.190175771713257;-0.14389431476593018;-3.9187874794006348;
2020-12-02 10:35:33;1606876556.108625;faceUp;2.4880483150482178;-1.2416753768920898;-5.7917704582214355;
2020-12-02 10:35:33;1606876556.15234;faceUp;1.5834535360336304;-0.550136923789978;-5.991141319274902;
2020-12-02 10:35:33;1606876556.208756;faceUp;3.162277936935425;0.5337837934494019;-9.05778980255127;
2020-12-02 10:35:33;1606876556.249144;faceUp;4.427384853363037;0.6200206279754639;-10.118765830993652;
2020-12-02 10:35:33;1606876556.310045;faceUp;3.839364528656006;-0.6314591765403748;-9.643392562866211;
2020-12-02 10:35:33;1606876556.3499498;faceUp;1.9118034839630127;-1.5163325071334839;-7.938631534576416;
2020-12-02 10:35:33;1606876556.410281;faceUp;0.39025935530662537;-1.650347113609314;-5.302969455718994;
2020-12-02 10:35:33;1606876556.450632;faceUp;0.41368213295936584;2.289767265319824;-1.2260639667510986;
2020-12-02 10:35:33;1606876556.5107698;faceUp;1.0308390855789185;4.220830917358398;0.8020045757293701;
2020-12-02 10:35:33;1606876556.555987;faceUp;0.1334022581577301;0.3936000168323517;1.592592477798462;
2020-12-02 10:35:33;1606876556.6119862;faceUp;-1.599022388458252;-5.205729007720947;6.134241104125977;
2020-12-02 10:35:33;1606876556.651832;faceUp;-0.2813994586467743;-2.907254457473755;8.292550086975098;
2020-12-02 10:35:33;1606876556.7120929;faceUp;0.38704144954681396;-0.21684814989566803;6.950868606567383;
2020-12-02 10:35:33;1606876556.75317;faceUp;-0.07178044319152832;0.1455385535955429;6.175323963165283;
2020-12-02 10:35:33;1606876556.81536;faceUp;-0.7259521484375;0.7450571060180664;5.547903537750244;
2020-12-02 10:35:33;1606876556.853051;faceUp;-1.6299939155578613;1.7624778747558594;4.6844329833984375;
2020-12-02 10:35:33;1606876556.913255;faceUp;-2.393548011779785;2.9638679027557373;5.251683235168457;
2020-12-02 10:35:33;1606876556.957869;faceUp;-2.418757200241089;0.8943557739257812;6.1129536628723145;
2020-12-02 10:35:33;1606876557.0180368;faceUp;-0.2984711229801178;0.9321359395980835;5.877349376678467;
2020-12-02 10:35:33;1606876557.058126;faceUp;1.5718424320220947;0.8755863904953003;2.8457388877868652;
2020-12-02 10:35:33;1606876557.116904;faceUp;2.2054011821746826;-1.2246577739715576;-3.85001540184021;
2020-12-02 10:35:33;1606876557.158431;faceUp;2.737797737121582;-1.32288658618927;-7.898645877838135;
2020-12-02 10:35:33;1606876557.216165;faceUp;3.7948362827301025;-1.6418023109436035;-9.443861961364746;
2020-12-02 10:35:33;1606876557.2554631;faceUp;4.561038494110107;-0.28436195850372314;-9.942294120788574;
2020-12-02 10:35:33;1606876557.3157902;faceUp;3.825911283493042;-0.7767942547798157;-8.356579780578613;
2020-12-02 10:35:33;1606876557.356615;faceUp;2.765416383743286;-1.6032160520553589;-5.646763324737549;
2020-12-02 10:35:33;1606876557.4164472;faceUp;3.304594039916992;-0.36193984746932983;-3.569601058959961;
2020-12-02 10:35:33;1606876557.456883;faceUp;2.915811061859131;1.6805925369262695;-1.160280466079712;
2020-12-02 10:35:33;1606876557.5199552;faceUp;-0.02821912057697773;2.0091230869293213;0.8977720737457275;
2020-12-02 10:35:33;1606876557.55897;faceUp;-4.285252094268799;0.003430684097111225;1.8645983934402466;
2020-12-02 10:35:33;1606876557.6175308;faceUp;-5.5937910079956055;-2.7344601154327393;4.868256092071533;
2020-12-02 10:35:33;1606876557.658227;faceUp;-2.7292654514312744;-3.9790680408477783;6.955317974090576;
2020-12-02 10:35:33;1606876557.718323;faceUp;0.4205158054828644;-2.803502082824707;7.3423967361450195;
2020-12-02 10:35:33;1606876557.762237;faceUp;1.2761436700820923;0.39977988600730896;6.701633453369141;
2020-12-02 10:35:33;1606876557.818923;faceUp;0.20086891949176788;2.205458164215088;5.524993896484375;
2020-12-02 10:35:33;1606876557.859446;faceUp;-1.0760999917984009;5.468351364135742;4.793169975280762;
2020-12-02 10:35:33;1606876557.919601;faceUp;-3.4173290729522705;5.242680549621582;5.113833904266357;
2020-12-02 10:35:33;1606876557.966088;faceUp;-3.403672218322754;-2.008756637573242;4.640899181365967;
2020-12-02 10:35:33;1606876558.0201879;faceUp;1.3973870277404785;-0.3461779057979584;0.6866353750228882;
2020-12-02 10:35:33;1606876558.0659661;faceUp;3.194660186767578;0.82607501745224;-3.2169299125671387;
2020-12-02 10:35:33;1606876558.120943;faceUp;2.8175160884857178;-1.0198969841003418;-5.094470977783203;
2020-12-02 10:35:33;1606876558.1668792;faceUp;4.08584451675415;-1.672328233718872;-7.446381568908691;
2020-12-02 10:35:33;1606876558.221683;faceUp;5.815296649932861;-1.5513842105865479;-9.747553825378418;
2020-12-02 10:35:33;1606876558.261934;faceUp;6.211944580078125;-1.6509023904800415;-9.833819389343262;
2020-12-02 10:35:33;1606876558.322022;faceUp;4.97694206237793;-0.9235299229621887;-7.784744739532471;
2020-12-02 10:35:33;1606876558.362478;faceUp;2.2107951641082764;-0.9569560885429382;-4.450451374053955;
2020-12-02 10:35:33;1606876558.422647;faceUp;0.0695473849773407;0.5105692744255066;-2.4272878170013428;
2020-12-02 10:35:33;1606876558.465708;faceUp;-0.26600027084350586;2.404252529144287;-0.9849751591682434;
2020-12-02 10:35:33;1606876558.525288;faceUp;-2.027181386947632;1.9139618873596191;1.2108170986175537;
2020-12-02 10:35:33;1606876558.566032;faceUp;-4.7873454093933105;-0.045101698487997055;3.464468002319336;
2020-12-02 10:35:33;1606876558.625735;faceUp;-5.8076066970825195;-2.779284954071045;5.438536167144775;
2020-12-02 10:35:33;1606876558.6653252;faceUp;-3.8515326976776123;-5.957714080810547;7.170546054840088;
2020-12-02 10:35:33;1606876558.725776;faceUp;-0.21889692544937134;-2.665745735168457;8.041088104248047;
2020-12-02 10:35:33;1606876558.7685041;faceUp;0.17019782960414886;1.0963225364685059;7.321412086486816;
2020-12-02 10:35:33;1606876558.826023;faceUp;-0.7235246896743774;1.2836641073226929;5.746592998504639;
2020-12-02 10:35:33;1606876558.866261;faceUp;-1.2165077924728394;4.222680568695068;5.206153869628906;
2020-12-02 10:35:33;1606876558.9258308;faceUp;-1.9086267948150635;3.124316692352295;4.813858509063721;
2020-12-02 10:35:33;1606876558.9696689;faceUp;-0.5984314680099487;-0.8358290791511536;2.896327018737793;
2020-12-02 10:35:33;1606876559.026371;faceUp;2.1964924335479736;-1.1524033546447754;-0.293896347284317;
2020-12-02 10:35:33;1606876559.070595;faceUp;2.5299744606018066;-0.2063523679971695;-2.880547285079956;
2020-12-02 10:35:33;1606876559.1271482;faceUp;1.366417646408081;-2.3924269676208496;-5.472840309143066;
2020-12-02 10:35:33;1606876559.171216;faceUp;2.059011697769165;-1.971497654914856;-8.08432388305664;
2020-12-02 10:35:33;1606876559.227775;faceUp;3.206380844116211;-1.6378268003463745;-9.059001922607422;
2020-12-02 10:35:33;1606876559.268207;faceUp;3.945117950439453;-1.0670926570892334;-8.738504409790039;
2020-12-02 10:35:33;1606876559.3291168;faceUp;3.961827039718628;-0.6573693752288818;-7.445693492889404;
2020-12-02 10:35:33;1606876559.368733;faceUp;3.563113212585449;-0.34045931696891785;-4.677519798278809;
2020-12-02 10:35:33;1606876559.429054;faceUp;2.974283456802368;0.6956768035888672;-2.3916118144989014;
2020-12-02 10:35:33;1606876559.469454;faceUp;1.2564027309417725;0.5129927396774292;-0.8300117254257202;
2020-12-02 10:35:33;1606876559.529622;faceUp;-1.1116700172424316;1.570107340812683;-0.45864614844322205;
2020-12-02 10:35:33;1606876559.570643;faceUp;-5.178295612335205;-0.3771837651729584;2.892787456512451;
2020-12-02 10:35:33;1606876559.630427;faceUp;-6.651413917541504;-4.34240198135376;6.243278503417969;
2020-12-02 10:35:33;1606876559.671406;faceUp;-3.270580768585205;-5.84342622756958;8.16335678100586;
2020-12-02 10:35:33;1606876559.731602;faceUp;0.68292635679245;-1.7412927150726318;8.942743301391602;
2020-12-02 10:35:33;1606876559.777178;faceUp;0.7901998162269592;0.9920112490653992;7.922388076782227;
2020-12-02 10:35:33;1606876559.835465;faceUp;-0.466049462556839;1.7775540351867676;5.736673831939697;
2020-12-02 10:35:33;1606876559.871937;faceUp;-1.6710177659988403;3.987074851989746;4.016669750213623;
2020-12-02 10:35:33;1606876559.936342;faceUp;-2.597407102584839;2.6861443519592285;3.4435770511627197;
2020-12-02 10:35:33;1606876559.9776502;faceUp;-0.9234843850135803;-0.16134095191955566;1.9786373376846313;
2020-12-02 10:35:33;1606876560.032995;faceUp;1.4407464265823364;-1.333716869354248;-0.7353217005729675;
2020-12-02 10:35:33;1606876560.077122;faceUp;2.0339903831481934;-0.6873725056648254;-3.3587586879730225;
2020-12-02 10:35:33;1606876560.1362262;faceUp;1.1171143054962158;-1.7622981071472168;-5.292766094207764;
2020-12-02 10:35:33;1606876560.175617;faceUp;1.9879112243652344;-0.5652649998664856;-6.849703311920166;
2020-12-02 10:35:33;1606876560.2352328;faceUp;2.981458902359009;-2.3559627532958984;-8.345636367797852;
2020-12-02 10:35:33;1606876560.27626;faceUp;3.593491554260254;-2.359095811843872;-8.826393127441406;
2020-12-02 10:35:33;1606876560.335922;faceUp;4.399320602416992;-0.08151856064796448;-7.887544631958008;
2020-12-02 10:35:33;1606876560.3762732;faceUp;4.895514488220215;1.1460556983947754;-4.72556734085083;
2020-12-02 10:35:33;1606876560.4362268;faceUp;4.4449238777160645;3.0929641723632812;-1.6270837783813477;
2020-12-02 10:35:33;1606876560.475755;faceUp;0.9083818793296814;2.5076005458831787;-0.38310423493385315;
2020-12-02 10:35:33;1606876560.536046;faceUp;-3.5877554416656494;5.00534725189209;-2.8729467391967773;
2020-12-02 10:35:33;1606876560.576839;faceUp;-8.739787101745605;-0.5329821705818176;-1.305607795715332;
2020-12-02 10:35:33;1606876560.636644;faceUp;-8.653003692626953;-6.865907669067383;1.1958041191101074;
2020-12-02 10:35:33;1606876560.677069;faceUp;-5.1912336349487305;-8.611368179321289;3.5684940814971924;
2020-12-02 10:35:33;1606876560.739476;faceUp;-1.3612675666809082;-5.778909206390381;6.940823078155518;
2020-12-02 10:35:33;1606876560.778308;faceUp;0.9050118923187256;-1.2996830940246582;7.868696212768555;
2020-12-02 10:35:33;1606876560.838458;faceUp;1.1571354866027832;1.1944119930267334;7.041982650756836;
2020-12-02 10:35:33;1606876560.878356;faceUp;0.1993437260389328;4.094983100891113;6.2293853759765625;
2020-12-02 10:35:33;1606876560.94235;faceUp;-2.4305648803710938;2.419675350189209;5.724531650543213;
2020-12-02 10:35:33;1606876560.982331;faceUp;-0.9942064881324768;-1.1712374687194824;2.80519700050354;
2020-12-02 10:35:33;1606876561.039154;faceUp;2.5083048343658447;-0.594525158405304;-2.81473708152771;
2020-12-02 10:35:33;1606876561.083098;faceUp;1.521916151046753;-1.1113698482513428;-4.935878276824951;
2020-12-02 10:35:33;1606876561.1395369;faceUp;0.43604975938796997;-0.9453409314155579;-5.722806453704834;
2020-12-02 10:35:33;1606876561.180764;faceUp;2.7154202461242676;-0.1121361255645752;-7.943506717681885;
2020-12-02 10:35:33;1606876561.2404308;faceUp;5.169778823852539;-0.7908951640129089;-9.369610786437988;
2020-12-02 10:35:33;1606876561.280941;faceUp;5.619433879852295;-1.2768429517745972;-8.64138126373291;
2020-12-02 10:35:33;1606876561.341094;faceUp;4.129088401794434;-1.2214220762252808;-6.434767246246338;
2020-12-02 10:35:33;1606876561.38216;faceUp;1.4317646026611328;-0.23513102531433105;-3.8997600078582764;
2020-12-02 10:35:33;1606876561.441805;faceUp;-1.4649736881256104;-0.16476976871490479;-0.8026580810546875;
2020-12-02 10:35:33;1606876561.482708;faceUp;-1.117084264755249;1.9820245504379272;0.1073235273361206;
2020-12-02 10:35:33;1606876561.542352;faceUp;-1.7142109870910645;3.7975268363952637;-0.45165586471557617;
2020-12-02 10:35:33;1606876561.585259;faceUp;-6.246556282043457;0.4023599624633789;1.7052944898605347;
2020-12-02 10:35:33;1606876561.6455011;faceUp;-6.79065465927124;-3.3165102005004883;3.3012337684631348;
2020-12-02 10:35:33;1606876561.685982;faceUp;-3.3900506496429443;-5.5826568603515625;3.383842706680298;
2020-12-02 10:35:33;1606876561.74565;faceUp;0.45913535356521606;-6.21991491317749;3.7137022018432617;
2020-12-02 10:35:33;1606876561.7857208;faceUp;2.8537275791168213;-4.261306285858154;5.123631477355957;
2020-12-02 10:35:33;1606876561.845063;faceUp;2.148357629776001;0.9126245379447937;6.226174354553223;
2020-12-02 10:35:33;1606876561.8853421;faceUp;-1.5120939016342163;2.9818594455718994;6.62558126449585;
2020-12-02 10:35:33;1606876561.9455829;faceUp;-3.7422149181365967;3.6886956691741943;6.483622074127197;
2020-12-02 10:35:33;1606876561.988634;faceUp;-1.460781455039978;0.45274192094802856;5.5460991859436035;
2020-12-02 10:35:33;1606876562.0458999;faceUp;2.245910406112671;-1.1358896493911743;1.2041442394256592;
2020-12-02 10:35:33;1606876562.089215;faceUp;1.8010932207107544;-0.25329163670539856;-3.0143842697143555;
2020-12-02 10:35:33;1606876562.1496692;faceUp;-0.35615411400794983;-0.6673064231872559;-5.497142791748047;
2020-12-02 10:35:33;1606876562.186452;faceUp;1.8754984140396118;-1.1680949926376343;-7.8351030349731445;
2020-12-02 10:35:33;1606876562.246702;faceUp;4.741686820983887;-1.9339486360549927;-9.318358421325684;
2020-12-02 10:35:33;1606876562.286964;faceUp;5.455576419830322;-2.0759382247924805;-8.828816413879395;
2020-12-02 10:35:33;1606876562.347367;faceUp;4.162103176116943;-1.5683730840682983;-6.815394401550293;
2020-12-02 10:35:33;1606876562.387609;faceUp;1.7596937417984009;-0.0019379822770133615;-4.128458499908447;
2020-12-02 10:35:33;1606876562.448004;faceUp;-0.46464329957962036;1.0721460580825806;-1.7751185894012451;
2020-12-02 10:35:33;1606876562.488652;faceUp;-0.9024206399917603;2.271660327911377;-0.42390626668930054;
2020-12-02 10:35:33;1606876562.548613;faceUp;-2.186649799346924;1.5907998085021973;-0.08123360574245453;
2020-12-02 10:35:33;1606876562.588996;faceUp;-4.116123676300049;-2.6689913272857666;1.8883066177368164;
2020-12-02 10:35:33;1606876562.649242;faceUp;-3.5781354904174805;-4.956757545471191;4.2797322273254395;
2020-12-02 10:35:33;1606876562.689663;faceUp;-1.1021082401275635;-5.555094242095947;5.854913711547852;
2020-12-02 10:35:33;1606876562.7499142;faceUp;1.8954998254776;-3.230652093887329;7.5469160079956055;
2020-12-02 10:35:33;1606876562.7908978;faceUp;2.5948493480682373;1.758913278579712;8.4782133102417;
2020-12-02 10:35:33;1606876562.850579;faceUp;0.2910912334918976;2.3625965118408203;7.303348064422607;
2020-12-02 10:35:33;1606876562.8914928;faceUp;-1.5551835298538208;4.173556327819824;5.270219802856445;
2020-12-02 10:35:33;1606876562.951231;faceUp;-2.5617315769195557;3.7931790351867676;3.86322021484375;
2020-12-02 10:35:33;1606876562.9969711;faceUp;0.33734792470932007;-0.5101351737976074;1.5402112007141113;
2020-12-02 10:35:33;1606876563.0516891;faceUp;2.684652090072632;-1.0086363554000854;-1.5377832651138306;
2020-12-02 10:35:33;1606876563.097126;faceUp;1.1627670526504517;-0.634725034236908;-3.4264304637908936;
2020-12-02 10:35:33;1606876563.152514;faceUp;1.0224096775054932;-0.526021420955658;-5.609211444854736;
2020-12-02 10:35:33;1606876563.192805;faceUp;3.041088581085205;-1.2470369338989258;-7.814468860626221;
2020-12-02 10:35:33;1606876563.25301;faceUp;4.141129493713379;-2.3414466381073;-8.523587226867676;
2020-12-02 10:35:33;1606876563.295131;faceUp;4.2284674644470215;-1.7642062902450562;-7.708271503448486;
2020-12-02 10:35:33;1606876563.355413;faceUp;3.5545387268066406;-0.687630832195282;-5.647467613220215;
2020-12-02 10:35:33;1606876563.395684;faceUp;1.8176883459091187;0.9076907634735107;-3.3637797832489014;
2020-12-02 10:35:33;1606876563.455463;faceUp;-1.0910749435424805;1.8925306797027588;-1.1853487491607666;
2020-12-02 10:35:33;1606876563.4960752;faceUp;-2.9406285285949707;1.8357903957366943;0.1706545650959015;
2020-12-02 10:35:33;1606876563.555728;faceUp;-3.424715995788574;2.341721296310425;0.8726025819778442;
2020-12-02 10:35:33;1606876563.595773;faceUp;-4.336851596832275;1.9990626573562622;2.489424705505371;
2020-12-02 10:35:33;1606876563.65548;faceUp;-5.526526927947998;-0.04556162655353546;2.8929433822631836;
2020-12-02 10:35:33;1606876563.695909;faceUp;-5.447348117828369;-2.5569121837615967;3.292104482650757;
2020-12-02 10:35:33;1606876563.756137;faceUp;-4.199071407318115;-1.572878122329712;4.366898536682129;
2020-12-02 10:35:33;1606876563.7964358;faceUp;-2.682772397994995;0.6739158630371094;5.782719612121582;
2020-12-02 10:35:33;1606876563.8568301;faceUp;-1.244251012802124;2.4656639099121094;5.912719249725342;
2020-12-02 10:35:33;1606876563.897105;faceUp;1.0142196416854858;1.5694764852523804;3.5149903297424316;
2020-12-02 10:35:33;1606876563.957473;faceUp;2.2872719764709473;0.2737516462802887;2.112309455871582;
2020-12-02 10:35:33;1606876563.99773;faceUp;2.810407876968384;0.6249262094497681;1.9683170318603516;
2020-12-02 10:35:33;1606876564.058796;faceUp;2.0152747631073;2.6405351161956787;-0.16980262100696564;
2020-12-02 10:35:33;1606876564.0986428;faceUp;1.0125963687896729;4.37307596206665;-1.285124659538269;
2020-12-02 10:35:33;1606876564.159357;faceUp;0.028981583192944527;4.268332481384277;-1.1309473514556885;
2020-12-02 10:35:33;1606876564.1992059;faceUp;-0.09184417128562927;3.548929452896118;-0.920003354549408;
2020-12-02 10:35:33;1606876564.259433;faceUp;0.4366028904914856;3.2653679847717285;-0.8436862230300903;
2020-12-02 10:35:33;1606876564.299819;faceUp;0.9456035494804382;1.1163134574890137;-0.7913753390312195;
2020-12-02 10:35:33;1606876564.360067;faceUp;0.8630545735359192;-0.2242906242609024;-0.31730177998542786;
2020-12-02 10:35:33;1606876564.400258;faceUp;0.3053945302963257;0.8131557703018188;-0.38141101598739624;
2020-12-02 10:35:33;1606876564.460474;faceUp;0.6463484168052673;1.7758381366729736;-0.05577138811349869;
2020-12-02 10:35:33;1606876564.50101;faceUp;0.923065185546875;1.5096744298934937;-0.0005273058777675033;
2020-12-02 10:35:33;1606876564.5619202;faceUp;1.7833296060562134;0.9771377444267273;-0.0337398536503315;
2020-12-02 10:35:33;1606876564.602319;faceUp;1.9919531345367432;1.5026772022247314;-0.11200829595327377;
2020-12-02 10:35:33;1606876564.662002;faceUp;1.411045789718628;1.1310535669326782;-0.44107964634895325;
2020-12-02 10:35:33;1606876564.702158;faceUp;-0.30756527185440063;-1.0913817882537842;-1.20152747631073;
2020-12-02 10:35:33;1606876564.762444;faceUp;-2.0028533935546875;-1.7702410221099854;-0.12923601269721985;
2020-12-02 10:35:33;1606876564.8028731;faceUp;-3.510225772857666;-2.336012125015259;1.0152266025543213;
2020-12-02 10:35:33;1606876564.8656;faceUp;-2.7125394344329834;-0.35733655095100403;0.3967367112636566;
2020-12-02 10:35:33;1606876564.905322;faceUp;-0.9815775156021118;-0.021583056077361107;-0.20307189226150513;
2020-12-02 10:35:33;1606876564.96545;faceUp;0.3646746277809143;-0.351880818605423;-0.19068579375743866;
2020-12-02 10:35:33;1606876565.00624;faceUp;0.850208044052124;-0.21050263941287994;-0.49485155940055847;
2020-12-02 10:35:33;1606876565.0651321;faceUp;0.3090673089027405;0.5915693044662476;-0.36797934770584106;
2020-12-02 10:35:33;1606876565.105445;faceUp;-0.02888624370098114;0.6341327428817749;-0.3605499267578125;
2020-12-02 10:35:33;1606876565.1649342;faceUp;-0.3390555679798126;-0.24620923399925232;-0.2605535686016083;
2020-12-02 10:35:33;1606876565.205984;faceUp;-0.4288291335105896;-0.710793673992157;0.057430535554885864;
2020-12-02 10:35:33;1606876565.265629;faceUp;-0.3231455683708191;-0.6006456017494202;-0.07219962775707245;
2020-12-02 10:35:33;1606876565.306628;faceUp;-0.3235224187374115;-0.12589775025844574;-0.07110293954610825;
2020-12-02 10:35:33;1606876565.36627;faceUp;-0.3652440309524536;0.19550985097885132;0.10560418665409088;
2020-12-02 10:35:33;1606876565.407176;faceUp;-0.7333216667175293;0.3368901312351227;0.1198963075876236;
2020-12-02 10:35:33;1606876565.466885;faceUp;-1.3037406206130981;0.6591757535934448;0.09219037741422653;
2020-12-02 10:35:33;1606876565.507257;faceUp;-1.1695770025253296;0.048781123012304306;-0.08050469309091568;
2020-12-02 10:35:33;1606876565.567432;faceUp;-1.4738564491271973;-0.743964433670044;0.4534958600997925;
2020-12-02 10:35:33;1606876565.608007;faceUp;-2.1977901458740234;-1.2981137037277222;0.6814677715301514;
2020-12-02 10:35:33;1606876565.6677032;faceUp;-2.323796272277832;-0.17101915180683136;0.4409283995628357;
2020-12-02 10:35:33;1606876565.710297;faceUp;-1.1606007814407349;0.669916570186615;-0.24092766642570496;
2020-12-02 10:35:33;1606876565.768388;portrait;-0.5564443469047546;1.0490537881851196;0.041370075196027756;
2020-12-02 10:35:33;1606876565.8087;portrait;0.1905747354030609;0.8179422616958618;0.3240766227245331;
2020-12-02 10:35:33;1606876565.872025;portrait;0.8835846185684204;0.7794095277786255;0.03171079233288765;
2020-12-02 10:35:33;1606876565.9094439;portrait;1.6728249788284302;0.31530043482780457;-0.12361621111631393;
2020-12-02 10:35:33;1606876565.969479;portrait;1.9454429149627686;0.21411815285682678;-0.18954303860664368;
2020-12-02 10:35:33;1606876566.010264;portrait;1.8451099395751953;-0.5912702083587646;0.2194031924009323;
2020-12-02 10:35:33;1606876566.070713;portrait;0.896899938583374;0.22467225790023804;0.3912455141544342;
2020-12-02 10:35:33;1606876566.111034;portrait;0.0179385207593441;0.07705563306808472;0.44584059715270996;
2020-12-02 10:35:33;1606876566.171237;portrait;-0.09426125138998032;-0.6086284518241882;0.3382997512817383;
2020-12-02 10:35:33;1606876566.2114491;portrait;0.5898105502128601;-0.14810185134410858;0.2058144211769104;
2020-12-02 10:35:33;1606876566.271877;portrait;1.035211205482483;-0.3730321526527405;0.04101587459445;
2020-12-02 10:35:33;1606876566.319114;portrait;1.1537234783172607;-0.7546109557151794;0.14216220378875732;
2020-12-02 10:35:33;1606876566.3736439;portrait;0.5879495143890381;-0.13412292301654816;0.28399550914764404;
2020-12-02 10:35:33;1606876566.418302;portrait;0.0645744651556015;0.34842270612716675;0.17409908771514893;
2020-12-02 10:35:33;1606876566.474592;portrait;-0.3780815303325653;0.2951517403125763;0.52616286277771;
2020-12-02 10:35:33;1606876566.5136108;portrait;-0.2861507833003998;0.05108795315027237;0.9542707800865173;
2020-12-02 10:35:33;1606876566.5736861;portrait;-0.23147982358932495;-0.17672044038772583;1.132340908050537;
2020-12-02 10:35:33;1606876566.614253;portrait;-0.4257214665412903;-0.33108338713645935;1.149440050125122;
2020-12-02 10:35:33;1606876566.674237;portrait;-0.37383192777633667;-0.18569982051849365;0.904979407787323;
2020-12-02 10:35:33;1606876566.714952;portrait;-0.1674390584230423;0.029686257243156433;0.3157110810279846;
2020-12-02 10:35:33;1606876566.775031;portrait;-0.3084145486354828;1.2373735904693604;0.14223064482212067;
2020-12-02 10:35:33;1606876566.815672;portrait;0.27068954706192017;2.0573220252990723;0.4783894717693329;
2020-12-02 10:35:33;1606876566.875776;portrait;0.9370124340057373;1.3950759172439575;0.6048794984817505;
2020-12-02 10:35:33;1606876566.9158092;portrait;0.38842177391052246;1.0479315519332886;0.7006545066833496;
2020-12-02 10:35:33;1606876566.976074;portrait;-0.015957660973072052;0.4087885618209839;0.35182222723960876;
2020-12-02 10:35:33;1606876567.0209708;portrait;-0.05800657719373703;-0.38072630763053894;-0.0769517719745636;
2020-12-02 10:35:33;1606876567.076885;portrait;-0.06275525689125061;-0.687023401260376;-0.12322978675365448;
2020-12-02 10:35:33;1606876567.117382;portrait;-0.03149108216166496;-0.5166646838188171;-0.1821916401386261;
2020-12-02 10:35:33;1606876567.1775851;portrait;0.09989437460899353;0.02058783359825611;-0.11084023118019104;
2020-12-02 10:35:33;1606876567.217871;portrait;0.20430387556552887;0.2145375907421112;0.01828792691230774;
2020-12-02 10:35:33;1606876567.278112;portrait;0.1758517175912857;0.1306144744157791;0.13647262752056122;
2020-12-02 10:35:33;1606876567.32449;portrait;0.024463264271616936;0.11760546267032623;0.17742431163787842;
2020-12-02 10:35:33;1606876567.378773;portrait;-0.07370644807815552;-0.05089274048805237;0.10909319669008255;
2020-12-02 10:35:33;1606876567.419393;portrait;-0.0792817696928978;-0.22568266093730927;0.0011563445441424847;
2020-12-02 10:35:33;1606876567.4795651;portrait;-0.12729217112064362;-0.19746433198451996;-0.07745084911584854;
2020-12-02 10:35:33;1606876567.519964;portrait;-0.019029617309570312;-0.11875621229410172;-0.052315402776002884;
2020-12-02 10:35:33;1606876567.579865;portrait;0.05182884261012077;0.14510446786880493;-0.01883227750658989;
2020-12-02 10:35:33;1606876567.62016;portrait;0.027535753324627876;-0.015224759466946125;0.035477034747600555;
