time,wx,wy,wz
0.003177881,-0.87,-0.78,-0.22
0.013357878,-0.14,-0.31,-0.5
0.022803783,0.62,-0.09,-0.83
0.032858849,1.3,-0.28,-1.05
0.043772697,1.67,-0.52,-1.23
0.055276871,1.74,-0.69,-1.36
0.075547695,1.52,-0.56,-1.35
0.07592392,1.52,-0.56,-1.35
0.083097935,1.69,0.16,-1.11
0.092952728,2.1,1.23,-0.72
0.102851868,2.65,2.04,-0.5
0.112986803,3.16,2.11,-0.6
0.123045921,3.02,0.81,-0.96
0.132626772,2.11,-0.56,-1.22
0.143761873,1.01,-0.38,-1.07
0.155535698,0.06,0.2,-0.35
0.176205873,-0.18,0.54,0.79
0.176625729,-0.18,0.54,0.79
0.182710648,0.5,0.32,0.12
0.192817688,1.63,-0.56,-0.9
0.203154802,2.83,-1.39,-1.6
0.212941647,3.35,-1.81,-1.57
0.223799706,3.31,-2.23,-1.04
0.233032703,3.28,-2.75,-0.64
0.243014812,3.35,-3.83,-0.64
0.255169868,3.56,-4.96,-0.93
0.273183823,3.91,-6.31,-1.91
0.27350378,3.91,-6.31,-1.91
0.283268929,3.24,-5.89,-2.51
0.293069839,2.21,-6.58,-2.42
0.302827835,2.11,-5.18,-0.84
0.312905788,3.32,-2.53,-0.37
0.323964834,5.23,-2.64,-1.55
0.333272934,7.29,-3.17,-2.38
0.344009876,8.29,-3.54,-1.99
0.355789661,8.05,-4.56,-1.48
0.373282909,7.88,-5.99,-1.73
0.3735888,7.88,-5.99,-1.73
0.383095741,7.74,-7,-2.1
0.394362926,7.34,-8.3,-2.95
0.402755737,7.12,-9.16,-3.76
0.413033962,7.35,-9.54,-4.46
0.423082829,7.65,-9.5,-5.23
0.433795929,7.84,-8.47,-5.89
0.443360806,7.75,-7.89,-6.2
0.45544982,7.27,-7.91,-6.43
0.471650839,6.61,-8.17,-6.65
0.472863674,6.17,-8.5,-6.81
0.482821941,6.04,-8.41,-7.03
0.493151665,5.99,-7.81,-7.34
0.503048897,5.74,-6.88,-7.8
0.513109684,4.63,-4.69,-7.68
0.523155689,3.01,-1.6,-6.85
0.534118652,1.13,1.1,-5.72
0.544024944,-0.89,2.7,-4.31
0.554866791,0.04,3.28,-3.15
0.571059704,1.41,2.17,-1.37
0.572305679,2.17,0.62,0.84
0.58246994,2.19,-0.39,2.93
0.5932827,1.69,-0.18,4.56
0.603155851,1.09,0.31,5.88
0.613299847,0.73,0.43,7.04
0.624344826,0.64,0.87,8.05
0.633147717,0.52,1.87,8.94
0.643664837,0.33,2.75,9.35
0.655199766,-0.01,3.76,9.18
0.673820972,-1.02,5.33,8.57
0.674632788,-1.02,5.33,8.57
0.683119774,-1.39,5.57,8.34
0.693192959,-1.49,5.37,8.2
0.70309782,-1.46,4.93,8.16
0.71364975,-1.34,4.7,8.18
0.723369837,-1.34,4.96,8.25
0.733286858,-1.8,5.55,8.45
0.743423939,-2.37,6.06,8.83
0.755287647,-2.71,6.17,9.11
0.771960735,-2.72,5.3,9.42
0.773637772,-2.72,5.3,9.42
0.78288269,-2.54,5.04,9.52
0.792932987,-2.41,4.58,9.56
0.802456856,-2.23,4.1,9.5
0.812940836,-2.1,3.91,9.25
0.823188782,-2.3,4.18,8.89
0.834660769,-2.69,5.11,8.66
0.844120979,-3.05,6.11,8.46
0.855482817,-3.19,6.43,8.15
0.873592854,-2.55,4.82,7.41
0.873878956,-2.55,4.82,7.41
0.882913828,-2.2,3.96,6.8
0.893310785,-2.19,3.76,6.2
0.90313077,-2.39,4.07,5.44
0.914397717,-2.41,4.47,4.6
0.923698902,-1.97,4.87,3.78
0.933410883,-0.86,4.87,2.99
0.943627834,0.39,4.21,2.23
0.95539999,1.38,3.03,1.34
0.973374844,2.47,1.48,-0.73
0.974652767,2.47,1.48,-0.73
0.982875824,2.26,0.98,-1.93
0.993003845,1.45,0.51,-3.39
1.003198862,0.01,0.37,-5.06
1.012973785,-1.34,0.69,-6.48
1.024827957,-1.96,0.95,-7.65
1.033696651,-1.24,1.13,-8.59
1.043944836,0.75,1.33,-9.17
1.055824757,3.2,1.31,-9.52
1.073632717,7.4,-0.26,-9.69
1.074078798,7.4,-0.26,-9.69
1.083124876,9.07,-2.17,-9.81
1.093004704,10.29,-4.35,-10
1.103159904,11.12,-6.41,-10.06
1.113201857,11.41,-8.15,-10.01
1.123755932,10.84,-9.1,-9.84
1.132934809,8.88,-8.06,-9.52
1.143682957,6.72,-6.58,-9.15
1.155694962,5.2,-5.08,-9.01
1.173864841,3.41,-4.57,-8.44
1.174286842,3.41,-4.57,-8.44
1.182860851,3.24,-5.61,-8.24
1.193288803,4.25,-6.85,-8.28
1.203039646,5.86,-8.68,-8.13
1.214333773,7.32,-10.67,-7.92
1.223966837,7.76,-11.61,-7.75
1.233151913,5.86,-9.58,-7.4
1.244024754,2.77,-6,-7.3
1.256019831,-0.62,-1.8,-7.63
1.273975849,-3.16,4.51,-7.9
1.274814844,-3.16,4.51,-7.9
1.282854795,-1.27,4.37,-7.01
1.293096781,2.02,1.31,-5.55
1.303156853,4.87,-2.34,-4.49
1.314489841,5.25,-4.19,-4.08
1.323713779,3.41,-3.64,-3.52
1.333999872,0.86,-1.44,-2.43
1.343566895,-0.59,0.49,-1.29
1.355519772,-0.66,0.94,-0.17
1.373620987,0.5,0.2,2.03
1.373923779,0.5,0.2,2.03
1.385121822,0.64,-0.29,3.13
1.393111706,0.22,-0.55,4.03
1.403040886,-0.28,-0.4,4.66
1.412992001,-0.77,0.23,5.07
1.424513817,-0.98,0.95,5.34
1.433387756,-0.98,1.69,5.6
1.444478989,-0.99,2.7,6.04
1.456317902,-1.27,3.9,6.66
1.475041866,-2.89,5.61,8.27
1.475486755,-2.89,5.61,8.27
1.482861996,-3.72,6.16,9.35
1.493224859,-4.34,5.96,10.4
1.503348827,-4.72,5.25,11.08
1.51398468,-4.76,3.9,11.4
1.523504734,-4.27,2.61,11.41
1.533600807,-3.87,2.08,11.24
1.54357481,-3.56,2.75,10.58
1.555486679,-3.53,4.75,9.57
1.573494911,-4.26,7.12,8.27
1.573800802,-4.26,7.12,8.27
1.582570791,-4.28,6.93,7.9
1.593019962,-4.05,6.28,7.68
1.603046894,-3.78,5.28,7.65
1.613721848,-3.7,3.88,7.73
1.624225855,-3.66,2.96,7.86
1.633522987,-3.62,2.89,7.95
1.644254684,-4,3.61,7.89
1.653190851,-4.85,4.61,7.35
1.67381382,-7.95,6.39,5.82
1.674026966,-7.95,6.39,5.82
1.683152676,-9.09,6.13,5.61
1.693197727,-8.37,4.74,5.77
1.703142881,-6.28,3.05,6.18
1.713036776,-3.36,1.47,6.38
1.72405982,-0.78,0.91,6.17
1.732866764,0.87,0.84,5.87
1.744085789,1.86,1.09,5.43
1.753271818,2.43,1.12,4.75
1.772783756,3.23,-0.51,2.32
1.774163723,3.23,-0.51,2.32
1.782712936,3.03,-1.04,0.74
1.795401812,2.4,-0.94,-1.02
1.803183794,1.39,-0.54,-3.09
1.81306386,0.2,0.7,-5.06
1.82309866,-0.54,2.36,-6.5
1.83412385,0.01,3.16,-7.37
1.844172001,1.83,2.91,-7.83
1.855824947,4.06,2.27,-8.02
1.873177767,7.08,0.67,-8.17
1.873381853,7.08,0.67,-8.17
1.882823944,8.16,-0.08,-8.17
1.895085812,9.11,-1.15,-8.11
1.902938843,10.18,-2.56,-8.21
1.913112879,10.85,-3.84,-8.4
1.92325592,10.79,-5.01,-8.44
1.93399477,10.33,-5.95,-8.51
1.943586826,9.9,-6.44,-8.64
1.95516777,9.27,-6.54,-8.82
1.972183704,6.24,-3.97,-8.72
1.973688841,6.24,-3.97,-8.72
1.982711792,4.91,-2.42,-8.66
1.993046761,4.4,-1.91,-8.5
2.003290653,4.77,-2.78,-8.31
2.013290882,5.74,-4.17,-8.14
2.024414778,6.92,-5.46,-8.09
2.033708811,7.44,-6.32,-8.01
2.04438591,5.98,-4.52,-7.8
2.056509972,3.35,-0.5,-7.72
2.076551914,0.11,5.44,-7.46
2.076983929,0.11,5.44,-7.46
2.082540989,0.66,5.67,-6.72
2.093025684,2.67,3.42,-5.97
2.103238821,5.29,0.25,-5.51
2.115448952,6.74,-2.29,-5.23
2.12251091,6.11,-2.59,-4.88
2.133397818,3.49,-0.06,-4.29
2.144194841,0.53,2.77,-3.4
2.155100822,-1.33,4.31,-2.48
2.173732758,-1.32,4.97,-0.63
2.174037933,-1.32,4.97,-0.63
2.185131788,-1.67,4.72,0.38
2.193182945,-2.47,4.04,1.08
2.202924728,-3.4,3.5,1.62
2.213047981,-4.46,3.18,2.27
2.223099709,-5.72,2.94,3.16
2.233799934,-7.07,2.23,4.17
2.244268894,-8.28,1.19,5.03
2.255890846,-9.47,0.18,5.57
2.273531914,-11.05,-2.38,6.62
2.273926735,-11.05,-2.38,6.62
2.282813787,-10.54,-3.25,7.15
2.293330669,-9.13,-2.91,7.2
2.303057671,-7.52,-2.45,7.2
2.313197851,-6.07,-2.73,7.15
2.323863983,-5,-2.49,7.09
2.334182739,-4.96,-1.29,7.15
2.344094753,-5.6,0.29,6.99
2.355716705,-6.35,1.61,6.52
2.373467922,-6.66,2.08,5.84
2.373771667,-6.66,2.08,5.84
2.383127689,-6.25,1.39,5.67
2.392954826,-5.8,0.49,5.43
2.403208733,-5.45,-0.17,5.06
2.41324687,-5.49,-0.16,4.65
2.42389679,-5.95,0.1,4.46
2.433187962,-6.68,0.75,4.28
2.44410181,-7.47,1.75,3.97
2.456106663,-7.73,2.46,3.54
2.477021694,-7.16,2.32,2.57
2.477650881,-7.16,2.32,2.57
2.482896805,-6.57,0.91,2.29
2.493101835,-5.86,-0.14,1.89
2.503204823,-5.15,-0.51,1.69
2.51301384,-4.57,0.36,1.46
2.524717808,-4.09,1.79,1.34
2.534000874,-3.02,2.7,1.28
2.544027805,-1.62,3.23,1.25
2.555478811,-0.31,2.82,1.42
2.57531786,2.68,-0.27,0.6
2.575605869,2.68,-0.27,0.6
2.583463669,3.93,-0.48,-0.2
2.59333086,4.61,0.11,-1.04
2.603150845,4.6,0.98,-1.93
2.613388777,4.33,1.34,-2.64
2.624629974,4.09,1.6,-3.18
2.633686781,3.97,2.05,-3.43
2.644161701,4.34,2.49,-3.33
2.655704975,5.18,2.49,-3.09
2.674263,7.12,2.16,-2.63
2.675605774,7.12,2.16,-2.63
2.683301926,7.48,2.33,-2.55
2.692926884,7.34,2.61,-2.41
2.702904701,6.97,2.43,-2.27
2.71297884,6.79,1.62,-2.3
2.723414898,6.88,0.62,-2.26
2.733108997,6.8,-0.04,-2.23
2.743816853,6.38,0.19,-2.34
2.75603199,5.87,0.51,-2.43
2.775654793,5.48,0.45,-2.16
2.776080847,5.48,0.45,-2.16
2.782762766,5.6,0.01,-1.85
2.79299283,5.64,-0.42,-1.65
2.802899837,5.62,-1.13,-1.5
2.813091755,5.6,-1.71,-1.5
2.824083805,5.5,-1.76,-1.64
2.833145857,5.44,-1.36,-1.66
2.844099998,5.52,-0.81,-1.69
2.856471777,5.65,-0.26,-1.77
2.877220869,6.05,-0.62,-1.5
2.877654791,6.05,-0.62,-1.5
2.882769823,6.45,-1.07,-1.44
2.893089771,6.96,-1.67,-1.39
2.903190851,7.16,-1.75,-1.61
2.913004875,6.94,-1.24,-1.89
2.923262835,6.55,-0.78,-2.08
2.933824778,6.3,-0.48,-2.27
2.944189787,6.25,-0.64,-2.37
2.955877781,6.2,-1.01,-2.48
2.97476387,6.16,-0.99,-2.26
2.97506094,6.16,-0.99,-2.26
2.982926846,5.86,-1.09,-1.83
2.993606806,5.13,-1.66,-1.22
3.003345966,4.32,-2.23,-0.67
3.013006687,3.44,-2.32,-0.27
3.024045944,2.21,-2.31,-0.13
3.033928871,0.95,-1.66,-0.25
3.044062853,-0.02,-0.25,-0.23
3.055864811,-0.5,0.87,0.34
3.073557854,-0.61,1.71,1.97
3.073856831,-0.61,1.71,1.97
3.083008766,-1.37,1.91,2.64
3.093182802,-2.56,2.33,3.25
3.102934837,-3.83,2.85,3.95
3.113381863,-5.34,2.49,4.55
3.124429703,-7.2,1.15,4.9
3.133314848,-8.93,-0.25,5.12
3.143617868,-10.2,-1.57,5.42
3.155859947,-10.88,-3.25,5.89
3.173681736,-10.27,-5.03,6.92
3.173996925,-10.27,-5.03,6.92
3.182890892,-9.3,-3.32,7.14
3.193399906,-8.16,-1.29,7.22
3.203252792,-6.9,-0.03,7.23
3.213338852,-5.8,0.42,7.06
3.224609852,-5.17,1.08,6.98
3.233289719,-5.03,1.76,6.94
3.243990898,-5.25,2.28,6.77
3.255641937,-5.71,2.4,6.48
3.272874832,-6.38,1.58,6.03
3.274440765,-6.38,1.58,6.03
3.282883883,-6.54,1.5,5.92
3.293215752,-6.62,1.59,5.9
3.303421974,-6.53,1.67,5.78
3.313267708,-6.26,1.45,5.68
3.323314667,-5.77,1.2,5.53
3.33411479,-5.44,1.19,5.18
3.343375683,-5.53,1.33,4.74
3.356014729,-6.14,2,4.23
3.373613834,-8.44,2.74,3.54
3.373936653,-8.44,2.74,3.54
3.382827759,-8.56,2.66,3.64
3.393351793,-7.54,1.94,4.03
3.403249741,-5.39,1.2,4.33
3.413037777,-2.94,0.91,4.45
3.423331738,-0.81,0.44,4.71
3.434276819,1.31,-0.06,4.82
3.443744659,3.5,-0.5,4.35
3.455834866,5.16,-0.86,3.3
3.472878933,5.07,-1.05,0.43
3.474226952,5.07,-1.05,0.43
3.483264923,4.21,-1.28,-1.49
3.493108749,3.04,-1.33,-3.58
3.503145695,1.6,-1.11,-5.37
3.513207912,0.48,-0.73,-6.65
3.524743795,0.58,0.03,-7.17
3.533099651,2.24,0.65,-7.13
3.543895721,4.86,0.99,-6.99
3.556522846,7.47,1.13,-6.92
3.576409817,10.11,0.15,-6.95
3.577269793,10.11,0.15,-6.95
3.582777977,10.68,-1.09,-7.08
3.59339571,11.06,-2.58,-7.15
3.603060722,11.19,-4.02,-7.23
3.614165783,10.98,-5.2,-7.38
3.623569965,10.1,-5.06,-7.6
3.633324862,8.8,-4.28,-7.59
3.643906832,7.78,-3.68,-7.41
3.65609479,7.05,-3.83,-7.29
3.675713778,5.37,-5.48,-6.85
3.676183701,5.37,-5.48,-6.85
3.682858944,4.93,-6.27,-6.72
3.69343996,4.91,-6.09,-6.77
3.703140736,4.98,-5.66,-6.67
3.713372707,5.08,-5.35,-6.56
3.723359823,4.74,-4.9,-6.38
3.733448982,4.13,-4.55,-6.13
3.744196892,3.81,-3.92,-6.15
3.755806923,3.57,-3.05,-6.21
3.773597717,2.98,-2.25,-6.32
3.77389884,2.98,-2.25,-6.32
3.782996655,2.53,-1.65,-6.37
3.794499874,1.82,-0.37,-6.41
3.803115845,1.3,0.91,-6.39
3.813313961,1.26,1.88,-6.21
3.823337793,1.82,1.77,-5.72
3.833480835,2.7,0.46,-4.78
3.844038963,3.19,-1.02,-3.36
3.85599184,3.25,-1.37,-2.06
3.873551846,1.55,0.89,-1.64
3.87385273,1.55,0.89,-1.64
3.883324862,-0.12,2.97,-1.43
3.893525839,-1.35,4.64,-0.47
3.903287888,-1.39,5.08,1.13
3.913291931,-0.83,4.23,3.32
3.92459178,-0.78,2.88,5.19
3.933701992,-1.59,1.76,6.64
3.943865776,-2.81,1.13,7.85
3.955801964,-4.1,0.95,9.16
3.973959923,-5.85,-0.97,11.78
3.974357843,-5.85,-0.97,11.78
3.983131886,-5.5,-2.56,12.76
3.993247986,-4.42,-3.28,13.12
4.003261805,-3.25,-2.17,12.78
4.013260841,-2.57,0.28,11.53
4.023841858,-2.31,2.02,10.68
4.0331738,-2.35,2.72,10.1
4.044237852,-2.31,3.58,9.55
4.056293964,-2.51,4.49,9
4.075877666,-3.58,5.38,8.33
4.076705933,-3.58,5.38,8.33
4.08283782,-4.01,5.1,8.24
4.09302783,-4.28,4.52,8.2
4.10330081,-4.52,4.06,8.15
4.113626957,-4.81,3.76,8.09
4.124760866,-5.14,3.66,7.96
4.133687973,-5.58,3.69,7.78
4.143389702,-6.04,3.87,7.59
4.155772686,-6.46,4.14,7.37
4.173201799,-6.44,4.1,7.02
4.173415661,-6.44,4.1,7.02
4.182495832,-6.11,3.35,7.08
4.193388939,-5.59,2.51,6.96
4.205525875,-5.26,2.49,6.61
4.213208675,-5.64,3.28,6.14
4.223362923,-6.18,4.22,5.71
4.233734846,-6.04,4.81,5.26
4.244260788,-4.66,3.62,5.03
4.25593996,-1.97,1.19,4.89
4.273444653,2.63,-1.49,3.31
4.274972916,2.63,-1.49,3.31
4.283401966,3.29,-1.11,2.13
4.293398857,2.96,-0.76,0.53
4.303258896,2.17,0.09,-1.69
4.31343174,0.9,1.59,-3.82
4.326070786,-0.27,3.23,-5.56
4.332994938,-0.54,4.05,-6.76
4.344209671,0.5,3.79,-7.39
4.355722904,2.49,3.07,-7.68
4.373598814,6.2,2.35,-7.63
4.373896837,6.2,2.35,-7.63
4.383195877,7.46,1.9,-7.64
4.393052816,8.45,1.2,-7.6
4.403064728,9.56,0.36,-7.63
4.41532588,10.72,-0.68,-7.73
4.423265934,11.53,-2.03,-7.84
4.434303761,11.84,-3.35,-8
4.44445467,11.46,-4.18,-8.23
4.456164837,10.74,-4.78,-8.47
4.474434853,9.05,-4.79,-9
4.474845886,9.05,-4.79,-9
4.483007908,7.71,-3.85,-9
4.493372917,6.23,-2.59,-8.86
4.502671719,4.9,-1.51,-8.72
4.513415813,3.93,-0.96,-8.61
4.524574757,3.73,-1.1,-8.46
4.534187794,4.35,-1.6,-8.34
4.544407845,5.28,-2.41,-8.34
4.556012869,6.16,-3.31,-8.41
4.575001717,5.21,-1.54,-8.29
4.5753088,5.21,-1.54,-8.29
4.58292985,3.53,0.5,-7.5
4.59321785,2.09,1.7,-6.5
4.603318691,1.51,2.09,-5.74
4.613073826,1.87,1.66,-5.15
4.62458086,2.55,0.16,-4.61
4.633771896,2.71,-1.31,-4.17
4.644570827,2.32,-1.45,-3.77
4.655813694,1.23,-0.05,-3.33
4.67333889,-0.14,2.46,-1.89
4.673545837,-0.14,2.46,-1.89
4.682749748,-0.18,3.17,-0.89
4.693251848,-0.25,3.49,0.23
4.703099728,-0.5,3.61,1.33
4.712985992,-1.12,3.47,2.55
4.723937988,-2.17,2.49,4.07
4.73384285,-3.34,0.97,5.56
4.74415493,-4.37,-0.23,6.95
4.756070852,-5.15,-1.1,8.3
4.775166988,-5.61,-2.76,10.64
4.775477886,-5.61,-2.76,10.64
4.783053875,-5.34,-3.27,11.12
4.793490887,-4.9,-3.02,10.95
4.803296804,-4.22,-1.65,10.66
4.8132267,-3.39,-0.42,10.52
4.823797703,-2.73,-0.03,10.3
4.8338027,-2.24,0.34,9.94
4.84398365,-2.25,1.14,9.68
4.855451822,-2.95,2.09,9.61
4.873620987,-4.07,2.3,9.45
4.873924732,-4.07,2.3,9.45
4.882925987,-3.89,1.92,9.35
4.893176794,-3.55,1.51,9.27
4.90307188,-3.28,1.13,9.21
4.912953854,-3.19,0.97,9.19
4.924669743,-3.38,0.94,9.23
4.933442831,-3.74,1.28,9.18
4.943858862,-4.21,2.02,8.95
4.955796719,-4.98,2.85,8.47
4.973378658,-6.05,3.18,7.51
4.973681927,-6.05,3.18,7.51
4.9829669,-5.67,2.28,7.19
4.993478775,-4.65,1.06,6.97
5.003174782,-3.43,0.68,6.55
5.013069868,-2.84,1.52,5.89
5.023796797,-2.92,2.49,5.06
5.033874989,-2.81,3.23,4.34
5.043464661,-2.17,2.78,3.85
5.056299686,-0.7,1.51,2.99
5.073943853,2.57,-0.27,0.12
5.074248791,2.57,-0.27,0.12
5.08280468,3.51,-0.75,-1.14
5.093921661,4.13,-0.62,-2.46
5.103198767,3.91,-0.03,-3.93
5.113423824,2.9,0.78,-5.31
5.12384367,1.91,1.59,-6.34
5.134124756,1.57,2.12,-7.25
5.143991947,1.95,2.18,-8.01
5.156489849,2.83,1.96,-8.57
5.175302982,5.01,1.17,-9.24
5.176158905,5.01,1.17,-9.24
5.182688713,5.88,0.29,-9.41
5.193143845,6.65,-0.76,-9.48
5.203248978,7.3,-1.33,-9.59
5.213459969,7.74,-1.78,-9.66
5.223380804,7.92,-2.57,-9.63
5.234115839,7.86,-3.32,-9.57
5.243798733,7.59,-3.99,-9.48
5.255557775,7.31,-4.64,-9.31
5.273821831,5.89,-5.17,-8.35
5.274131775,5.89,-5.17,-8.35
5.283047676,4.72,-5.3,-7.8
5.293376923,3.58,-4.9,-7.57
5.303500652,2.44,-3.89,-7.44
5.313199997,1.43,-2.64,-7.36
5.323765755,1.03,-1.7,-7.26
5.333834648,1.2,-1.37,-7.23
5.343960762,1.69,-1.32,-7.34
5.356171846,2.15,-1.32,-7.45
5.373811722,1.61,-0.18,-7.23
5.37535882,1.61,-0.18,-7.23
5.382850647,0.81,1.16,-7.11
5.393343925,0.15,2.33,-6.97
5.402898788,0.08,2.63,-6.49
5.415260792,0.62,1.79,-5.77
5.423257828,1.46,0.22,-5.09
5.434729815,1.84,-1.09,-4.58
5.443714857,1.42,-1.28,-4.07
5.45592165,0.49,-0.29,-3.5
5.472886801,-0.66,2.87,-2.11
5.47395587,-0.66,2.87,-2.11
5.482572794,-0.25,3.36,-0.94
5.493251801,0.53,3.36,0.32
5.503290653,1.06,3.35,1.8
5.513395786,0.99,2.99,3.62
5.523479939,0.3,2.19,5.42
5.53448391,-0.71,1.27,6.92
5.54364872,-1.62,0.41,8.26
5.555811882,-2.38,-0.41,9.62
5.572795868,-3.01,-1.72,11.77
5.574149847,-3.01,-1.72,11.77
5.583265781,-3.08,-1.68,12.19
5.593173981,-3.11,-1.04,12
5.603302002,-3.09,0.01,11.4
5.613423824,-2.83,0.93,10.84
5.624409676,-2.31,1.3,10.43
5.633354664,-1.86,1.56,10.08
5.643861771,-1.77,2.04,9.76
5.656206846,-2.09,2.43,9.52
5.674629688,-3.67,2.21,9.26
5.674938679,-3.67,2.21,9.26
5.683273792,-4.03,2.11,9.23
5.693671703,-4.12,2.03,9.15
5.703037739,-4.17,1.96,9.04
5.714431763,-4.33,1.98,8.9
5.723577976,-4.64,2.04,8.69
5.734026909,-4.89,2.08,8.43
5.744575977,-4.97,2.22,8.05
5.75579381,-4.98,2.75,7.54
5.774959803,-5.11,2.92,7.03
5.776475906,-5.11,2.92,7.03
5.78310585,-4.93,2.4,7.04
5.793218851,-4.39,2.17,7.04
5.803479671,-3.43,2.28,6.67
5.81306076,-2.2,2.26,5.84
5.824380875,-0.9,1.83,4.93
5.83409071,0.04,1.61,4.17
5.843920708,0.32,1.46,3.42
5.855767727,0.05,1.29,2.52
5.874869823,-0.39,1.39,-0.2
5.875164986,-0.39,1.39,-0.2
5.883270741,0.04,1.41,-1.55
5.89343977,0.44,1.37,-3
5.903402805,0.65,1.43,-4.52
5.913474798,0.82,1.61,-5.61
5.92383194,1.25,1.94,-6.37
5.933569908,2.14,2.3,-6.98
5.944027901,3.22,2.24,-7.41
5.955736876,4.28,1.61,-7.7
5.975035667,6.37,-0.14,-8.41
5.97543478,6.37,-0.14,-8.41
5.983411789,7.24,-1.09,-8.8
5.99353981,7.67,-1.98,-9.17
6.003534794,7.56,-2.29,-9.39
6.013122797,6.97,-2.28,-9.39
6.023792744,6.14,-2.19,-9.19
6.033183813,5.3,-2.03,-8.92
6.044381857,4.64,-2.05,-8.63
6.056451797,4.25,-2.25,-8.42
6.075535774,3.88,-3.27,-8.14
6.075837851,3.88,-3.27,-8.14
6.083039761,3.77,-4.06,-8.11
6.09359479,3.87,-4.66,-8.23
6.103527784,4.18,-4.9,-8.49
6.113453865,4.17,-4.34,-8.67
6.124427795,3.44,-3.45,-8.55
6.133714676,2.59,-2.57,-8.37
6.14424181,1.84,-1.85,-8.22
6.156692982,1.13,-1.02,-7.97
6.17679286,0.42,0.42,-7.72
6.177650928,0.42,0.42,-7.72
6.183074951,0.8,0.8,-7.81
6.195337772,1.46,0.33,-7.69
6.203325748,2.1,-0.45,-7.12
6.213145733,2.03,-0.69,-6.26
6.223916769,0.98,-0.2,-5.37
6.234302998,-0.32,0.8,-4.67
6.243828773,-1.04,1.96,-4.07
6.255976677,-0.88,2.72,-3.43
6.273941994,1.43,3.09,-1.41
6.274244785,1.43,3.09,-1.41
6.282958984,2.04,3.25,-0.09
6.2942729,1.91,3.42,1.61
6.303267002,1.31,3.32,3.42
6.313409805,0.6,2.89,5.05
6.323204994,-0.11,2.25,6.52
6.333898783,-0.87,1.53,7.9
6.343457699,-1.69,0.9,9.11
6.355715752,-2.48,0.43,10.2
6.375063896,-3.11,-0.71,12.06
6.375392914,-3.11,-0.71,12.06
6.383134842,-2.65,-1.32,12.5
6.393366814,-2.03,-1.38,12.33
6.403375864,-1.35,-0.57,11.63
6.413347721,-0.6,0.44,10.76
6.424431801,-0.06,1.15,10.04
6.43410182,0.11,1.88,9.63
6.444540977,-0.07,2.9,9.42
6.456466675,-0.59,3.85,9.31
6.477737904,-1.53,4.33,9.08
6.478605747,-1.53,4.33,9.08
6.483006954,-1.75,4.06,9.01
6.493510723,-1.85,3.92,8.94
6.503387928,-2.05,4,8.88
6.512984753,-2.37,3.99,8.8
6.524233818,-2.75,3.98,8.49
6.533630848,-3.49,4.16,7.92
6.543944836,-4.64,4.53,7.33
6.555583954,-5.92,5.08,6.93
6.575179815,-7.33,4.2,6.96
6.575488806,-7.33,4.2,6.96
6.583261967,-5.95,3.21,6.75
6.595595837,-3.72,2.67,6.03
6.602867842,-2.04,2.56,5.06
6.613245964,-1.91,3.09,4.25
6.624542713,-2.85,3.56,3.78
6.633285999,-3.36,3.66,3.4
6.644370794,-2.85,3.04,2.81
6.655874729,-1.59,1.99,1.96
6.673784733,0.53,1.04,-0.35
6.674084663,0.53,1.04,-0.35
6.682597876,1.36,0.95,-1.56
6.69350481,2.05,1.09,-2.84
6.703031778,2.48,1.27,-3.96
6.713271856,2.91,1.61,-4.99
6.724587917,3.2,2.02,-5.93
6.733947754,3.28,2.2,-6.58
6.744022846,3.42,2.14,-6.95
6.756238937,3.82,1.97,-7.26
6.775662899,5.59,0.92,-7.74
6.776633739,5.59,0.92,-7.74
6.783036709,6.6,-0.14,-7.86
6.79336977,7.54,-1.23,-8.12
6.803417683,8.23,-2.46,-8.44
6.815507889,8.52,-3.59,-8.7
6.823471785,8.26,-4.02,-8.8
6.833974838,7.7,-4.19,-8.71
6.843602657,7.1,-4.34,-8.57
6.855609894,6.46,-4.48,-8.38
6.873270988,5.42,-5.39,-8.36
6.874331951,5.42,-5.39,-8.36
6.883544922,5.06,-5.98,-8.51
6.893501759,4.9,-6.22,-8.73
6.903309822,4.5,-5.57,-8.93
6.913469791,3.58,-4.29,-8.72
6.923962831,2.34,-3.1,-8.2
6.933992863,0.97,-2.08,-7.65
6.94391489,-0.1,-1.24,-7.27
6.956484795,-0.48,-0.61,-7.09
6.976121902,0.16,-0.62,-7.23
6.976532936,0.16,-0.62,-7.23
6.982774734,0.96,-1.17,-7.48
6.993220806,1.66,-1.82,-7.66
7.003098965,2.12,-2.37,-7.64
7.013360977,1.9,-2.54,-7.26
7.023918867,0.73,-2.04,-6.31
7.033994675,-0.76,-0.96,-4.94
7.044500828,-1.33,0.24,-3.83
7.055556774,-0.71,0.85,-3.31
7.073077679,0.88,0.47,-2.45
7.074133873,0.88,0.47,-2.45
7.083349705,0.67,0.66,-1.39
7.093518734,0.39,1.45,-0.09
7.103313923,0.51,2.27,1.02
7.115632772,0.86,2.33,2.1
7.123007774,1.14,1.81,3.49
7.133841991,0.97,1.03,5.15
7.144424915,0.46,0.43,6.76
7.155283928,0.04,0.2,8.2
7.173326969,-0.31,-0.62,10.38
7.173629761,-0.31,-0.62,10.38
7.183252811,-0.23,-0.93,11.08
7.193304777,-0.1,-0.68,11.41
7.203269958,-0.05,-0.22,11.39
7.21359396,-0.03,0.41,11.25
7.223949909,-0.07,1.24,10.85
7.234081745,-0.06,2.04,10.3
7.244324684,-0.02,2.7,9.84
7.25620079,-0.05,3.24,9.46
7.274037838,-0.16,3.08,9.08
7.274337769,-0.16,3.08,9.08
7.282912731,-0.28,2.92,9.05
7.293413877,-0.52,3.02,8.96
7.302972794,-0.99,3.21,8.88
7.313482761,-1.6,3.53,8.75
7.323893785,-2.23,3.99,8.54
7.333805799,-2.87,4.32,8.35
7.344792843,-3.42,4.45,8.23
7.355919838,-3.71,4.38,8.11
7.373238802,-3.22,3.52,7.92
7.374676704,-3.22,3.52,7.92
7.383231878,-2.73,3.16,7.67
7.393528938,-2.42,3.11,7.45
7.403247833,-2.72,3.44,7.35
7.413280964,-3.6,3.67,7.35
7.423336983,-4.32,3.47,7.26
7.434522867,-4.33,3.38,7.08
7.444700718,-3.67,2.88,6.67
7.455633879,-2.42,2.14,6
7.474101782,0.75,1.3,4.41
7.474414825,0.75,1.3,4.41
7.482816696,1.57,1.11,3.4
7.493286848,1.87,0.72,2.18
7.503475666,1.73,0.66,0.95
7.513148785,0.91,0.79,-0.37
7.523986816,-0.11,1.06,-1.77
7.533352852,-0.98,1.72,-3.17
7.544408798,-1.57,2.5,-4.49
7.555807829,-1.61,2.75,-5.64
7.575318813,0.25,2.64,-7.11
7.575670719,0.25,2.64,-7.11
7.583206654,1.59,2.36,-7.48
7.593575001,2.87,2,-7.8
7.603388786,3.91,1.48,-8.04
7.613360882,4.65,0.89,-8.25
7.624528885,5.41,0.17,-8.42
7.634012699,6.25,-0.71,-8.66
7.643735886,6.9,-1.87,-8.91
7.655787945,7.24,-3.14,-9.11
7.675385952,6.95,-4.9,-9.03
7.675779819,6.95,-4.9,-9.03
7.683131695,6.46,-5.35,-8.77
7.693470001,5.78,-5.2,-8.44
7.703336716,4.73,-4.93,-8.04
7.713983774,3.64,-4.84,-7.74
7.723951817,2.76,-4.56,-7.73
7.734390736,2.15,-3.98,-7.77
7.744089842,1.9,-3.34,-7.71
7.75549984,1.9,-3.06,-7.65
7.77496767,2.26,-3.7,-7.77
7.775266647,2.26,-3.7,-7.77
7.783158779,2.25,-3.63,-7.91
7.793587685,1.7,-2.58,-7.98
7.803429842,0.68,-1.21,-7.9
7.813364983,-0.39,0.12,-7.75
7.82445097,-1.09,1.23,-7.6
7.833684921,-1.11,1.99,-7.43
7.844263792,-0.24,1.73,-7.2
7.85605979,1.22,0.2,-6.92
7.874631882,2.67,-2.49,-6.11
7.874932766,2.67,-2.49,-6.11
7.883408785,1.91,-2.07,-5.37
7.893495798,0.44,-0.56,-4.59
7.903544903,-0.74,0.95,-3.96
7.913209915,-1.09,1.92,-3.37
7.923232794,-0.49,2.33,-2.75
7.934035778,0.83,2.36,-1.88
7.943820953,1.75,2.13,-0.67
7.955005646,1.83,1.98,0.76
7.973582745,1.17,2.2,3.82
7.973985672,1.17,2.2,3.82
7.982889652,0.84,1.94,5.45
7.993414879,0.45,1.23,7.21
8.003421783,-0.03,0.6,8.89
8.01350379,-0.56,0.16,10.33
8.02488184,-1.06,-0.31,11.53
8.033667803,-1.26,-0.71,12.43
8.044697762,-1.29,-0.98,12.82
8.055142879,-1.25,-0.97,12.75
8.073920727,-0.36,1.26,11.32
8.074222803,-0.36,1.26,11.32
8.08335495,0.23,1.93,10.63
8.093441963,0.69,2.48,10.08
8.103149891,0.71,3.28,9.7
8.11349678,0.17,4.24,9.5
8.123980999,-0.7,5.02,9.35
8.133637905,-1.48,5.29,9.19
8.144574881,-1.88,5.07,9.02
8.155714989,-1.87,4.7,8.88
8.174398899,-1.14,3.68,8.23
8.17469883,-1.14,3.68,8.23
8.182978868,-1.13,3.32,7.69
8.193496704,-1.72,3.29,7.2
8.203502655,-2.82,3.65,6.96
8.213554859,-4.31,4.61,6.9
8.224553823,-5.75,5.36,6.98
8.233804703,-6,5.36,6.93
8.243823767,-4.85,4.49,6.56
8.255839825,-2.97,3.1,5.86
8.274720669,-0.4,2.29,4.39
8.275028706,-0.4,2.29,4.39
8.282893658,-0.41,3.05,4.09
8.293688774,-0.56,3.43,3.92
8.30347085,-0.07,2.98,3.45
8.313059807,0.98,1.9,2.47
8.324169874,2.02,0.78,1.27
8.333687782,2.51,-0.05,0.1
8.344750881,2.59,-0.41,-0.99
8.355810881,2.21,-0.6,-2.03
8.373982906,-0.29,1.33,-3.69
8.37429285,-0.29,1.33,-3.69
8.382851839,-1.95,2.68,-4.3
8.393558979,-2.26,3.21,-4.97
8.403436661,-1.26,3.04,-5.65
8.413469791,0.65,2.35,-6.34
8.424304962,2.91,1.53,-7.1
8.434124947,4.95,0.64,-7.74
8.443785667,6.4,-0.44,-8.39
8.455592871,7.22,-1.07,-8.96
8.474244833,7.45,-2.35,-9.8
8.474635839,7.45,-2.35,-9.8
8.482736826,7.34,-2.89,-9.97
8.493275881,6.89,-3,-9.86
8.503407955,6.1,-3.04,-9.52
8.513407707,5.44,-3.15,-9.11
8.523454666,5,-3.48,-8.66
8.533541679,4.73,-4.16,-8.19
8.544221878,4.56,-5.03,-7.93
8.555598736,4.17,-5.45,-7.9
8.573711872,2.67,-3.46,-7.87
8.574018002,2.67,-3.46,-7.87
8.583077908,2.03,-2.32,-7.59
8.593644857,1.47,-1.51,-7.21
8.603485823,1.01,-1.15,-6.83
8.613388777,0.81,-0.78,-6.76
8.623417854,0.91,-0.56,-6.98
8.635052681,1.27,-0.53,-7.31
8.644424915,1.92,-0.51,-7.69
8.655781746,2.65,-0.59,-8.05
8.673957825,2.59,0.05,-7.8
8.674260855,2.59,0.05,-7.8
8.683157921,1.58,0.43,-6.79
8.693355799,0.58,0.99,-5.72
8.703477859,0.1,1.34,-4.91
8.713542938,0.09,0.72,-4.21
8.723441839,0.33,-0.08,-3.36
8.733090878,0.17,-0.02,-2.41
8.743938923,-0.42,0.85,-1.39
8.755729675,-1.49,2.28,-0.37
8.775504827,-2.34,3.19,0.99
8.775804996,-2.34,3.19,0.99
8.782899857,-1.5,2.73,1.66
8.793324947,-0.56,1.96,2.51
8.803358793,0.03,1.52,3.37
8.813104868,0.14,1.17,4.4
8.823876858,-0.28,0.57,5.7
8.833595753,-1.04,-0.16,7.09
8.844359875,-1.75,-0.83,8.42
8.856015682,-2.32,-1.42,9.54
8.875252724,-3.02,-2.61,11.15
8.875467777,-3.02,-2.61,11.15
8.883150816,-3.19,-2.5,11.5
8.893600941,-3.34,-2.11,11.57
8.903526783,-3.33,-1.31,11.41
8.91347599,-3.1,-0.29,11.03
8.924759865,-2.59,0.55,10.48
8.933626652,-1.85,1.07,9.86
8.944521904,-1.2,1.32,9.35
8.956125736,-0.84,1.45,9.03
8.977191925,-1.05,1.81,8.62
8.977496862,-1.05,1.81,8.62
8.982775688,-1.52,2.04,8.53
8.993555784,-2.1,2.29,8.55
9.003395796,-2.65,2.38,8.63
9.013484001,-2.95,2.37,8.61
9.024629831,-3.1,2.4,8.42
9.034431934,-3.35,2.41,8
9.044433832,-3.75,2.45,7.33
9.056563854,-4.36,2.53,6.7
9.078372002,-5.17,2.65,6.4
9.078782797,-5.17,2.65,6.4
9.08272481,-4.78,2.6,6.4
9.093639851,-4.02,2.28,6.23
9.10348177,-3.13,1.59,5.77
9.113646984,-2.22,1.41,5.09
9.124362946,-1.84,1.76,4.6
9.133556843,-1.42,1.54,4.24
9.143646717,-0.34,1.19,3.68
9.155731678,0.78,0.75,2.83
9.175677776,2.86,-0.98,0.14
9.1759758,2.86,-0.98,0.14
9.18301487,3.43,-1.3,-1.39
9.193359852,3.59,-1.35,-2.74
9.20345974,2.92,-0.6,-3.78
9.213229656,1.34,0.77,-4.59
9.224654675,0.09,1.95,-5.37
9.234016895,-0.25,2.64,-6.09
9.243549824,0.32,2.85,-6.74
9.256215811,1.49,2.59,-7.27
9.275927782,3.32,1.51,-7.93
9.276234865,3.32,1.51,-7.93
9.282831669,3.85,1.08,-7.95
9.295656681,4.47,0.49,-7.85
9.303306818,5.16,-0.31,-7.88
9.313084841,5.96,-1.21,-8.11
9.323607922,6.74,-2.01,-8.44
9.333365917,7.26,-2.73,-8.69
9.343775749,7.5,-3.59,-8.76
9.355935812,7.61,-4.51,-8.74
9.375756741,7.13,-5.46,-8.43
9.376051903,7.13,-5.46,-8.43
9.383229733,6.06,-5.05,-8.06
9.393295765,4.8,-4.67,-7.74
9.403282881,3.79,-4.35,-7.64
9.413342953,2.97,-3.77,-7.66
9.424798965,2.41,-3.15,-7.5
9.434426785,2.03,-2.84,-7.26
9.444572926,1.77,-2.9,-7.15
9.455763817,1.64,-2.88,-7.15
9.474912882,1.15,-1.89,-7.42
9.475211859,1.15,-1.89,-7.42
9.483250856,0.6,-1.23,-7.55
9.495721817,0.27,-0.78,-7.69
9.503545761,0.32,-0.52,-7.77
9.513205767,0.6,-0.44,-7.65
9.523768902,1.01,-0.68,-7.37
9.535013676,1.28,-1.04,-6.99
9.543415785,1.23,-1.01,-6.46
9.556267738,0.63,-0.27,-5.71
9.575392723,-1.63,2.33,-3.46
9.575696945,-1.63,2.33,-3.46
9.583021879,-1.95,3.06,-2.33
9.593332767,-1.59,3.07,-1.33
9.603498936,-1,2.6,-0.25
9.613248825,-0.21,2.2,0.97
9.624623775,0.53,1.99,2.25
9.634234905,0.86,1.62,3.74
9.643580914,0.6,1.06,5.31
9.655677795,0.01,0.49,6.87
9.675927877,-1.11,-0.47,9.66
9.676342964,-1.11,-0.47,9.66
9.682952881,-1.39,-0.88,10.58
9.695524693,-1.46,-0.96,11.19
9.703501701,-1.38,-0.91,11.44
9.713134766,-1.32,-0.5,11.34
9.723249912,-1.5,0.44,11.21
9.73533392,-1.87,1.64,10.98
9.74415493,-2.27,2.68,10.53
9.755834818,-2.55,3.3,9.92
9.773585796,-2.44,3.62,8.9
9.773886681,-2.44,3.62,8.9
9.782768726,-2.28,3.27,8.56
9.795542717,-2.07,2.65,8.28
9.803223848,-1.94,2.1,8.07
9.813284874,-2.08,1.8,7.9
9.823711872,-2.63,1.98,7.91
9.833536863,-3.78,2.68,8.04
9.844516754,-5.12,3.55,8.02
9.855307817,-6.09,4.2,7.71
9.874147892,-6.29,3.72,7.15
9.87444973,-6.29,3.72,7.15
9.883091927,-5.69,2.9,7.05
9.893382788,-4.45,1.79,6.88
9.903712749,-2.9,1.05,6.53
9.915737867,-2.17,1,6.12
9.923564911,-2.71,1.81,5.93
9.933427811,-4.05,2.99,6
9.944134712,-4.89,3.53,5.92
9.955527782,-4.37,3.05,5.49
9.974031925,-0.58,0.48,3.76
9.974330902,-0.58,0.48,3.76
9.983024836,1.33,-0.46,2.35
9.993816853,2.67,-0.99,0.67
10.00366378,3.59,-1.39,-1
10.01358271,3.78,-0.64,-2.42
10.02347088,3.05,0.56,-3.75
10.03465891,2.01,1.52,-5.09
10.04427767,1.25,2.28,-6.32
10.05684376,1.08,2.78,-7.23
10.07860994,1.8,2.54,-8.14
10.07927585,1.8,2.54,-8.14
10.08255577,2.38,2.14,-8.34
10.0934,3.08,1.66,-8.33
10.10361195,4.08,1.21,-8.19
10.11601186,5.25,0.58,-8.04
10.12340689,6.4,-0.37,-8.08
10.13527489,7.44,-1.7,-8.24
10.14358091,8.34,-3.21,-8.4
10.15608978,9.01,-4.75,-8.64
10.17717481,8.64,-7,-8.68
10.17756677,8.64,-7,-8.68
10.18288684,7.17,-6.66,-8.42
10.19361186,5.62,-5.2,-8.21
10.20376182,4.13,-3.76,-7.84
10.21356773,3.01,-2.8,-7.42
10.22409868,2.34,-2.25,-7.11
10.23445082,2.01,-2.1,-6.98
10.24368787,1.86,-2.14,-7.03
10.25593281,1.87,-2.11,-7.11
10.27588487,1.74,-1.48,-7.35
10.2761848,1.74,-1.48,-7.35
10.28283072,1.47,-1.01,-7.49
10.29367876,1.12,-0.45,-7.51
10.30337977,0.77,0.11,-7.31
10.31330776,0.52,0.38,-6.97
10.32406092,0.47,0,-6.62
10.33346176,0.52,-0.78,-6.33
10.34377766,0.42,-1.46,-5.9
10.35574079,-0.1,-1.31,-5.16
10.37521577,-2.86,1.56,-3.47
10.37552881,-2.86,1.56,-3.47
10.3830688,-3.57,3.21,-2.95
10.39356565,-3,3.49,-2.56
10.4057169,-1.85,2.56,-1.77
10.41336584,-0.95,1.69,-0.66
10.42540169,-0.68,1.46,0.56
10.43335676,-0.87,1.27,1.89
10.44460297,-0.99,0.83,3.25
10.45622277,-0.85,0.1,4.65
10.47540379,-0.48,-1.2,7.11
10.47572088,-0.48,-1.2,7.11
10.48282385,-0.48,-1.58,8.1
10.4937439,-0.62,-1.68,8.91
10.50348282,-0.63,-1.56,9.45
10.51353073,-0.62,-1.16,9.68
10.52477384,-0.78,-0.53,9.73
10.53412199,-1.05,0.2,9.77
10.54429388,-1.47,0.97,9.83
10.55576181,-1.92,1.9,9.71
10.57560086,-2.23,2.87,9.15
10.57590866,-2.23,2.87,9.15
10.58300495,-2.1,2.66,8.78
10.59345198,-1.85,2.18,8.59
10.60372591,-1.59,1.73,8.53
10.61323071,-1.51,1.34,8.45
10.6263237,-1.56,1.21,8.31
10.63314486,-2.15,1.75,8.21
10.64473677,-3.46,2.47,8.3
10.65588474,-4.67,3.23,8.48
10.67616987,-5.43,3.43,8.35
10.67647791,-5.43,3.43,8.35
10.68330193,-4.86,2.63,8.12
10.69338799,-3.98,1.77,7.77
10.70361567,-3.29,1.03,7.4
10.71362281,-3.25,0.82,7.05
10.72426891,-4.22,1.5,6.99
10.73407793,-5.45,2.74,7.01
10.74445486,-5.88,3.91,6.72
10.75594187,-5.45,3.77,6.07
10.77617693,-1.8,0.78,4.37
10.77650785,-1.8,0.78,4.37
10.78285074,-0.25,0.2,3.3
10.7935667,0.32,0.02,2.29
10.8035028,1.05,0.12,1.07
10.81363773,1.56,0.19,-0.25
10.82425499,1.75,0.02,-1.67
10.83508968,1.55,-0.22,-3.2
10.84339666,0.81,0.03,-4.6
10.85594273,-0.17,0.6,-5.72
10.87571883,-0.27,2.24,-7.01
10.87603378,-0.27,2.24,-7.01
10.88319397,0.9,2.66,-7.3
10.8935957,2.35,2.42,-7.43
10.90556765,3.69,1.6,-7.46
10.91308498,4.79,0.53,-7.46
10.92355871,5.81,-0.6,-7.41
10.93538094,6.77,-1.74,-7.42
10.94330382,7.35,-2.33,-7.56
10.95591283,7.08,-2.04,-7.72
10.97634578,5.79,-1.72,-7.54
10.97664976,5.79,-1.72,-7.54
10.98321581,5.39,-1.94,-7.34
10.99339986,5.23,-2.54,-7.19
11.00334382,5.12,-3.39,-7.05
11.01327682,5.05,-4.22,-6.9
11.02413893,4.97,-4.59,-6.83
11.03378987,4.56,-4.23,-6.71
11.04427886,3.95,-3.47,-6.57
11.05585098,3.06,-2.48,-6.43
11.07476377,1.45,-0.85,-6.51
11.07506895,1.45,-0.85,-6.51
11.08310366,1.22,-0.65,-6.55
11.09369373,1.47,-0.8,-6.54
11.1034317,1.84,-0.9,-6.63
11.1136198,1.99,-0.83,-6.81
11.12351584,1.8,-0.49,-7
11.13486671,1.26,-0.16,-7.05
11.14368582,0.47,0.18,-6.84
11.15564966,-0.22,0.53,-6.38
11.17557096,0.2,-0.16,-5.3
11.17588282,0.2,-0.16,-5.3
11.18325377,0.98,-1.23,-4.99
11.1937499,1.43,-1.74,-4.7
11.20354366,1.27,-1.47,-4.23
11.21362782,0.46,-0.45,-3.56
11.22461987,-0.47,0.85,-2.88
11.23428679,-0.9,1.88,-2.37
11.24388075,-0.78,2.23,-1.82
11.25565982,-0.44,2.23,-1.02
11.27513981,-0.1,2.34,1.12
11.27545595,-0.1,2.34,1.12
11.28341866,-0.31,1.91,2.51
11.29379177,-0.65,1.23,3.97
11.30585384,-0.98,0.56,5.39
11.31317186,-1.32,-0.04,6.8
11.3233428,-1.59,-0.57,8.16
11.3351059,-1.86,-0.98,9.3
11.34432793,-2.12,-1.48,10.28
11.35556698,-2.15,-1.78,11.01
11.37402487,-1.67,-1.96,11.49
11.37432671,-1.67,-1.96,11.49
11.3830657,-1.53,-1.96,11.55
11.3953948,-1.55,-1.23,11.37
11.40334988,-1.6,0.17,10.88
11.4132719,-1.58,1.37,10.29
11.42346191,-1.48,1.68,9.8
11.43490267,-1.16,1.7,9.43
11.44423079,-0.81,1.75,9.13
11.45623398,-0.61,1.74,8.89
11.47615981,-0.64,1.83,8.57
11.4764719,-0.64,1.83,8.57
11.4828577,-0.85,1.93,8.47
11.49367189,-1.2,2.17,8.36
11.50367069,-1.76,2.66,8.15
11.51438475,-2.57,3.21,7.85
11.52479076,-3.66,3.65,7.55
11.53516865,-4.74,3.84,7.35
11.54411483,-4.97,3.81,7.2
11.5559988,-4.15,3.18,6.95
11.57707691,-1.8,1.74,5.7
11.57777882,-1.8,1.74,5.7
11.58288479,-1.45,1.84,4.94
11.59351969,-1.7,2.72,3.94
11.60351086,-2.42,3.48,2.89
11.61368585,-2.38,3.14,2
11.62401199,-1.78,2.4,1.28
11.63482094,-1.2,1.77,0.51
11.64337873,-0.69,1.32,-0.49
11.65595293,-0.24,0.99,-1.47
11.675385,0.79,0.43,-3.19
11.67567873,0.79,0.43,-3.19
11.68313599,1.15,0.78,-4.17
11.69365788,1.46,1.1,-4.97
11.70376682,1.96,1.36,-5.59
11.71360779,2.65,1.56,-6.2
11.72461987,3.45,1.34,-6.84
11.73470688,4.32,0.73,-7.43
11.74381781,5.12,-0.02,-7.9
11.75585079,5.68,-0.69,-8.26
11.77527094,5.66,-0.99,-8.48
11.77566576,5.66,-0.99,-8.48
11.78305578,5,-0.56,-8.37
11.79371166,4.41,-0.05,-8.27
11.80366278,4.14,0.1,-8.16
11.8131299,4.14,-0.16,-8.04
11.82420182,4.33,-0.59,-7.94
11.83386087,4.57,-1.17,-7.85
11.84371376,4.78,-1.88,-7.77
11.85659695,4.93,-2.76,-7.69
11.87798381,4.29,-3.23,-7.54
11.87839794,4.29,-3.23,-7.54
11.88328886,3.33,-2.09,-7.52
11.89542198,2.24,-0.88,-7.33
11.90358186,1.3,-0.09,-6.96
11.91369081,0.83,0.43,-6.64
11.92312098,0.83,0.71,-6.57
11.93522072,1.24,0.7,-6.73
11.94404483,1.84,0.31,-6.98
11.95589495,2.25,-0.06,-7.11
11.97693777,1.88,0.53,-6.79
11.97724676,1.88,0.53,-6.79
11.98288393,1.35,0.81,-6.27
11.99359989,0.75,1.27,-5.55
12.00357389,0.23,1.51,-4.72
12.01407981,-0.03,1.25,-3.89
12.02464986,0.08,0.91,-3.02
12.03428984,0.13,0.68,-2.02
12.044415,-0.16,0.91,-1.06
12.05594778,-0.42,1.48,-0.31
12.07549667,-0.42,2.58,0.71
12.07579684,-0.42,2.58,0.71
12.08332777,-0.14,2.91,1.31
12.09569478,0.16,3.08,2.21
12.10351181,0.2,2.49,3.62
12.1130538,-0.44,1.54,5.07
12.12356091,-1.71,0.85,6.33
12.13501287,-3.1,0.43,7.44
12.14377975,-4.2,0.12,8.38
12.15597177,-4.89,-0.32,9.21
12.17624092,-5.38,-2.23,10.35
12.17683268,-5.38,-2.23,10.35
12.18292785,-5.12,-3.12,10.55
12.19340777,-4.83,-3.67,10.67
12.20358896,-5.02,-3.35,10.68
12.21344566,-5.21,-1.94,10.35
12.22357178,-4.78,-0.62,9.8
12.2350688,-3.88,-0.27,9.28
12.2444849,-2.89,-0.4,8.71
12.25609279,-2.19,-0.41,8.26
12.27649498,-1.76,0.22,7.95
12.27679682,-1.76,0.22,7.95
12.28300786,-1.78,0.5,7.86
12.29378891,-1.91,0.66,7.8
12.30363584,-1.93,0.6,7.76
12.31305385,-1.93,0.6,7.6
12.32422495,-2.07,0.83,7.23
12.33469296,-2.31,1.02,6.84
12.34431982,-2.77,1.09,6.56
12.35550594,-3.41,1.02,6.42
12.37361765,-3.67,0.41,6.62
12.37391782,-3.67,0.41,6.62
12.38331699,-2.99,0.28,6.27
12.39363885,-2.42,0.42,5.49
12.4036088,-2.06,0.5,4.57
12.41369581,-1.81,0.84,3.77
12.42339182,-1.95,1.34,3.22
12.43530583,-1.79,1.56,2.5
12.44348192,-1.15,1.34,1.44
12.45587683,-0.34,0.84,0.33
12.47507095,1.57,0.59,-2.06
12.47527885,1.57,0.59,-2.06
12.4832077,2.3,0.68,-3.31
12.4935298,2.86,0.71,-4.58
12.50357771,3.19,0.93,-5.7
12.51367283,3.1,1.28,-6.56
12.52400279,2.85,1.56,-7.21
12.53337288,2.73,1.66,-7.75
12.54360294,2.88,1.49,-8.16
12.55520773,3.22,1.11,-8.45
12.57329798,4,0.33,-8.75
12.57435799,4,0.33,-8.75
12.58311796,4.4,-0.18,-8.7
12.59351277,4.79,-0.64,-8.66
12.60373378,5.08,-1.18,-8.68
12.61354589,5.31,-1.9,-8.62
12.62394786,5.44,-2.67,-8.36
12.63349986,5.32,-3.26,-8.04
12.64446592,4.84,-3.65,-7.69
12.65579271,4.11,-3.91,-7.21
12.6732707,2.5,-2.73,-6.66
12.67437482,2.5,-2.73,-6.66
12.68339396,2.07,-1.56,-6.71
12.69370699,2.02,-0.82,-6.95
12.70369077,2.34,-0.71,-7.26
12.71302485,2.75,-0.85,-7.49
12.72344589,2.95,-0.94,-7.6
12.73519993,2.82,-0.77,-7.64
12.74417973,2.35,-0.35,-7.62
12.75568485,1.76,0.22,-7.59
12.77409267,0.74,1.67,-7.12
12.77429867,0.74,1.67,-7.12
12.78323793,0.43,2.39,-6.44
12.79375887,0.52,2.44,-5.63
12.80344582,0.7,1.82,-4.99
12.81368685,0.68,1.61,-4.42
12.8234458,-0.14,2.58,-3.62
12.83465099,-1.68,4.01,-2.57
12.84419179,-2.88,5.29,-1.47
12.85528994,-3.26,5.42,-0.54
12.87413979,-1.63,2.69,0.68
12.87453175,-1.63,2.69,0.68
12.88322067,-0.79,1.68,1.31
12.892941,-0.82,1.5,2.21
12.90360594,-1.49,1.46,3.33
12.91344166,-2.44,1.17,4.52
12.92429066,-3.55,0.4,5.68
12.93473577,-4.65,-0.48,6.78
12.94401288,-5.58,-1.32,7.79
12.95564079,-6.23,-2.3,8.66
12.97398281,-6.65,-4.78,9.9
12.9742918,-6.65,-4.78,9.9
12.98327279,-6.44,-5.8,10.42
12.9937439,-5.98,-5.44,10.72
13.00642967,-5.49,-3.84,10.55
13.01368666,-5.13,-2.47,10.18
13.02374887,-4.51,-1.69,9.8
13.0350709,-3.56,-1.27,9.38
13.04425883,-2.51,-1.07,9.07
13.05573082,-1.58,-1.01,8.89
13.07641387,-0.7,-0.39,8.72
13.07710481,-0.7,-0.39,8.72
13.08302188,-1.17,0.42,8.74
13.09340978,-1.89,1.03,8.74
13.10358882,-2.43,1.25,8.68
13.11373472,-2.61,1.14,8.38
13.12423372,-2.65,0.97,7.85
13.13487887,-2.87,1.06,7.15
13.14391375,-3.4,1.26,6.5
13.15587878,-4.26,1.48,6.03
13.17493868,-5.18,1.08,5.72
13.17514467,-5.18,1.08,5.72
13.18326378,-4.6,0.8,5.54
13.19380999,-3.59,0.76,4.89
13.203897,-2.43,0.68,3.99
13.21365595,-1.54,0.56,3.15
13.22384071,-0.8,0.55,2.47
13.23487186,-0.06,0.7,1.8
13.24464083,0.45,0.57,0.86
13.25583482,1.03,0.21,-0.25
13.27440071,2.05,-0.2,-2.46
13.27477169,2.05,-0.2,-2.46
13.28308988,2.12,-0.07,-3.64
13.29359865,2.14,0.38,-4.77
13.30371094,2.15,1.03,-5.76
13.31372786,2.21,1.46,-6.61
13.32367373,2.41,1.67,-7.23
13.33471394,2.83,1.71,-7.64
13.3445158,3.47,1.48,-7.95
13.35544491,4.19,1.03,-8.19
13.37490988,5.22,-0.01,-8.45
13.37521172,5.22,-0.01,-8.45
13.38322067,5.37,-0.57,-8.47
13.39364195,5.43,-0.98,-8.47
13.40360689,5.34,-1.29,-8.39
13.41372585,5.23,-1.55,-8.26
13.42428493,5.18,-1.99,-8.17
13.43351173,5.04,-2.47,-8
13.44364882,4.73,-3,-7.68
13.45715284,4.18,-3.44,-7.34
13.47888684,3.23,-2.82,-6.88
13.4793458,3.23,-2.82,-6.88
13.48298597,2.84,-2.04,-6.89
13.49371672,2.58,-1.52,-6.86
13.5034647,2.44,-1.37,-6.82
13.51344585,2.4,-1.41,-6.79
13.5249548,2.5,-1.57,-6.81
13.53506899,2.68,-1.87,-6.88
13.54377985,2.85,-2,-7.01
13.55590868,2.7,-1.76,-7.06
13.57572269,1.15,-0.36,-6.69
13.5761137,1.15,-0.36,-6.69
13.58316684,0.32,0.72,-6.31
13.59371281,-0.05,1.4,-5.84
13.60371184,0.22,1.34,-5.52
13.61332488,1.1,0.46,-5.37
13.62442398,2.15,-0.92,-5.14
13.63462782,2.69,-1.62,-4.57
13.64369082,2.02,-0.8,-3.48
13.65571165,-0.11,1.19,-2.12
13.67420197,-2.35,4.08,-0.27
13.67440796,-2.35,4.08,-0.27
13.68328381,-1.71,4.12,0.42
13.69364977,-0.69,3.78,1.15
13.70372677,-0.11,3.56,1.94
13.71371174,-0.1,3.35,2.92
13.72355366,-0.53,2.48,4.15
13.73465395,-1.23,1.27,5.36
13.74442196,-2.06,0.19,6.47
13.75609589,-2.92,-0.49,7.48
13.77434492,-4.15,-1.39,9.08
13.77464867,-4.15,-1.39,9.08
13.78333783,-4.43,-2.21,9.73
13.79348469,-4.48,-2.77,10.12
13.80370092,-4.18,-2.87,10.23
13.81374478,-3.66,-2.54,10.17
13.82458782,-3.19,-1.96,10.04
13.83425784,-2.87,-1.12,9.82
13.84359384,-2.59,-0.29,9.52
13.85590887,-2.25,0.3,9.21
13.87429881,-1.77,0.95,8.84
13.87468982,-1.77,0.95,8.84
13.88305092,-1.77,1.06,8.64
13.89574194,-2.07,1.14,8.42
13.90338683,-2.56,1.09,8.36
13.91350269,-3.09,1.25,8.39
13.92397285,-3.55,1.61,8.37
13.93347788,-3.8,2.04,8.32
13.94438696,-3.85,2.22,8.08
13.95528793,-3.8,2.07,7.59
13.97596383,-3.43,1.42,6.63
13.97618079,-3.43,1.42,6.63
13.98318982,-2.88,1.29,6.25
13.99368787,-2.21,1.31,5.87
14.00374174,-1.66,1.32,5.42
14.0137229,-1.37,1.55,4.78
14.02365875,-1.31,1.98,3.96
14.03558087,-1.62,2.49,3.22
14.04404283,-2.05,2.56,2.57
14.05555081,-1.93,2.12,1.77
14.07497382,-0.94,1.56,-0.03
14.07527876,-0.94,1.56,-0.03
14.0832448,-0.7,1.72,-0.95
14.09367681,-0.28,1.86,-1.8
14.10383582,0.38,1.71,-2.76
14.11347485,1.34,1.41,-3.86
14.12371588,2.18,1.4,-4.96
14.13494778,2.61,1.66,-5.82
14.14451885,2.99,1.98,-6.44
14.15549779,3.34,2.35,-6.86
14.17792583,3.55,2.43,-7.26
14.17863798,3.55,2.43,-7.26
14.183002,3.77,2.31,-7.26
14.19375777,4.11,2.23,-7.23
14.20375586,4.53,2.07,-7.18
14.21341586,4.97,1.71,-7.14
14.22448492,5.45,1.15,-7.14
14.2346828,5.88,0.49,-7.12
14.24369788,6.23,-0.24,-7.08
14.25538182,6.42,-0.94,-7
14.27848983,5.62,-2.2,-6.61
14.27888393,5.62,-2.2,-6.61
14.28315687,4.81,-2.25,-6.44
14.29341173,4.1,-1.9,-6.36
14.30351782,3.56,-1.22,-6.37
14.31384778,3.36,-0.89,-6.36
14.32428074,3.45,-1.2,-6.31
14.33406782,3.7,-1.74,-6.34
14.34388781,3.78,-2.25,-6.3
14.35593081,3.84,-2.54,-6.23
14.37808895,3.31,-2.09,-6.08
14.37830687,3.31,-2.09,-6.08
14.3832159,2.89,-1.28,-5.9
14.39359784,2.29,-0.32,-5.66
14.40382576,1.62,0.48,-5.48
14.41358566,1.27,0.85,-5.32
14.42348766,1.38,0.48,-5.18
14.43490386,1.77,-0.4,-4.99
14.44347477,2.1,-0.93,-4.77
14.455513,1.98,-0.58,-4.38
14.47669482,0.16,1.88,-2.95
14.47700071,0.16,1.88,-2.95
14.48318386,-0.44,2.65,-2
14.49352074,-0.19,2.72,-1.04
14.50373793,0.74,2.77,-0.2
14.51377177,1.5,2.4,0.83
14.52377892,1.45,1.64,2.12
14.53509188,0.72,0.98,3.47
14.54410172,-0.28,0.6,4.8
14.55554676,-1.33,0.42,6.05
14.57827783,-2.6,-0.81,8.14
14.57858586,-2.6,-0.81,8.14
14.58320379,-2.94,-1.64,8.82
14.59379673,-3.17,-2.29,9.33
14.60360384,-3.25,-2.56,9.68
14.61364269,-3.14,-2.25,9.85
14.62563086,-2.78,-1.76,9.76
14.63338184,-2,-1.24,9.49
14.64412594,-1.15,-0.88,9.21
14.65525293,-0.54,-0.61,9.02
14.6754148,-0.44,0.56,9.14
14.67564297,-0.44,0.56,9.14
14.6832099,-0.92,1.32,9.33
14.69369698,-1.36,1.63,9.44
14.70374084,-1.74,1.65,9.28
14.71375084,-2.21,1.88,9.06
14.72370195,-2.78,2.3,8.9
14.73536491,-3.3,2.6,8.81
14.7437768,-3.47,2.58,8.74
14.75592566,-3.19,2.19,8.43
14.77537394,-2.74,1.33,7.05
14.77567983,-2.74,1.33,7.05
14.78314781,-3.31,1.23,6.46
14.79389477,-4.43,1.48,6.13
14.80373979,-5.39,2.17,6.08
14.8132298,-5.39,2.54,5.9
14.82428885,-4.21,2.25,5.17
14.83481979,-2.3,1.45,4.03
14.8444488,-0.65,0.5,2.9
14.85534477,-0.4,0.48,2.19
14.87585592,-2.07,1.6,1.46
14.87606978,-2.07,1.6,1.46
14.88309097,-2.37,2.04,0.68
14.89389086,-1.98,1.8,-0.47
14.90368795,-0.83,1.19,-1.66
14.91374493,0.6,0.95,-3.08
14.9238708,1.7,0.87,-4.45
14.93461466,2.36,0.85,-5.42
14.94389081,2.96,1.1,-6.09
14.95599174,3.58,1.45,-6.73
14.97626877,4.82,1.05,-7.51
14.9765718,4.82,1.05,-7.51
14.98314095,5.42,0.28,-7.8
14.99354172,5.85,-0.37,-8.06
15.00375175,6.02,-0.83,-8.27
15.01365185,5.8,-0.96,-8.33
15.02357984,5.39,-0.99,-8.3
15.03442478,4.96,-1.2,-8.14
15.04378486,4.53,-1.4,-7.9
15.0559988,4.04,-1.66,-7.55
15.07855487,3.4,-1.78,-6.95
15.07918382,3.4,-1.78,-6.95
15.08297873,3.51,-1.8,-6.89
15.09581995,3.82,-2.07,-6.88
15.10381889,4.08,-2.36,-6.87
15.1141119,4.13,-2.58,-6.84
15.12368393,3.9,-2.72,-6.71
15.13488388,3.4,-2.66,-6.4
15.14474583,2.73,-2.5,-5.87
15.15586185,2.05,-2.11,-5.39
15.17553997,1.53,-0.48,-5.17
15.17584276,1.53,-0.48,-5.17
15.18323183,1.71,-0.21,-5.26
15.19361281,2.1,-0.4,-5.32
15.2038269,2.47,-0.49,-5.52
15.21353483,2.88,-0.63,-5.62
15.22438192,3.11,-1.22,-5.41
15.23449898,2.76,-1.5,-4.92
15.24416065,1.83,-0.81,-4.09
15.25623369,0.81,0.63,-3.13
15.27627182,-0.13,2.27,-2.2
15.27657485,-0.13,2.27,-2.2
15.28334379,-0.05,2.34,-1.98
15.29580379,-0.01,2.8,-1.53
15.30378985,-0.38,2.88,-0.74
15.31387687,-0.96,2.56,0.36
15.3237958,-1.21,2.39,1.52
15.33379579,-1.22,2.17,2.6
15.3448329,-1.37,1.83,3.65
15.35533381,-1.82,1.48,4.71
15.37564683,-3.05,0.9,6.61
15.37595177,-3.05,0.9,6.61
15.38326883,-3.52,0.38,7.37
15.39587498,-3.9,-0.36,8.02
15.40367889,-4.16,-1.16,8.58
15.4137938,-4.17,-1.65,9.04
15.42378473,-3.92,-1.64,9.28
15.43439198,-3.7,-1.12,9.17
15.44387865,-3.51,0.15,8.72
15.45549393,-3.29,1.38,8.16
15.47519588,-2.52,1.89,7.42
15.47549772,-2.52,1.89,7.42
15.4833107,-2.23,1.77,7.16
15.49373865,-2.26,1.52,7
15.50378466,-2.54,1.21,6.93
15.51385498,-2.96,0.99,6.87
15.52386785,-3.5,1.13,6.92
15.53438282,-4.21,1.61,7.02
15.54416895,-4.7,1.78,7.09
15.55558181,-4.7,1.68,6.89
15.57708168,-4.02,1.24,5.96
15.57739782,-4.02,1.24,5.96
15.58529186,-3.79,1.12,5.69
15.59341192,-3.71,1.22,5.58
15.60362768,-3.76,1.26,5.34
15.61384392,-3.92,1.38,4.81
15.62376499,-4,1.5,4
15.63530278,-3.79,1.58,3.02
15.64413786,-3.22,1.59,2.21
15.65534687,-2.32,1.03,1.44
15.67732573,0.24,-0.23,-0.32
15.6776278,0.24,-0.23,-0.32
15.68332887,1.21,-0.24,-1.14
15.69609976,1.71,0.17,-1.97
15.70345783,1.55,1.1,-2.77
15.7137289,1.39,1.84,-3.49
15.72386694,1.74,2.15,-4.16
15.73385286,2.53,2.22,-4.77
15.74479389,3.53,2.18,-5.31
15.75620174,4.51,1.88,-5.84
15.77665472,5.59,1.13,-6.61
15.77704787,5.59,1.13,-6.61
15.7832768,5.95,0.6,-6.87
15.79353476,6.21,-0.03,-7.14
15.8036027,6.22,-0.58,-7.34
15.81377888,6.12,-0.93,-7.46
15.8235898,6,-1.17,-7.43
15.83464885,5.86,-1.55,-7.16
15.8439188,5.78,-2.18,-6.78
15.85617065,5.65,-2.85,-6.38
15.87872386,5.02,-3.59,-5.98
15.87914681,5.02,-3.59,-5.98
15.88321495,4.88,-3.33,-5.92
15.89367199,4.76,-3.02,-5.91
15.90394878,4.62,-2.85,-6
15.91381168,4.48,-2.8,-6.11
15.924716,4.3,-2.8,-6.15
15.93433094,4.05,-2.72,-6.14
15.9438138,3.68,-2.6,-6.12
15.95613194,3.25,-2.38,-6.17
15.97569895,2.38,-1.53,-6.38
15.97599578,2.38,-1.53,-6.38
15.98332071,2.03,-1.39,-6.27
15.99379587,1.93,-1.45,-5.94
16.00357485,2.02,-1.5,-5.48
16.01344872,2.01,-1.72,-5.03
16.0235858,1.76,-1.83,-4.61
16.03399587,1.42,-1.81,-4.13
16.04442382,1.15,-2.01,-3.59
16.05623865,0.75,-1.94,-3.02
16.07808399,-0.35,-0.36,-1.88
16.07840872,-0.35,-0.36,-1.88
16.08345175,-0.87,0.62,-1.35
16.09364581,-1.09,1.06,-0.81
16.10386896,-0.91,1.2,-0.06
16.11369681,-0.52,1.2,0.86
16.12373877,-0.18,1.28,1.88
16.13449097,0.04,1.26,3.07
16.14402866,0.03,0.87,4.55
16.1556859,-0.18,0.37,6.11
16.17681599,-0.51,-0.28,8.9
16.17713594,-0.51,-0.28,8.9
16.18339086,-0.65,-0.33,9.79
16.19356775,-0.69,-0.11,10.22
16.20583391,-0.58,0.24,10.37
16.21369982,-0.3,0.77,10.34
16.22391272,-0.09,1.56,10.16
16.23389077,-0.04,2.31,9.86
16.24399686,-0.16,3.08,9.41
16.25541782,-0.36,3.77,8.96
16.27598,-1.06,4.57,8.31
16.27629185,-1.06,4.57,8.31
16.28336883,-1.55,4.69,8.1
16.29393482,-1.95,4.36,7.96
16.30376577,-2.1,3.89,7.79
16.31383085,-2.25,3.6,7.62
16.32360792,-2.68,3.44,7.5
16.33521581,-3.47,3.66,7.48
16.3442328,-4.8,4.34,7.52
16.35459375,-6.17,4.91,7.63
16.37565184,-6.9,4.53,7.33
16.37595487,-6.9,4.53,7.33
16.38363481,-6.17,3.62,6.83
16.39345694,-4.69,2.51,6.17
16.40380669,-3.35,1.73,5.39
16.41381288,-2.65,1.56,4.71
16.42380285,-2.77,2.62,4.25
16.43440485,-3.59,4.04,3.77
16.44360781,-3.94,4.04,2.92
16.45590067,-3.2,3.16,1.99
16.47515178,-0.53,1.4,0.28
16.47535467,-0.53,1.4,0.28
16.48344469,0.72,0.68,-0.75
16.49354482,1.58,0.17,-1.68
16.50387883,2.05,0.07,-2.44
16.51380181,2.19,0.52,-3.12
16.5236659,1.97,1.01,-3.77
16.53439999,1.78,1.42,-4.38
16.54416895,2.01,1.78,-4.95
16.5561409,2.56,2,-5.54
16.57725978,4.01,1.64,-6.46
16.57756186,4.01,1.64,-6.46
16.58339787,4.61,1.02,-6.76
16.59383774,5.18,0.5,-7.05
16.60380268,5.76,0.04,-7.26
16.61353397,6.25,-0.74,-7.39
16.62358189,6.55,-1.64,-7.53
16.63465977,6.64,-2.37,-7.75
16.64395881,6.68,-3.06,-7.82
16.65649796,6.61,-3.59,-7.69
16.67997384,5.73,-3.67,-7.08
16.68038082,5.73,-3.67,-7.08
16.68298984,5.14,-3.84,-6.71
16.69349194,4.6,-3.64,-6.56
16.7035408,4.16,-3.4,-6.56
16.71353078,3.92,-3.55,-6.65
16.72505188,3.9,-3.62,-6.83
16.73455787,4.03,-3.67,-7.01
16.74449682,4.13,-3.72,-7.11
16.75637078,3.94,-3.51,-7.06
16.77820277,2.81,-2.89,-6.92
16.77840877,2.81,-2.89,-6.92
16.78347492,1.88,-2.38,-6.76
16.79342699,0.84,-1.47,-6.64
16.8036747,0,-0.31,-6.62
16.81359982,-0.21,0.17,-6.57
16.82359266,0.46,-0.51,-6.4
16.83448577,1.59,-1.82,-5.85
16.84442568,2.42,-2.81,-5.09
16.85623384,2.37,-2.75,-4.43
16.87739992,-0.18,0.5,-3.3
16.87770081,-0.18,0.5,-3.3
16.88334465,-1.02,1.83,-2.77
16.89387798,-0.96,2.13,-1.94
16.90392876,0.05,1.64,-0.87
16.91356468,1.14,1.26,0.33
16.92329383,1.35,1.25,1.62
16.93540382,0.82,1.38,3.18
16.94374084,0.09,1.45,4.96
16.9565239,-0.35,1.32,6.78
16.97768974,-0.67,0.49,9.75
16.97799397,-0.67,0.49,9.75
16.98349667,-0.91,-0.05,10.85
16.99382377,-1.08,-0.22,11.66
17.00403881,-0.97,0.02,11.88
17.01388788,-0.64,0.36,11.57
17.02376795,-0.19,1.09,10.9
17.03524399,0.17,1.94,10.06
17.04467487,0.36,2.36,9.23
17.05606794,0.32,2.93,8.64
17.07770872,-0.84,4.06,8.3
17.07831883,-0.84,4.06,8.3
17.08535671,-1.52,4.16,8.32
17.09340096,-2.07,4.02,8.36
17.10383487,-2.48,3.74,8.4
17.11386967,-2.75,3.54,8.39
17.12378168,-2.97,3.49,8.27
17.13624787,-3.23,3.35,8.16
17.14404392,-3.72,3.26,8.09
17.15597677,-4.34,3.45,8.18
17.17540789,-5.03,4.13,7.67
17.175632,-5.03,4.13,7.67
17.18355083,-5.15,3.92,7.19
17.19352388,-5.24,3.67,6.83
17.20380378,-4.78,2.95,6.54
17.213902,-3.63,2.13,6.14
17.22364473,-2.64,1.42,5.6
17.23587584,-1.94,1.33,4.92
17.24486494,-2.31,2.43,4.22
17.25637197,-2.84,2.75,3.55
17.27653384,-0.83,1.7,2.02
17.27683783,-0.83,1.7,2.02
17.28344965,0.48,1.29,0.69
17.29415488,1.92,0.62,-0.94
17.30365992,3.23,-0.01,-2.44
17.31389785,4.08,-0.57,-3.83
17.32377982,4.06,-0.65,-5.15
17.33508277,3.05,-0.05,-6.1
17.34441781,2.02,0.64,-6.72
17.35577083,1.59,0.95,-7.25
17.37738991,2.12,1.07,-7.95
17.37771988,2.12,1.07,-7.95
17.38336468,2.6,1.08,-8.12
17.39350581,3.16,0.9,-8.16
17.40381765,3.74,0.54,-8.25
17.41361189,4.45,0.03,-8.45
17.42366385,5.16,-0.84,-8.55
17.43444872,5.65,-1.64,-8.65
17.44383979,5.89,-2.21,-8.7
17.45622587,5.7,-2.3,-8.5
17.47879267,4.92,-2.03,-7.91
17.47919989,4.92,-2.03,-7.91
17.48307586,4.63,-2.21,-7.73
17.49365783,4.39,-2.37,-7.66
17.5038867,4.24,-2.28,-7.64
17.51387691,4.14,-2.13,-7.48
17.5236218,3.75,-1.9,-7.25
17.53525591,3.15,-1.51,-6.97
17.54371285,2.62,-1.04,-6.64
17.55623293,2.31,-0.65,-6.42
17.57859087,2.78,-0.76,-6.44
17.57898688,2.78,-0.76,-6.44
17.58346367,3.27,-1.04,-6.4
17.59382391,3.35,-1.28,-6.04
17.60389471,2.7,-1.29,-5.33
17.61395788,1.66,-0.75,-4.54
17.62350488,0.75,-0.01,-3.85
17.63503385,0.16,0.49,-3.12
17.64430285,-0.09,0.76,-2.66
17.65631866,-0.13,1.17,-2.49
17.67825794,-0.45,2.53,-1.96
17.67846775,-0.45,2.53,-1.96
17.68300867,-0.56,3.4,-1.42
17.69393587,-0.68,4.05,-0.47
17.70370674,-1.04,3.74,0.95
17.71395874,-1.78,3.14,2.48
17.72393584,-2.67,2.73,3.87
17.73459077,-3.55,1.96,5.15
17.74371195,-4.21,0.78,6.38
17.75623679,-4.55,-0.47,7.69
17.77911782,-4.59,-2.15,9.67
17.7795577,-4.59,-2.15,9.67
17.78344393,-4.31,-2.02,10.13
17.79570198,-4.01,-1.74,10.45
17.80401087,-3.67,-1.13,10.62
17.81597281,-3.27,-0.39,10.52
17.82317591,-2.9,0.48,10.21
17.83388782,-2.63,1.14,9.86
17.84391284,-2.44,1.6,9.56
17.85632586,-2.38,2,9.4
17.87638092,-2.42,1.55,9.09
17.87669086,-2.42,1.55,9.09
17.8835218,-2.25,1.09,8.76
17.89335585,-2.18,0.78,8.37
17.90392399,-2.57,0.6,7.92
17.91355896,-3.62,0.74,7.6
17.92383981,-5.05,1.25,7.47
17.93466783,-6.37,1.69,7.32
17.94399285,-7.01,2.08,6.95
17.95577884,-6.33,1.79,6.35
17.97754669,-2.29,0.24,4.64
17.97784567,-2.29,0.24,4.64
17.98345995,-1.35,0.97,3.95
17.99334574,-1.16,2.02,3.35
18.00388288,-1.13,2.68,2.76
18.01345682,-0.6,2.51,2.03
18.02399182,0.29,1.87,1.08
18.03491688,0.88,1.44,0.13
18.04442072,1.05,1.22,-0.83
18.0563488,0.89,1.28,-2.08
18.07663393,0.28,2.05,-4.16
18.07694769,0.28,2.05,-4.16
18.08337188,-0.09,2.72,-4.95
18.09397793,0.05,2.9,-5.69
18.1060009,0.97,2.78,-6.28
18.11348081,2.45,2.68,-6.77
18.12585282,3.88,2.21,-7.2
18.13388395,5.13,1.53,-7.58
18.14383888,6.07,0.9,-7.96
18.15650082,6.65,0.31,-8.28
18.17720699,6.79,-0.28,-8.73
18.17751694,6.79,-0.28,-8.73
18.18344498,6.47,-0.6,-8.75
18.19385672,6.29,-1.13,-8.72
18.20394373,6.2,-1.71,-8.61
18.21362066,6,-2.25,-8.36
18.22391582,5.51,-2.79,-7.84
18.23444581,4.5,-2.58,-7.19
18.244102,3.2,-1.57,-6.66
18.25654578,2.21,-0.74,-6.23
18.2794919,2.06,-0.25,-6.23
18.27979279,2.06,-0.25,-6.23
18.28344774,2.66,-0.51,-6.5
18.29358768,3.34,-1.19,-6.66
18.30391693,3.89,-1.64,-6.72
18.31396389,4.09,-1.72,-6.73
18.32368565,3.96,-1.43,-6.71
18.3346858,3.26,-0.67,-6.48
18.3439579,2.12,0.2,-5.92
18.35686398,1.13,0.93,-5.33
18.38136768,1.16,0.64,-4.47
18.38157582,1.16,0.64,-4.47
18.38337994,1.71,-0.28,-4.13
18.39337969,2.13,-0.84,-3.44
18.403265,1.99,-0.51,-2.48
18.41387796,1.4,0.38,-1.44
18.42388773,0.59,1.33,-0.42
18.43456268,0.1,1.98,0.34
18.44378185,-0.01,2.35,0.93
18.45613575,0.12,2.55,1.58
18.47697878,-0.3,1.73,3.61
18.47729588,-0.3,1.73,3.61
18.48359299,-1.3,1.19,4.83
18.49396372,-2.36,0.87,6.09
18.50396681,-3.17,0.58,7.29
18.51369476,-3.61,0,8.44
18.52508974,-3.9,-0.56,9.51
18.53446865,-4.22,-0.98,10.41
18.5444479,-4.35,-1.41,11.09
18.55638075,-4.31,-1.97,11.59
18.57960582,-4.54,-0.77,11.65
18.57990694,-4.54,-0.77,11.65
18.58347797,-4.76,0.62,11.06
18.59385777,-4.36,1.04,10.34
18.60368085,-3.15,0.41,9.66
18.61384392,-1.61,-0.04,9.07
18.62382388,-0.4,-0.45,8.56
18.63524294,0.2,-0.58,8.18
18.6445899,-0.24,0.11,8.09
18.65611482,-1.57,1.07,8.15
18.67684078,-4.45,1.72,8.19
18.67749166,-4.45,1.72,8.19
18.68325377,-5.23,1.59,8.12
18.69371367,-5.74,1.26,7.93
18.70383692,-6.01,0.64,7.7
18.71366882,-5.77,-0.15,7.26
18.72605777,-5.23,-0.23,6.38
18.73389292,-4.72,0.16,5.25
18.74521184,-4.26,0.83,4.36
18.75589085,-4.19,1.96,3.78
18.77571774,-1.3,1.68,1.9
18.77602577,-1.3,1.68,1.9
18.78352284,1.18,0.28,0.59
18.7935009,3.14,-1.25,-0.83
18.80405188,4.09,-2.31,-2.39
18.81391191,3.84,-2.37,-3.8
18.823627,2.44,-1.18,-4.78
18.8350358,0.76,0.47,-5.57
18.84394789,-0.05,1.56,-6.3
18.85593677,0.13,1.95,-6.97
18.87718868,2.12,1.72,-7.65
18.87749982,2.12,1.72,-7.65
18.88346577,3.33,1.65,-7.77
18.89361191,4.46,1.53,-7.82
18.90362787,5.41,1.23,-7.84
18.91379499,6.14,0.84,-7.86
18.92391396,6.79,0.3,-8.01
18.93610573,7.23,-0.33,-8.32
18.94361877,7.16,-0.73,-8.58
18.95625496,6.78,-1.17,-8.69
18.97458267,5.81,-2.04,-8.17
18.97498083,5.81,-2.04,-8.17
18.98359084,5.35,-2.51,-7.73
18.99339771,4.86,-2.98,-7.22
19.00396681,4.33,-3.12,-6.75
19.01398182,3.85,-3.08,-6.33
19.02365685,3.36,-2.7,-5.87
19.03438783,2.84,-2.33,-5.61
19.04449582,2.33,-2.06,-5.64
19.05635881,2.08,-1.65,-5.66
19.07753086,2.57,-1,-5.59
19.07786274,2.57,-1,-5.59
19.08310175,3.04,-1.04,-5.58
19.0937829,3.24,-1.32,-5.17
19.10377479,2.92,-1.28,-4.38
19.11384487,2.35,-1.01,-3.59
19.1239028,1.96,-0.84,-3.05
19.13465691,1.73,-0.66,-2.46
19.14464784,1.46,-0.53,-1.71
19.15618467,1.09,-0.09,-0.97
19.17653179,0.09,0.47,0.56
19.17685175,0.09,0.47,0.56
19.1834197,-0.3,0.87,1.26
19.19373083,-0.53,1.17,1.93
19.20389891,-0.69,1.25,2.61
19.21405983,-0.88,1.39,3.33
19.2240088,-1.23,1.46,4.23
19.23474479,-1.72,1.22,5.47
19.24401093,-2.26,0.96,6.89
19.25652599,-2.69,0.86,8.31
19.27926683,-2.81,0.5,10.7
19.27956867,-2.81,0.5,10.7
19.28310871,-2.38,0.04,11.45
19.294065,-1.94,-0.32,11.83
19.30394578,-1.74,-0.19,11.58
19.31365967,-1.67,0.17,10.87
19.3239069,-1.56,0.43,10.04
19.33452892,-1.22,0.35,9.4
19.34430695,-0.68,0.39,8.91
19.35642767,-0.26,0.72,8.49
19.37689877,-0.13,1.73,8.24
19.37711787,-0.13,1.73,8.24
19.38358283,-0.58,2.16,8.31
19.39402199,-1.36,2.81,8.2
19.40422487,-2.18,3.56,7.95
19.41408587,-2.88,3.85,7.49
19.42398691,-3.25,3.54,6.95
19.43495178,-3.14,3.01,6.5
19.44450569,-2.8,2.49,6.13
19.45654583,-2.18,2.02,5.8
19.4787848,-1.53,1.56,4.97
19.47908592,-1.53,1.56,4.97
19.48359299,-2,1.64,4.7
19.49401093,-2.99,2.27,4.69
19.50398183,-3.83,3.04,4.87
19.51389599,-3.9,3.2,4.93
19.52377272,-3.23,3.08,4.68
19.53400373,-1.74,2.7,4.15
19.54496193,-0.01,2.04,3.49
19.55558777,0.98,1.27,2.76
19.57780886,0.37,0.56,1.18
19.57811165,0.37,0.56,1.18
19.5831008,-1.39,1.42,0.61
19.59399176,-3.08,2.33,-0.18
19.60399199,-3.75,2.9,-1.22
19.6159277,-3.11,2.82,-2.44
19.62373781,-1.58,2.22,-3.75
19.63391066,0.08,1.41,-4.86
19.64492583,1.43,0.63,-5.67
19.65591788,2.35,0.29,-6.3
19.6759119,2.91,0.36,-7.2
19.67621374,2.91,0.36,-7.2
19.68404865,3.11,0.25,-7.49
19.69357395,3.42,0.09,-7.8
19.70320678,3.76,-0.02,-8.17
19.71383667,4.07,-0.25,-8.52
19.72395992,4.18,-0.8,-8.73
19.73401499,4.08,-1.27,-8.89
19.74507999,3.87,-1.42,-9
19.75623798,3.55,-1.54,-9.01
19.77629089,3.26,-1.79,-9.06
19.77659082,3.26,-1.79,-9.06
19.78336287,3.13,-1.96,-9
19.79404497,2.83,-1.96,-8.97
19.8032198,2.51,-1.63,-8.96
19.81404495,2.34,-1.31,-8.9
19.82399893,2.29,-1.29,-8.94
19.83403087,2.43,-1.43,-8.97
19.84436584,2.61,-1.58,-8.91
19.85582495,2.68,-1.78,-8.83
19.87515879,2.2,-1.82,-8.5
19.87545967,2.2,-1.82,-8.5
19.88375688,1.72,-1.52,-8.18
19.89418483,1.12,-0.92,-7.82
19.90365481,0.52,0.01,-7.47
19.91400766,0.03,0.99,-7.33
19.92376184,-0.32,1.45,-7.16
19.93459487,-0.37,1.79,-7.02
19.94387865,0.36,1.36,-6.96
19.956141,1.48,0.28,-6.61
19.97637081,1.06,0.44,-4.51
19.97668791,1.06,0.44,-4.51
19.98316765,-0.69,2.13,-3.07
19.99358487,-1.61,2.88,-2.05
20.00373697,-1.3,2.65,-1.48
20.0139308,-0.5,2.16,-1.07
20.02373171,0.03,1.75,-0.6
20.03376579,0.05,1.57,0.05
20.04452777,-0.2,1.36,0.99
20.05558395,-0.4,0.61,2.17
20.07552767,-0.68,-0.74,4.85
20.07582998,-0.68,-0.74,4.85
20.08349991,-0.94,-1.08,6.03
20.09381199,-1.03,-1.64,7.06
20.10371494,-0.97,-2.29,7.82
20.11375785,-0.82,-2.57,8.31
20.12393188,-0.56,-2.47,8.53
20.13499498,-0.11,-2.14,8.56
20.14414787,0.52,-1.51,8.31
20.1559577,1.18,-0.89,7.96
20.1765089,1.57,-0.19,7.72
20.17680883,1.57,-0.19,7.72
20.18344498,1.31,0.28,7.9
20.19414377,0.79,0.72,8.19
20.20369673,0.23,0.99,8.45
20.21375179,-0.13,0.78,8.65
20.22375679,-0.33,0.53,8.74
20.2362988,-0.52,0.79,8.8
20.24430895,-0.78,1.32,8.85
20.25539279,-1.1,1.81,8.85
20.27513385,-1.72,2.7,8.5
20.27543378,-1.72,2.7,8.5
20.28343987,-1.77,2.82,8.32
20.29388094,-1.59,2.61,8.05
20.30474281,-1.3,2.06,7.66
20.3139348,-1.07,1.41,7.19
20.32396889,-1.13,1.14,6.82
20.33457994,-1.85,1.56,6.84
20.34386182,-3.23,2.68,7.26
20.35646868,-4.49,3.98,7.58
20.37608767,-4.18,3.17,6.99
20.37638879,-4.18,3.17,6.99
20.38346481,-2.71,1.59,5.94
20.39362884,-1.71,0.57,4.86
20.40355873,-1.44,0.64,4.01
20.41394877,-1.62,1.66,3.49
20.42377377,-1.82,2.52,3.37
20.43436193,-1.82,2.55,3
20.44385672,-1.57,2.27,2.02
20.45617867,-0.87,2.29,0.68
20.47587776,2.74,1.69,-3.05
20.47618484,2.74,1.69,-3.05
20.48355079,4.81,0.68,-5.13
20.4937408,5.54,0.1,-6.86
20.50335169,4.5,0.08,-7.72
20.51379085,2.8,0.31,-8.03
20.5240159,1.33,0.81,-8.18
20.53398275,0.59,1.24,-8.25
20.54464984,0.43,1.45,-8.2
20.55614185,0.62,1.58,-8.07
20.57635379,1.66,1.47,-7.81
20.57656288,1.66,1.47,-7.81
20.5835638,2.43,0.84,-7.69
20.59362483,3.22,0.12,-7.56
20.60397577,3.8,-0.54,-7.56
20.61373568,4.05,-1.19,-7.72
20.623734,3.97,-1.77,-7.79
20.63483477,3.64,-2.15,-7.66
20.64390373,3.14,-1.85,-7.49
20.65604377,2.66,-1.08,-7.32
20.67600489,1.96,-0.16,-6.66
20.67634583,1.96,-0.16,-6.66
20.68331289,1.93,0.08,-6.41
20.69392967,2.08,0.16,-6.29
20.70333385,2.39,0,-6.29
20.71377087,2.95,-0.58,-6.4
20.72391891,3.56,-1.3,-6.63
20.73457575,3.96,-1.86,-6.86
20.74446869,3.81,-1.69,-6.87
20.75554895,3.23,-0.87,-6.68
20.7760849,1.92,0.67,-6.17
20.77639389,1.92,0.67,-6.17
20.78353071,1.74,0.94,-5.88
20.79354286,2.17,0.38,-5.55
20.80384684,3.07,-0.9,-5.33
20.81386375,3.73,-2.1,-5.03
20.82374978,3.57,-2.12,-4.23
20.83525181,2.31,-0.67,-3.04
20.84401989,0.71,1.08,-1.83
20.85626268,-0.2,2.3,-0.82
20.87620878,-0.08,2.76,0.81
20.87651086,-0.08,2.76,0.81
20.88359976,-0.01,2.3,1.94
20.89403868,-0.13,1.46,3.33
20.90413666,-0.31,0.6,4.95
20.91399574,-0.59,0.02,6.5
20.92374897,-0.94,-0.36,7.92
20.93462992,-1.27,-0.66,9.13
20.94445276,-1.49,-1.03,10.09
20.95581388,-1.47,-1.35,10.76
20.9765358,-1.2,-1.33,11.12
20.97684383,-1.2,-1.33,11.12
20.98361182,-0.7,-0.81,10.68
20.99379969,-0.25,-0.1,9.99
21.00379682,-0.04,0.63,9.29
21.01381779,-0.09,1.39,8.68
21.02382183,-0.22,2.21,8.2
21.03463578,-0.31,2.75,7.87
21.04389,-0.41,2.95,7.63
21.05642986,-0.5,3.01,7.44
21.07632065,-0.51,2.64,7.2
21.07662296,-0.51,2.64,7.2
21.08340788,-0.51,2.34,7.1
21.09398985,-0.69,2.29,6.98
21.10414386,-1.22,2.58,7.01
21.1141367,-2.24,3.26,7.19
21.12601089,-3.34,3.96,7.36
21.13416386,-3.91,4.21,7.37
21.14450693,-3.53,3.67,7.13
21.15631485,-2.5,2.72,6.66
21.17647696,-1.18,2.33,5.34
21.17677784,-1.18,2.33,5.34
21.1836257,-1.25,2.55,4.82
21.19388676,-1.42,2.88,4.45
21.20391488,-1.82,3.33,4.15
21.21383882,-2.04,3.4,3.85
21.22625685,-1.73,3.1,3.39
21.23390388,-0.9,2.64,2.66
21.24437666,0.25,1.92,1.71
21.25597382,1.18,1.14,0.65
21.27703786,1.46,0.96,-0.93
21.27735281,1.46,0.96,-0.93
21.28384066,1.08,1.89,-1.53
21.29369378,0.81,2.37,-2.27
21.30415297,0.8,2.24,-3.06
21.31407595,0.89,1.97,-3.83
21.32394695,0.92,1.68,-4.52
21.33452082,1.01,1.27,-5.15
21.3444829,1.22,0.97,-5.75
21.35554075,1.52,0.79,-6.28
21.37557268,2.29,0.32,-6.99
21.37587786,2.29,0.32,-6.99
21.38358688,2.74,0.02,-7.21
21.39380288,3.31,-0.31,-7.42
21.40330791,3.87,-0.8,-7.63
21.41388583,4.34,-1.4,-7.81
21.42388487,4.76,-2.1,-7.91
21.433815,5.06,-2.84,-7.91
21.44453883,5.18,-3.52,-7.83
21.45596385,5.01,-3.98,-7.64
21.47561383,3.53,-4.13,-6.85
21.47591066,3.53,-4.13,-6.85
21.48394489,2.71,-3.79,-6.45
21.49355388,2.03,-3.21,-6.2
21.50391388,1.69,-2.6,-5.99
21.51413488,1.66,-2.3,-5.83
21.52428865,1.87,-2.33,-5.77
21.53555775,2.18,-2.53,-5.76
21.54472876,2.44,-2.77,-5.84
21.55610085,2.57,-2.95,-6.01
21.57572889,2.44,-3.09,-6.26
21.57602787,2.44,-3.09,-6.26
21.58363199,1.93,-2.58,-6.07
21.59365797,1.02,-1.47,-5.73
21.60413885,0.06,-0.14,-5.43
21.61403084,-0.53,0.86,-5.26
21.62399888,-0.5,1.28,-5.14
21.63454866,0.21,0.84,-5.18
21.64428377,1.55,-0.49,-5.35
21.65619993,2.91,-2.15,-5.38
21.67687488,2.45,-2.13,-4.44
21.67717695,2.45,-2.13,-4.44
21.68322778,0.73,0.08,-3.51
21.69346881,-0.68,2.14,-2.91
21.70418382,-0.97,2.82,-2.74
21.71412897,-0.19,2.21,-2.6
21.72412086,0.88,1.07,-2.15
21.73557687,1.28,0.53,-1.21
21.74481773,0.84,0.85,0.03
21.75567389,0.18,1.55,1.32
21.77724385,-0.12,1.76,3.45
21.77754688,-0.12,1.76,3.45
21.78353167,-0.01,1.38,4.6
21.79385996,-0.09,1,5.95
21.80413079,-0.36,0.91,7.33
21.81396079,-0.7,0.83,8.58
21.82407475,-0.87,0.73,9.61
21.83394289,-0.8,0.46,10.39
21.84473991,-0.38,0.41,10.8
21.8554697,0.03,0.61,10.81
21.87607574,0.27,2.09,9.49
21.87627983,0.27,2.09,9.49
21.88367271,0.1,2.94,8.8
21.89422679,-0.16,3.65,8.5
21.90426087,-0.43,4.28,8.46
21.91376877,-0.78,4.74,8.41
21.92392492,-1.11,4.79,8.32
21.93624878,-1.32,4.46,8.25
21.9435277,-1.3,4.06,8.19
21.95611668,-1.21,3.6,8.04
21.97558165,-1.7,2.9,7.68
21.97588491,-1.7,2.9,7.68
21.98372269,-2.52,3.14,7.56
21.99381971,-3.68,3.66,7.21
22.00408888,-4.8,4.1,6.86
22.01398468,-5.44,4.32,6.57
22.02371478,-5.13,4.12,6.24
22.0346899,-4.11,3.35,5.75
22.04407597,-2.85,2.22,5.08
22.05640697,-1.93,1.27,4.43
22.07864881,-2.07,3.08,4.23
22.0788548,-2.07,3.08,4.23
22.08405399,-2.27,3.77,4.75
22.09401584,-1.31,2.73,4.66
22.10415483,0.24,0.82,3.73
22.11412477,1.55,-0.82,2.32
22.12416267,2.37,-1.59,0.81
22.13475585,2.85,-1.71,-0.53
22.14432383,2.77,-0.95,-1.56
22.1556797,1.64,0.38,-2.34
22.17620182,-0.44,1.98,-4.15
22.17653894,-0.44,1.98,-4.15
22.18382597,-0.37,2.1,-4.94
22.19371486,0.25,1.86,-5.59
22.20412278,0.93,1.46,-6.12
22.21424675,1.37,1.14,-6.45
22.22386169,1.66,1.04,-6.64
22.2356708,1.99,1.04,-6.78
22.24558067,2.46,0.91,-6.88
22.25601292,3.01,0.58,-6.96
22.27560377,4.1,-0.15,-7.29
22.27590585,4.1,-0.15,-7.29
22.28360176,4.53,-0.68,-7.42
22.29354095,4.81,-1.22,-7.5
22.30433989,5,-1.83,-7.47
22.31399083,5.11,-2.51,-7.33
22.32394886,5.13,-3.14,-7.26
22.33466077,4.97,-3.67,-7.22
22.34442568,4.6,-3.99,-7.05
22.3559289,3.99,-3.89,-6.78
22.3794148,2.91,-2.69,-6.35
22.37971377,2.91,-2.69,-6.35
22.383389,2.58,-2.2,-6.23
22.39367867,2.34,-1.93,-6.14
22.40385675,2.17,-1.82,-6.07
22.41392565,2.05,-1.78,-5.96
22.42415667,1.86,-1.68,-5.86
22.4347508,1.49,-1.35,-5.72
22.44497871,0.99,-0.73,-5.56
22.45582199,0.48,0.09,-5.41
22.47747898,0.28,0.74,-5.55
22.47777891,0.28,0.74,-5.55
22.48382568,0.95,0.08,-5.66
22.49359989,1.79,-1.02,-5.61
22.50425982,2.25,-1.73,-5.36
22.51420879,2.15,-1.82,-4.85
22.52370071,1.36,-1.56,-3.97
22.53523493,0.19,-0.86,-2.88
22.5453639,-0.56,-0.15,-2.01
22.55590487,-0.57,0.16,-1.46
22.57547379,0.04,0.35,-0.56
22.57577372,0.04,0.35,-0.56
22.58365583,0.3,0.53,0.09
22.59386182,0.47,0.8,0.97
22.60417366,0.61,1.2,1.8
22.6140337,0.87,1.51,2.53
22.62413979,1.05,1.29,3.56
22.63525081,0.96,0.7,4.94
22.64422369,0.62,0.39,6.39
22.65614986,0.2,0.44,7.78
22.67639184,-0.6,0.2,9.93
22.67669392,-0.6,0.2,9.93
22.68368673,-1,0.06,10.62
22.6937747,-1.19,0.11,10.91
22.70413971,-1.17,-0.02,11.08
22.71409488,-1.25,0.04,11.36
22.72353172,-1.53,1.01,11.25
22.73532295,-1.63,2.22,10.45
22.74521685,-1.2,2.61,9.41
22.75641298,-0.33,2.31,8.51
22.77863169,0.97,2.06,7.31
22.77893281,0.97,2.06,7.31
22.78343296,0.83,2.3,7.06
22.79364967,0.23,2.8,6.89
22.80395174,-0.52,3.32,6.82
22.81401491,-1.03,3.41,6.82
22.82396698,-0.97,3.03,6.82
22.83473682,-0.7,2.5,6.69
22.84509468,-0.7,2.05,6.38
22.85583973,-1.35,1.81,6.07
22.87678576,-3.97,2.13,5.79
22.87708569,-3.97,2.13,5.79
22.88368368,-4.93,2.77,5.69
22.89371777,-5.24,3.11,5.57
22.9041729,-4.88,2.94,5.24
22.91408682,-3.99,2.64,4.57
22.92403173,-3.1,2.49,3.9
22.93423676,-2.23,1.96,3.42
22.94464183,-1.33,1.36,3.09
22.95591688,-0.43,1.28,2.94
22.97556782,0.74,1.05,1.98
22.97586679,0.74,1.05,1.98
22.98383474,0.84,0.14,0.89
22.99379086,0.87,-0.27,-0.42
23.00603986,0.59,-0.16,-1.73
23.01420975,-0.02,0.24,-2.89
23.02356887,-0.49,0.82,-3.93
23.03390884,-0.63,1.58,-4.81
23.0445168,-0.4,2.06,-5.45
23.05566382,0.17,2.16,-5.97
23.07542992,1.6,1.74,-6.68
23.07572985,1.6,1.74,-6.68
23.08365583,2.17,1.4,-6.91
23.09460187,2.61,1.25,-7.09
23.10416484,2.94,1.15,-7.21
23.11405182,3.3,0.93,-7.26
23.12407684,3.65,0.66,-7.36
23.1340518,3.83,0.42,-7.5
23.14422488,3.83,0.24,-7.57
23.15663576,3.77,-0.04,-7.48
23.17746878,3.72,-0.67,-6.95
23.17776394,3.72,-0.67,-6.95
23.18361568,3.74,-1.07,-6.65
23.19404984,3.67,-1.59,-6.39
23.20376682,3.5,-2.22,-6.18
23.21393585,3.4,-2.58,-6.03
23.22412586,3.35,-2.44,-5.99
23.23485684,3.12,-2.21,-5.93
23.24573469,2.78,-2.03,-5.83
23.2561028,2.51,-1.85,-5.81
23.27803683,2.41,-1.55,-5.95
23.27833796,2.41,-1.55,-5.95
23.28373384,2.48,-1.66,-6.01
23.29355669,2.53,-1.83,-6.1
23.30412197,2.54,-2,-6.24
23.31398296,2.43,-2.11,-6.41
23.32416677,2.18,-2.04,-6.49
23.33416367,1.78,-1.67,-6.37
23.34497166,1.33,-1.38,-5.97
23.35555983,0.92,-1.39,-5.35
23.37608099,0.35,-1.63,-3.88
23.37638998,0.35,-1.63,-3.88
23.38368273,0.18,-1.36,-3.27
23.3935647,0.03,-0.81,-2.91
23.40421486,-0.16,-0.05,-2.56
23.41397882,-0.31,0.58,-2.03
23.42377996,-0.27,1.04,-1.26
23.43473768,-0.05,1.3,-0.45
23.4446497,0.31,1.47,0.19
23.45588088,0.67,1.52,1.04
23.47722292,0.74,0.7,3.9
23.47752285,0.74,0.7,3.9
23.48361397,0.5,0.55,5.63
23.49494386,0.03,0.53,7.39
23.50405693,-0.55,0.69,8.9
23.51626682,-1.01,0.6,10.16
23.52374077,-1.19,0.17,11.18
23.53462386,-1.18,-0.15,11.87
23.54548788,-1.13,-0.19,12.38
23.5564537,-1.35,0.02,12.58
23.57664084,-1.71,2.71,11.15
23.57698774,-1.71,2.71,11.15
23.58360672,-1.52,3.44,10.22
23.5945859,-0.94,3.33,9.34
23.60424781,-0.23,2.77,8.52
23.6139679,0.35,2.27,7.97
23.62402177,0.57,2.06,7.73
23.63386679,0.26,2.1,7.73
23.64523888,-0.25,2.34,7.92
23.65609169,-0.79,2.58,8.18
23.67610383,-1.49,2.68,8.11
23.67641068,-1.49,2.68,8.11
23.68340588,-2.09,2.71,7.67
23.69380093,-2.95,2.65,7.08
23.70418596,-3.83,2.77,6.66
23.71428776,-4.39,2.9,6.41
23.7242198,-3.95,2.61,6.21
23.73552585,-2.77,2.39,5.71
23.74440575,-1.65,2.15,4.92
23.75609279,-0.99,2.26,4.13
23.77581596,-0.03,1.99,2.69
23.77611971,-0.03,1.99,2.69
23.78373194,0.59,1.62,2.14
23.79382467,1.14,1.11,1.5
23.80611682,1.69,0.5,0.58
23.81401277,2.11,0.1,-0.75
23.8242228,2.23,-0.23,-2.24
23.834723,1.8,-0.49,-3.5
23.84541988,1.02,-0.4,-4.45
23.85608387,0.06,0.14,-5.18
23.87609196,-1.36,1.19,-6.11
23.87639189,-1.36,1.19,-6.11
23.88373995,-1.07,1.31,-6.42
23.89354086,-0.23,1.21,-6.75
23.90415287,0.9,0.93,-7.05
23.91403866,2.02,0.49,-7.3
23.92427182,2.93,0.08,-7.44
23.93462467,3.73,-0.21,-7.53
23.94539785,4.29,-0.53,-7.65
23.95581293,4.57,-0.81,-7.82
23.97635889,4.44,-1.26,-7.98
23.97656178,4.44,-1.26,-7.98
23.98394585,4.26,-1.51,-7.84
23.994133,4.11,-1.82,-7.59
24.00423098,3.93,-2.23,-7.19
24.01424265,3.62,-2.6,-6.76
24.02438068,3.2,-2.8,-6.47
24.03471994,2.74,-2.59,-6.42
24.04425573,2.49,-2.22,-6.38
24.05617285,2.43,-2.03,-6.33
24.0762558,2.5,-2.3,-6.41
24.07656384,2.5,-2.3,-6.41
24.08397579,2.48,-2.27,-6.33
24.09397268,2.26,-2.11,-6.06
24.10637093,1.85,-1.58,-5.75
24.11427069,1.25,-0.85,-5.5
24.12417269,0.66,-0.2,-5.36
24.13421583,0.49,0.4,-5.27
24.14511299,0.88,0.44,-5.23
24.15519881,1.64,-0.44,-5.32
24.17673182,2.94,-2.04,-5.41
24.17703485,2.94,-2.04,-5.41
24.18372774,2.91,-2.09,-5.08
24.19426298,2.15,-1.34,-4.51
24.20396376,1.07,-0.04,-3.8
24.21611071,0.08,1.16,-3.03
24.22416067,-0.39,1.92,-2.24
24.23446798,-0.37,2.09,-1.49
24.24587083,-0.2,1.96,-0.77
24.25547266,-0.18,1.7,0.13
24.27561998,-0.8,1.35,2.86
24.27591896,-0.8,1.35,2.86
24.28372097,-1.04,1.04,4.55
24.29397082,-1.21,0.53,6.14
24.30388689,-1.28,0.18,7.59
24.31412387,-1.35,-0.2,8.79
24.32400894,-1.52,-0.64,9.75
24.33542776,-1.62,-0.94,10.56
24.34608269,-1.58,-1.04,11.16
24.35604286,-1.64,-1.01,11.59
24.37595081,-2.19,0.47,11.33
24.37624979,-2.19,0.47,11.33
24.38372374,-2.28,1.27,10.72
24.39361,-1.8,1.64,10.09
24.40422082,-0.98,1.38,9.36
24.41428781,-0.08,0.84,8.63
24.42364383,0.52,0.59,8.13
24.43549681,0.74,0.68,7.83
24.445364,0.55,0.98,7.73
24.4552269,-0.06,1.58,7.8
24.47514582,-1.41,2.24,7.92
24.47537374,-1.41,2.24,7.92
24.483706,-2.09,2.32,7.71
24.49421597,-2.79,2.44,7.32
24.50633669,-3.52,2.41,6.83
24.51420784,-4.12,2.42,6.41
24.52600574,-4.44,2.52,6.17
24.53432178,-4.28,2.5,5.94
24.54600477,-3.77,2.3,5.53
24.55611086,-3.08,2.26,4.91
24.57476473,-2.26,2.73,3.69
24.5750699,-2.26,2.73,3.69
24.58369398,-1.67,2.72,3.12
24.59379983,-0.93,2.32,2.53
24.60350275,-0.21,1.5,1.94
24.6138649,0.48,0.74,1.24
24.62406969,0.84,0.29,0.34
24.63486576,0.72,0.11,-0.67
24.64492893,0.21,0.33,-1.77
24.65611792,-0.34,1.02,-2.75
24.67603278,-0.52,1.62,-4.48
24.676332,-0.52,1.62,-4.48
24.68328977,0.04,1.66,-5.31
24.69417286,0.83,1.66,-5.99
24.70395184,1.65,1.48,-6.5
24.71390295,2.3,1.22,-6.86
24.72396088,2.77,1.05,-7.11
24.73493576,3.13,0.99,-7.31
24.74498081,3.44,0.88,-7.49
24.75607395,3.78,0.73,-7.72
24.77583075,4.55,-0.43,-8.04
24.77603483,4.55,-0.43,-8.04
24.78358793,4.86,-1.29,-8.08
24.79410577,5.14,-2.08,-8.15
24.80413198,5.34,-2.85,-8.13
24.81378984,5.2,-3.34,-7.92
24.82415199,4.45,-3,-7.55
24.83393288,3.54,-2.13,-7.23
24.84520674,2.77,-1.3,-7.13
24.8561039,2.27,-0.68,-7.22
24.87673187,2.64,-0.85,-7.61
24.87693596,2.64,-0.85,-7.61
24.88591671,3.17,-1.33,-7.88
24.8938098,3.39,-1.87,-8.06
24.90440178,3.05,-1.91,-8.08
24.9140377,2.29,-1.18,-7.85
24.92403698,1.42,-0.21,-7.49
24.93480396,0.82,0.37,-7.02
24.94515991,0.57,0.62,-6.59
24.95596385,0.5,0.59,-6.32
24.97610784,0.52,-0.51,-5.83
24.97634888,0.52,-0.51,-5.83
24.98371577,0.57,-0.65,-5.56
24.99409199,0.42,-0.15,-5.26
25.00427079,-0.42,1.18,-4.58
25.01425171,-2.04,3.3,-3.43
25.02367282,-3.57,5.61,-2.08
25.03549576,-4.13,6.8,-0.86
25.04578686,-3.42,5.93,-0.08
25.05546093,-1.91,4.15,0.49
25.07556295,-0.08,1.2,2.51
25.07586384,-0.08,1.2,2.51
25.08410287,-0.42,0.68,3.81
25.09375978,-1.18,0.23,5.17
25.10606289,-2.08,-0.39,6.56
25.11422873,-2.89,-0.92,7.87
25.12412286,-3.59,-1.31,8.95
25.13420677,-4.19,-1.89,9.78
25.1456008,-4.45,-2.7,10.34
25.15590191,-4.31,-3.49,10.69
25.1784029,-3.81,-3.14,10.6
25.17870378,-3.81,-3.14,10.6
25.18354487,-3.18,-1.82,10.24
25.19376183,-2.46,-1.19,9.94
25.2038908,-1.79,-1.03,9.54
25.21424198,-1.35,-0.85,9.09
25.22371483,-1.07,-0.72,8.82
25.23435187,-0.94,-0.66,8.7
25.24523973,-1.19,-0.51,8.65
25.25559378,-1.73,-0.21,8.65
25.2758317,-3.28,0.89,8.72
25.27617478,-3.28,0.89,8.72
25.28367281,-3.84,1.34,8.7
25.29650879,-3.99,1.55,8.44
25.30383396,-3.78,1.38,7.98
25.31401181,-3.15,1,7.23
25.32382488,-2.46,0.52,6.41
25.33432984,-2.03,-0.09,5.68
25.34495783,-2.02,-0.11,5.17
25.35643983,-2.52,0.94,4.88
25.37582588,-3.17,2.39,3.91
25.37615085,-3.17,2.39,3.91
25.38400793,-2.31,1.85,3.09
25.39479589,-0.88,0.91,2.22
25.40443778,0.62,-0.07,1.39
25.41432667,1.87,-0.83,0.44
25.4239738,2.51,-1.13,-0.53
25.43484497,2.25,-0.61,-1.34
25.44576883,1.31,0.34,-2.03
25.45574284,0.37,1.02,-2.79
25.47628593,0.02,1.24,-4.51
25.47659588,0.02,1.24,-4.51
25.48334885,0.39,1.24,-5.28
25.49621987,0.93,1.26,-5.94
25.50420785,1.59,1.29,-6.51
25.51409769,2.22,1.19,-6.93
25.52414179,2.66,1.04,-7.25
25.53401279,2.95,0.91,-7.43
25.54571772,3.22,0.74,-7.58
25.55565691,3.44,0.51,-7.76
25.57634068,3.85,-0.12,-8.04
25.57664585,3.85,-0.12,-8.04
25.5836308,4.02,-0.53,-8.14
25.59399486,4.16,-1.11,-8.1
25.60404086,4.29,-1.8,-7.94
25.61401176,4.41,-2.37,-7.74
25.62443876,4.4,-2.96,-7.46
25.63402486,4.13,-3.44,-7.16
25.64570475,3.64,-3.25,-7.02
25.65590668,3.09,-2.5,-6.88
25.67448878,2.29,-1.53,-6.65
25.67478681,2.29,-1.53,-6.65
25.68362284,2.04,-1.32,-6.65
25.69385672,1.88,-1.13,-6.59
25.70405293,1.68,-0.97,-6.48
25.71415782,1.5,-0.78,-6.36
25.72434783,1.36,-0.69,-6.26
25.734725,1.33,-0.59,-6.26
25.7452569,1.42,-0.58,-6.29
25.75622988,1.47,-0.63,-6.26
25.7789638,0.89,-0.84,-5.59
25.77919388,0.89,-0.84,-5.59
25.7835207,0.48,-0.78,-5.02
25.79393888,0.15,-0.78,-4.44
25.80413675,-0.01,-0.4,-3.86
25.81440973,-0.28,0.42,-3.26
25.82430172,-0.7,1.24,-2.79
25.83536887,-0.92,1.91,-2.3
25.8456769,-0.71,2.22,-1.59
25.85646081,-0.13,2.33,-0.79
25.87648582,1.06,2.11,1.16
25.8767848,1.06,2.11,1.16
25.88368678,1.03,1.33,2.7
25.89398098,0.6,0.91,4.33
25.90400982,-0.04,0.83,5.91
25.9142437,-0.76,0.63,7.3
25.92367697,-1.37,0.24,8.48
25.93549967,-1.81,-0.33,9.38
25.94603491,-2.1,-1.06,10.06
25.95594978,-2.22,-1.53,10.64
25.97689199,-2.5,-1.46,11.25
25.97719097,-2.5,-1.46,11.25
25.98371267,-2.57,-0.57,10.91
25.99381399,-2.15,0.26,10.27
26.00434065,-1.34,0.38,9.67
26.01406884,-0.46,0.41,9.13
26.02418566,0.1,0.6,8.65
26.03436375,0.32,0.88,8.29
26.04637098,0.22,1.33,8.16
26.05586481,-0.26,1.89,8.16
26.07351875,-1.44,2.42,8.06
26.07485676,-1.44,2.42,8.06
26.0861578,-1.91,2.39,7.79
26.09368587,-2.47,2.35,7.41
26.10424376,-3.01,2.55,6.98
26.11422682,-3.43,2.86,6.6
26.124331,-3.64,2.89,6.33
26.13427377,-3.38,2.68,6.04
26.14566565,-2.87,2.39,5.54
26.15587282,-2.3,2.01,4.9
26.17641377,-1.01,1.61,3.89
26.17671776,-1.01,1.61,3.89
26.18344498,-0.46,1.72,3.37
26.19395685,0.03,1.85,2.8
26.20425987,0.47,1.9,2.16
26.21431971,0.94,1.68,1.45
26.22425079,1.74,1.06,0.42
26.23435879,2.53,0.33,-0.88
26.24569678,2.83,-0.1,-2.13
26.25646877,2.59,-0.2,-3.18
26.27648377,0.87,0.77,-4.64
26.2767849,0.87,0.77,-4.64
26.28372669,0.16,1.39,-5.02
26.29399586,0.02,1.74,-5.39
26.30423188,0.43,1.77,-5.84
26.31403685,1.2,1.53,-6.3
26.3243227,2.03,1.12,-6.71
26.33478069,2.66,0.75,-7.04
26.34558296,3.06,0.52,-7.32
26.35583973,3.24,0.42,-7.5
26.37462878,3.19,0.12,-7.6
26.3749299,3.19,0.12,-7.6
26.38382196,3.22,-0.08,-7.64
26.39447188,3.33,-0.41,-7.65
26.40423584,3.46,-0.84,-7.57
26.41401291,3.66,-1.35,-7.43
26.42385888,3.95,-1.82,-7.27
26.43452072,4.24,-2.35,-7.06
26.44420576,4.33,-2.95,-6.8
26.45597267,4.04,-3.1,-6.54
26.47825575,2.96,-1.98,-6.08
26.47864866,2.96,-1.98,-6.08
26.48353887,2.57,-1.6,-6.06
26.49389172,2.34,-1.55,-6.06
26.50431967,2.27,-1.58,-6.02
26.51402378,2.23,-1.73,-5.95
26.5241909,2.16,-2.12,-5.88
26.53514099,2.15,-2.51,-5.84
26.54388666,2.15,-2.69,-5.88
26.55636978,1.78,-2.53,-5.85
26.57899094,0,-0.83,-5.14
26.57929897,0,-0.83,-5.14
26.58357882,-0.86,-0.13,-4.69
26.59376884,-1.24,0.39,-4.44
26.60412788,-0.9,0.23,-4.42
26.6142869,0.13,-0.81,-4.46
26.62423992,1.02,-1.69,-4.35
26.63497496,0.96,-1.43,-4.04
26.6454587,-0.13,-0.19,-3.41
26.65575171,-1.32,1.27,-2.45
26.67768192,-1.34,2.36,-0.13
26.67798376,-1.34,2.36,-0.13
26.68355179,-0.12,2.13,0.87
26.69399881,0.9,1.5,1.9
26.70396566,1.14,0.82,3.15
26.71404791,0.74,0.61,4.63
26.72438383,0.01,0.69,6.09
26.73501396,-0.62,0.49,7.47
26.74553776,-0.96,-0.02,8.58
26.75638866,-1.1,-0.67,9.35
26.7773509,-0.77,-1.46,10.23
26.77765369,-0.77,-1.46,10.23
26.78364778,-0.59,-1.23,10.33
26.79429078,-0.52,-0.7,10.31
26.80432487,-0.58,-0.02,10.17
26.81437492,-0.74,0.79,9.88
26.82479286,-0.9,1.54,9.5
26.83562684,-1,1.98,9.17
26.84523487,-0.91,2.13,8.92
26.85600376,-0.68,2.05,8.59
26.87521577,-0.18,1.72,7.73
26.87554884,-0.18,1.72,7.73
26.88389587,-0.12,1.76,7.38
26.89386368,-0.28,1.99,7.18
26.90622878,-0.67,2.09,7.12
26.91426682,-1.17,2.05,7.25
26.92371488,-1.6,2,7.51
26.93424988,-1.69,1.87,7.69
26.94548488,-1.8,1.6,7.47
26.95603466,-1.94,1.45,6.99
26.97574091,-2.28,1.56,5.91
26.97604179,-2.28,1.56,5.91
26.98388481,-2.08,1.64,5.41
26.99422288,-1.44,1.45,4.9
27.00613785,-0.56,1.09,4.04
27.01425481,0.35,0.62,2.94
27.02435184,0.87,0.06,2.02
27.03573179,0.71,-0.24,1.32
27.04576182,0.21,0.16,0.68
27.05612588,-0.84,0.87,0.12
27.07707787,-2.41,1.59,-1.22
27.07728481,-2.41,1.59,-1.22
27.08394098,-2.01,1.41,-2.1
27.09418488,-1.01,1.04,-3.24
27.10415483,0.3,0.68,-4.45
27.11447096,1.57,0.31,-5.41
27.12430573,2.57,-0.04,-6.11
27.13488674,3.15,-0.29,-6.63
27.14502382,3.28,-0.52,-6.94
27.15590477,3.25,-0.64,-7.18
27.17751265,3.41,-1.07,-7.92
27.17771888,3.41,-1.07,-7.92
27.18359089,3.37,-1.49,-8.22
27.19403887,3.24,-1.8,-8.37
27.20397472,3.03,-2.13,-8.36
27.21412587,2.8,-2.43,-8.25
27.22431779,2.6,-2.61,-8.04
27.23447585,2.44,-2.75,-7.7
27.24501896,2.26,-2.78,-7.38
27.25641584,2.06,-2.79,-7.11
27.27646875,1.75,-2.39,-6.85
27.27677083,1.75,-2.39,-6.85
27.28385592,1.67,-1.96,-6.87
27.29411888,1.69,-1.78,-7.04
27.30437779,1.83,-1.91,-7.27
27.3143177,2.07,-2.15,-7.45
27.32435369,2.29,-2.33,-7.54
27.33444881,2.4,-2.45,-7.52
27.34578681,2.26,-2.64,-7.39
27.35617495,1.8,-2.6,-7.11
27.3772068,0.31,-1.4,-6.4
27.37750769,0.31,-1.4,-6.4
27.38375568,-0.06,-0.69,-6.03
27.39408588,0.18,-0.8,-5.64
27.40425491,0.86,-1.72,-5.34
27.41410184,1.72,-2.71,-5.06
27.42484093,2.45,-3.13,-4.85
27.43513393,2.28,-2.7,-4.69
27.44520879,1.17,-1.4,-4.22
27.45620298,-0.36,0.51,-3.32
27.47787881,-1.64,3,-0.86
27.47818184,-1.64,3,-0.86
27.48482466,-1.01,2.62,0.28
27.49391699,0.07,1.78,1.12
27.50429773,1,1.13,1.78
27.51417184,1.54,0.59,2.67
27.52438498,1.69,-0.2,4.08
27.53415489,1.49,-0.66,5.95
27.54565668,0.83,-0.37,7.83
27.55560088,0.02,0.14,9.49
27.57521868,-0.51,0.24,11.23
27.57551885,-0.51,0.24,11.23
27.58410788,-0.14,-0.18,11.01
27.59439778,0.62,-0.45,10.29
27.60456467,1.45,-0.09,9.38
27.61447287,1.8,0.71,8.63
27.62432575,1.57,1.69,8.16
27.63544798,1.09,2.68,7.83
27.64505577,0.65,3.29,7.52
27.65597868,0.35,3.4,7.2
27.67734385,-0.12,3.16,6.89
27.67764473,-0.12,3.16,6.89
27.68356586,-0.43,2.93,6.89
27.6942718,-0.88,2.77,6.94
27.70432186,-1.36,2.66,6.99
27.71422982,-1.79,2.61,6.98
27.72434998,-2.16,2.56,6.99
27.73507071,-2.34,2.41,7.11
27.7443347,-2.37,2.24,7.32
27.75631475,-2.48,2.45,7.35
27.77683282,-2.56,2.58,6.66
27.77713585,-2.56,2.58,6.66
27.78381085,-2.1,2.27,6.07
27.79418373,-1.28,1.78,5.32
27.80446672,-0.53,1.5,4.48
27.81431675,-0.14,1.51,3.45
27.82410479,-0.09,1.5,2.42
27.83493471,-0.05,1.45,1.66
27.8453908,0.17,1.29,0.94
27.85660172,0.41,1.03,-0.03
27.875772,0.22,0.71,-2.13
27.87615967,0.22,0.71,-2.13
27.88387871,-0.02,0.53,-2.99
27.89381886,-0.2,0.62,-3.85
27.90413094,-0.19,0.72,-4.83
27.91450477,0.12,0.59,-5.62
27.92428493,0.65,0.51,-6.18
27.93565893,1.25,0.5,-6.59
27.94411683,1.71,0.47,-6.96
27.95603895,2.04,0.49,-7.21
27.97690678,2.37,0.28,-7.4
27.97720981,2.37,0.28,-7.4
27.9836688,2.32,0.22,-7.46
27.99429989,2.21,0.02,-7.56
28.00412679,2.13,-0.28,-7.64
28.01415873,2.07,-0.51,-7.67
28.02396297,1.97,-0.76,-7.64
28.03494477,1.88,-1.19,-7.45
28.04498577,1.81,-1.64,-6.96
28.05634379,1.73,-1.94,-6.27
28.07917166,1.61,-2.34,-4.97
28.07946491,1.61,-2.34,-4.97
28.08362985,1.71,-2.38,-4.75
28.09438086,1.83,-2.29,-4.94
28.10430574,1.87,-2.23,-5.44
28.11626673,1.69,-2.25,-5.92
28.1242528,1.63,-2.18,-6.03
28.13417768,1.56,-2.08,-5.93
28.14432788,1.46,-1.93,-5.69
28.15614367,1.11,-1.76,-5.44
28.17516184,-0.57,-0.72,-5.13
28.17546368,-0.57,-0.72,-5.13
28.18501472,-1.45,-0.12,-5.02
28.19388771,-1.94,0.34,-4.86
28.20435095,-1.97,0.53,-4.81
28.21416569,-1.61,0.12,-4.9
28.22433877,-0.91,-0.46,-5.04
28.2342329,-0.13,-0.93,-5.12
28.24532795,0.32,-1.13,-5.02
28.25635767,0.14,-0.86,-4.63
28.27774572,-1.77,1.32,-3.05
28.27805877,-1.77,1.32,-3.05
28.2837038,-2.52,2.43,-2.18
28.29418588,-2.35,2.46,-1.47
28.30448079,-1.15,1.97,-0.92
28.31453681,0.46,1.32,-0.08
28.32429981,1.5,0.5,1.3
28.33557487,1.59,0.21,2.94
28.34524775,0.94,0.45,4.7
28.35637784,0.28,0.44,6.48
28.37590265,0.15,-0.58,9.35
28.37619972,0.15,-0.58,9.35
28.38391685,0.4,-0.97,10.37
28.39458179,0.61,-1.23,11.16
28.40440679,0.84,-1.26,11.74
28.41433477,1.12,-1.07,11.89
28.42441368,1.36,-0.52,11.28
28.43614388,1.55,0.15,10.3
28.44587374,1.71,0.73,9.56
28.455585,1.77,1.23,9.14
28.47528267,1.59,1.95,8.59
28.47558069,1.59,1.95,8.59
28.48389387,1.38,2.06,8.41
28.49684978,1,2.14,8.31
28.5044837,0.44,2.3,8.33
28.514359,-0.27,2.51,8.36
28.524405,-1.06,2.69,8.39
28.53563595,-1.91,2.79,8.46
28.54515266,-2.5,2.8,8.55
28.5563488,-2.49,2.51,8.43
28.57646585,-1.98,1.89,7.51
28.57679081,-1.98,1.89,7.51
28.5833869,-2.11,1.89,6.94
28.59452295,-2.49,1.96,6.46
28.60436082,-2.71,2.22,6.02
28.61454868,-2.55,2.43,5.59
28.62432289,-2.06,2.5,4.97
28.63499594,-1.5,2.29,4.01
28.64533186,-0.92,1.68,2.99
28.6567049,-0.31,1.32,2.08
28.67661786,0.34,1.59,0.98
28.676929,0.34,1.59,0.98
28.68368483,0.36,1.66,0.48
28.69446373,0.21,1.56,-0.28
28.70448399,0.18,1.28,-1.21
28.71445465,0.44,1.07,-2.27
28.72427082,0.73,0.9,-3.43
28.73571181,0.85,0.71,-4.52
28.7449007,0.77,0.73,-5.36
28.75587893,0.44,0.97,-5.94
28.77764678,-0.09,1.27,-6.6
28.77794886,-0.09,1.27,-6.6
28.78367996,0.06,1.29,-6.83
28.79385996,0.43,1.23,-7.05
28.80408978,0.89,1.11,-7.29
28.81427288,1.31,0.9,-7.49
28.82419682,1.66,0.63,-7.64
28.83439779,1.88,0.44,-7.73
28.84512568,1.99,0.21,-7.67
28.85616875,2.07,-0.09,-7.51
28.87608099,2.16,-0.77,-7.05
28.87628984,2.16,-0.77,-7.05
28.88387585,2.23,-1.18,-6.78
28.89460182,2.31,-1.61,-6.49
28.90447879,2.2,-1.63,-6.27
28.91445398,1.92,-1.22,-6.25
28.92450094,1.68,-0.7,-6.29
28.93564487,1.6,-0.3,-6.34
28.94473386,1.68,-0.07,-6.45
28.95654988,1.89,0.06,-6.65
28.97595787,2.26,0.04,-7.13
28.97627497,2.26,0.04,-7.13
28.98351192,2.26,-0.08,-7.26
28.99431086,2.09,-0.08,-7.23
29.00440693,1.8,0.06,-7.11
29.01446486,1.37,0.12,-6.92
29.02430582,0.87,0.41,-6.68
29.0352838,0.42,0.76,-6.45
29.04537582,0.3,0.85,-6.26
29.05688381,0.82,0.39,-6.04
29.07864785,2.37,-1.14,-4.89
29.07895184,2.37,-1.14,-4.89
29.08413696,1.77,-0.94,-4.07
29.09422088,0.25,0.19,-3.23
29.10428381,-1.29,1.68,-2.65
29.11456871,-1.97,2.47,-2.2
29.12427783,-1.51,2.62,-1.72
29.13509893,-0.4,2.6,-1.1
29.14563465,0.43,2.28,-0.04
29.15587568,0.5,1.71,1.43
29.17777395,-0.96,0.98,4.85
29.17816186,-0.96,0.98,4.85
29.18369865,-1.56,0.45,6.59
29.19424391,-1.89,-0.39,8.04
29.20422888,-2.08,-1.23,9.19
29.21442699,-2.43,-2.01,10.18
29.22439981,-2.86,-2.55,11.15
29.23576188,-3.23,-2.72,12.07
29.24491382,-3.48,-2.27,12.4
29.2566328,-3.33,-1.36,11.72
29.27656794,-1.89,-0.76,9.89
29.27687287,-1.89,-0.76,9.89
29.28373194,-0.85,-0.67,9.33
29.29452586,0.07,-0.44,8.76
29.30477571,0.69,-0.22,8.33
29.31429386,0.92,0.02,8.15
29.32388377,0.98,0.3,8.2
29.33526587,0.9,0.53,8.35
29.34593987,0.58,0.93,8.43
29.35629272,0.04,1.41,8.38
29.37849188,-0.64,1.75,7.82
29.37879896,-0.64,1.75,7.82
29.38371086,-0.81,1.58,7.43
29.3942008,-1.11,1.46,7.03
29.40440488,-1.65,1.36,6.72
29.41455698,-2.09,1.4,6.55
29.424335,-2.06,1.53,6.36
29.43568683,-1.41,1.48,5.79
29.44527483,-0.93,1.39,4.99
29.45625591,-0.8,1.25,4.18
29.47574091,-0.47,1.05,2.67
29.47603798,-0.47,1.05,2.67
29.48388481,-0.46,0.78,2.2
29.49425793,-0.11,0.66,1.78
29.50438166,0.02,0.75,1.15
29.51427484,-0.12,0.76,0.21
29.52451372,-0.06,0.58,-0.93
29.53550196,0.17,0.5,-2.13
29.54512787,0.34,0.66,-3.36
29.55649996,0.59,0.77,-4.4
29.57835865,1.48,1.02,-5.85
29.57857084,1.48,1.02,-5.85
29.58390784,2.27,1.08,-6.44
29.59449887,3.18,0.87,-7.02
29.60433769,3.84,0.45,-7.56
29.61432266,4.22,-0.01,-7.99
29.62420797,4.41,-0.59,-8.37
29.63507485,4.42,-1.33,-8.69
29.64470768,4.18,-1.93,-8.86
29.65623999,3.6,-2.1,-8.89
29.67951965,2.02,-1.9,-8.4
29.67991877,2.02,-1.9,-8.4
29.68354368,1.5,-1.81,-7.99
29.69425297,1.17,-2,-7.52
29.70422983,1.05,-2.55,-6.88
29.71425486,1.03,-2.91,-6.42
29.72427177,1.09,-2.83,-6.36
29.73530769,1.26,-2.62,-6.53
29.74547672,1.49,-2.41,-6.81
29.75658894,1.68,-2.2,-7.06
29.77756286,1.65,-1.65,-7.21
29.77788496,1.65,-1.65,-7.21
29.78396893,1.51,-1.47,-7.11
29.79428887,1.36,-1.44,-6.96
29.80448484,1.13,-1.54,-6.82
29.81430292,0.7,-1.53,-6.61
29.824018,-0.01,-1.09,-6.29
29.83501673,-0.57,-0.32,-5.81
29.84487987,-0.68,0.11,-5.27
29.85587168,-0.47,0.1,-4.73
29.8769958,0.05,-0.41,-4.1
29.87729692,0.05,-0.41,-4.1
29.88390493,0.39,-0.45,-3.84
29.89450479,0.53,-0.33,-3.52
29.90449977,0.02,0.48,-2.95
29.91444778,-0.8,1.77,-2.09
29.92453885,-1.73,3.33,-0.98
29.9350028,-2.45,4.35,0.16
29.9453187,-2.36,4.47,1.01
29.9559648,-1.4,3.63,1.51
29.97776794,0.68,0.57,3.63
29.97806787,0.68,0.57,3.63
29.98382282,0.5,-0.12,5.03
29.99454188,-0.33,-0.21,6.57
30.00423574,-1.18,-0.31,8.09
30.01450396,-1.81,-0.55,9.46
30.0242219,-2.27,-0.88,10.53
30.03573275,-2.6,-1.25,11.11
30.04525375,-2.78,-1.59,11.31
30.05656481,-2.71,-1.81,11.37
30.07897782,-2.54,0.04,11.12
30.07929683,-2.54,0.04,11.12
30.0839498,-2.74,1.88,10.88
30.09457183,-3.01,3.66,10.64
30.10434294,-3.7,5.27,10.51
30.11453485,-4.39,6.43,10.44
30.12452388,-4.64,6.75,10.29
30.13504577,-4.04,5.89,9.79
30.14477682,-2.56,3.76,9.08
30.15621281,-1.35,2.11,8.7
30.17516088,-3.24,3.22,8.44
30.17547369,-3.24,3.22,8.44
30.18399978,-5.45,5.57,8
30.19452882,-7.42,6.97,7.27
30.20453787,-7.83,7.79,6.42
30.21432877,-7.58,8.6,5.77
30.22452784,-7.29,8.69,5.49
30.23602676,-6.23,8.05,5.69
30.24499679,-4.57,7,5.82
30.2558198,-2.87,5.49,5.61
30.27701283,0.19,3.48,4.46
30.27731276,0.19,3.48,4.46
30.28428888,0.83,3.69,3.82
30.29448175,0.69,4.26,3.49
30.30481291,-0.18,5.01,3.6
30.31434393,-1.11,5.06,3.66
30.32449579,-1.16,4.51,3.43
30.33584166,-0.15,4.31,2.93
30.34480476,1.78,4.8,2.08
30.35619378,3.45,4.28,1.69
30.37918186,2.05,1.06,1.65
30.37938881,2.05,1.06,1.65
30.38406587,1.33,1.49,1.35
30.39452982,0.37,1.57,0.89
30.40411782,-0.4,1.25,0.38
30.41434097,-0.96,0.44,-0.19
30.42442894,-1.47,-0.29,-0.63
30.43579292,-1.89,-0.6,-0.86
30.4450798,-2.15,-0.46,-0.98
30.45572186,-2.15,0.21,-0.96
30.47769785,-0.9,1.55,-0.73
30.47808695,-0.9,1.55,-0.73
30.48381376,-0.06,1.78,-0.55
30.49431181,0.6,1.63,-0.38
30.50435781,1.06,1.26,-0.25
30.51440096,1.36,0.89,-0.25
30.52433491,1.59,0.69,-0.37
30.53532791,1.76,0.66,-0.53
30.54524088,1.58,0.78,-0.5
30.55616379,1.3,0.62,-0.29
30.57694769,0.9,0.85,0.19
30.57715988,0.9,0.85,0.19
30.58374381,0.9,1.11,0.43
30.59453392,0.99,1.31,0.62
30.60435295,1.16,1.37,0.68
30.61454988,1.38,1.25,0.59
30.62442088,1.63,0.9,0.43
30.63501287,1.87,0.43,0.27
30.64500284,2.1,0.05,0.14
30.65613365,2.31,-0.09,0.11
30.67665291,2.36,0.36,0.22
30.67706084,2.36,0.36,0.22
30.68393993,2.14,0.53,0.25
30.69500184,1.81,0.46,0.24
30.70426083,1.37,0.2,0.2
30.71461082,0.81,-0.42,0.1
30.72409773,0,-1.45,-0.1
30.73536682,-0.88,-2.05,-0.28
30.74481678,-1.41,-1.93,-0.36
30.75783777,-1.56,-0.97,-0.32
30.76573992,-1.33,0.16,-0.07
30.78586984,0.04,0.79,0.32
30.78616977,0.04,0.79,0.32
30.79381084,0.41,-0.47,0.37
30.80440879,0.58,-1.36,0.33
30.8142767,0.56,-1.45,0.24
30.83474183,0.29,0.08,0.37
30.83513188,0.29,0.08,0.37
30.84404588,0.03,0.64,0.53
30.85418797,-0.24,0.93,0.63
30.87008381,-0.46,0.99,0.66
30.87354565,-0.58,0.78,0.6
30.88417888,-0.63,0.39,0.45
30.89414787,-0.56,-0.09,0.31
30.90395284,-0.41,-0.34,0.18
30.91413975,-0.2,-0.37,0.09
30.92429781,0.02,-0.3,0.06
30.93424892,0.19,-0.2,0.09
30.94428587,0.24,-0.19,0.15
30.95637488,0.17,-0.28,0.2
30.97440886,-0.11,-0.31,0.22
30.97460794,-0.11,-0.31,0.22
30.98406792,-0.16,-0.12,0.21
30.99397373,-0.17,0.04,0.2
31.00440979,-0.12,0.15,0.21
31.01418972,-0.02,0.17,0.21
31.02426195,0.11,0.17,0.21
31.0351367,0.22,0.18,0.23
31.04527998,0.27,0.16,0.25
31.05663586,0.26,0.12,0.24
31.07782173,0.11,0.01,0.12
31.07813883,0.11,0.01,0.12
31.08393097,0.02,-0.03,0.05
31.09459186,-0.06,-0.06,0.03
31.10435486,-0.13,-0.03,0.06
31.11436486,-0.17,-0.03,0.12
31.12430882,-0.15,-0.04,0.17
31.13526773,-0.08,-0.07,0.19
31.1454978,0.03,-0.11,0.2
31.15637779,0.09,-0.16,0.18
31.17680693,0.07,-0.17,0.04
31.17726088,0.07,-0.17,0.04
31.18386483,0,-0.21,0.02
31.19455981,-0.08,-0.26,0.06
31.20424366,-0.14,-0.28,0.14
31.21449995,-0.15,-0.27,0.21
31.22470093,-0.1,-0.22,0.24
31.23509288,-0.06,-0.18,0.26
31.2449708,-0.04,-0.15,0.26
31.25647974,-0.05,-0.12,0.24
31.27743888,-0.15,-0.01,0.13
31.27774477,-0.15,-0.01,0.13
31.28393793,-0.16,-0.07,0.05
31.29459381,-0.12,-0.25,-0.02
31.30423975,-0.05,-0.44,-0.03
31.31463885,0,-0.6,0.02
31.32517767,0,-0.65,0.07
31.33475685,-0.03,-0.55,0.11
31.34516668,-0.12,-0.34,0.13
31.35641575,-0.19,-0.12,0.11
31.37763882,-0.28,0.49,0.07
31.37793779,-0.28,0.49,0.07
31.38387394,-0.4,0.42,0.11
31.39695287,-0.51,0.19,0.14
31.40454578,-0.27,0.22,0.13
31.41434884,0.08,0.06,0.12
31.42431068,0.21,-0.22,0.14
31.43509769,0.28,-0.4,0.09
31.44523096,0.32,-0.38,0.08
31.45700073,0.27,-0.43,0.07
