time,ax,ay,az,atotal
0.010542154312133789,0.5,-0.49,0.48,0.84
0.011476993560791016,0.77,-0.45,1.12,1.43
0.012262105941772461,0.89,-0.21,1.32,1.6
0.013084173202514648,0.91,0.08,1.04,1.38
0.018418312072753906,0.97,0.12,0.26,1.01
0.028388023376464844,0.94,0.26,-0.62,1.15
0.038851261138916016,0.79,0.37,-1.27,1.54
0.0484461784362793,0.42,0.32,-1.56,1.64
0.059388160705566406,0.11,0.24,-1.66,1.68
0.06903314590454102,-0.03,0.14,-1.61,1.61
0.10172414779663086,-0.01,0.09,-1.22,1.22
0.10305500030517578,0.28,0.12,-0.67,0.73
0.10402297973632812,0.4,-0.03,-0.34,0.52
0.12321019172668457,0.3,-0.06,-0.16,0.34
0.12418603897094727,0.14,0.06,-0.1,0.18
0.13922810554504395,0.05,0.12,-0.19,0.23
0.14063215255737305,0.11,0.18,-0.41,0.46
0.1539602279663086,0.16,0.26,-0.65,0.71
0.1590571403503418,0.19,0.29,-0.75,0.82
0.17238426208496094,0.22,0.21,-0.53,0.61
0.20225310325622559,0.4,-0.04,0.02,0.4
0.2035071849822998,0.6,-0.14,0.53,0.81
0.20457029342651367,0.62,-0.17,0.62,0.89
0.22313499450683594,0.5,-0.22,0.31,0.62
0.22414016723632812,0.33,-0.23,-0.05,0.4
0.23941612243652344,0.16,-0.1,-0.35,0.39
0.2409510612487793,0.08,0.04,-0.45,0.45
0.25377416610717773,0.12,-0.1,-0.25,0.29
0.2594151496887207,0.04,-0.45,0.09,0.46
0.27122926712036133,0.29,0.14,0.32,0.45
0.3020319938659668,0.73,0.16,-0.23,0.78
0.303239107131958,1.17,-0.03,-1.03,1.55
0.3042581081390381,1.18,-0.04,-1.65,2.02
0.3087282180786133,0.86,0.05,-1.88,2.06
0.31894826889038086,0.39,-0.04,-1.58,1.62
0.3289313316345215,0.06,-0.24,-0.96,0.99
0.33985424041748047,0.03,-0.42,-0.48,0.63
0.34924817085266113,0.29,-0.48,-0.41,0.69
0.359417200088501,0.65,-0.38,-0.62,0.97
0.3697021007537842,0.99,-0.31,-0.93,1.39
0.4021761417388916,1.17,-0.43,-1.31,1.8
0.4033522605895996,1.12,-0.66,-1.62,2.07
0.4043571949005127,0.9,-0.97,-1.65,2.11
0.4232020378112793,0.59,-1.26,-1.79,2.26
0.4241771697998047,0.66,-1.46,-2.09,2.63
0.4394512176513672,1.04,-1.7,-2.26,3.01
0.44095420837402344,1.52,-1.69,-2.61,3.46
0.45397210121154785,1.88,-1.85,-3.13,4.09
0.45958518981933594,2.12,-2.3,-3.87,4.97
0.47219324111938477,1.71,-1.84,-4.41,5.07
0.5033411979675293,1.15,-0.96,-4.33,4.58
0.5045211315155029,2.12,-1.16,-3.62,4.35
0.5055301189422607,3.54,-1.42,-2.77,4.71
0.5229229927062988,4.67,-1.48,-1.88,5.24
0.5239253044128418,4.9,-1.27,-0.89,5.13
0.5388212203979492,4.71,-0.76,-0.19,4.77
0.5403079986572266,5.58,-0.1,-0.62,5.61
0.5546612739562988,7.28,0.42,-1.73,7.49
0.5593981742858887,9.09,0.84,-2.1,9.36
0.5719611644744873,9.98,1.38,-1.47,10.18
0.6031742095947266,10.17,0.96,0.53,10.22
0.6043572425842285,9.96,0.39,3.85,10.68
0.6053562164306641,10.02,-0.07,7.25,12.36
0.6226940155029297,9.22,0.19,8.7,12.67
0.6236810684204102,8.05,1.29,8.14,11.52
0.6390953063964844,6.62,2.56,6.97,9.94
0.6405940055847168,4.53,3.8,6.46,8.75
0.6547942161560059,3.22,4.52,7.1,9.01
0.6597092151641846,2.99,4.53,9.53,10.96
0.6719002723693848,3.27,4.38,14.01,15.03
0.7048220634460449,4.18,4.45,19.05,20.0
0.7060341835021973,4.55,4.25,22.84,23.67
0.7071123123168945,3.13,4.12,24.29,24.83
0.7240562438964844,1.04,4.27,22.89,23.3
0.7250211238861084,-0.61,4.3,20.58,21.03
0.739983081817627,-1.52,4.53,18.93,19.52
0.7413630485534668,-0.46,5.42,17.8,18.61
0.7544701099395752,1.57,6.53,16.45,17.76
0.7599482536315918,2.36,7.31,15.16,16.99
0.7714700698852539,2.0,7.1,14.5,16.26
0.8029201030731201,1.34,6.46,13.81,15.3
0.8041501045227051,1.19,5.59,12.69,13.91
0.8049252033233643,1.45,6.0,11.76,13.28
0.8231210708618164,2.72,6.68,13.05,14.91
0.824113130569458,3.56,6.81,15.55,17.34
0.8396081924438477,2.69,6.69,17.24,18.68
0.8409872055053711,1.15,5.1,15.8,16.64
0.8545112609863281,-1.53,3.43,11.9,12.47
0.8597531318664551,-4.76,1.83,7.13,8.76
0.871577262878418,-7.78,0.42,2.76,8.26
0.901881217956543,-10.7,-0.89,0.02,10.73
0.9031631946563721,-14.0,-1.62,-0.73,14.11
0.9040961265563965,-17.45,-2.42,-0.06,17.61
0.9232192039489746,-20.72,-3.12,2.42,21.09
0.9242172241210938,-22.31,-4.37,6.15,23.55
0.9400300979614258,-22.74,-5.84,11.15,25.99
0.9413681030273438,-22.4,-7.16,17.06,29.05
0.9546701908111572,-20.76,-8.27,21.77,31.19
0.9598581790924072,-17.9,-8.88,23.55,30.88
0.9717812538146973,-14.16,-8.95,22.39,27.96
1.0005581378936768,-10.71,-8.68,19.8,24.12
1.0017800331115723,-8.03,-8.71,16.15,20.02
1.0027880668640137,-6.44,-9.56,12.76,17.19
1.009486198425293,-5.58,-11.18,11.2,16.78
1.0206642150878906,-5.42,-13.05,11.75,18.37
1.0299651622772217,-4.81,-14.97,11.93,19.73
1.0398192405700684,-3.05,-16.71,10.58,20.01
1.04982328414917,-1.69,-17.99,8.13,19.81
1.0601592063903809,-1.01,-18.57,5.05,19.27
1.0703961849212646,-0.04,-18.89,1.76,18.97
1.101147174835205,1.37,-18.53,-0.74,18.59
1.102229118347168,3.5,-18.43,-2.01,18.86
1.103219985961914,6.04,-18.79,-1.93,19.83
1.1098132133483887,8.86,-18.99,-1.6,21.01
1.1194851398468018,11.77,-18.73,-2.32,22.24
1.1301732063293457,13.83,-18.18,-3.11,23.05
1.1400701999664307,15.17,-17.9,-3.79,23.76
1.1500821113586426,16.36,-16.93,-5.16,24.1
1.1607191562652588,17.33,-15.82,-6.09,24.24
1.1705172061920166,17.13,-14.6,-6.41,23.4
1.2032811641693115,16.31,-13.32,-7.28,22.28
1.204380989074707,15.13,-12.4,-8.74,21.42
1.2053711414337158,13.8,-11.66,-10.2,20.74
1.2232561111450195,12.36,-11.32,-12.26,20.76
1.224825143814087,9.28,-9.59,-14.0,19.34
1.2394261360168457,5.12,-7.11,-12.58,15.33
1.2412731647491455,2.7,-5.39,-8.56,10.46
1.2554621696472168,2.68,-2.94,-3.59,5.35
1.260085105895996,3.29,0.93,1.66,3.8
1.2725353240966797,4.53,4.9,5.12,8.41
1.3035011291503906,6.1,9.0,3.43,11.4
1.3046271800994873,7.82,12.06,-3.72,14.84
1.3055930137634277,7.46,14.39,-11.41,19.82
1.3233232498168945,4.88,15.45,-17.52,23.86
1.3248910903930664,5.06,16.24,-19.15,25.61
1.3391261100769043,10.67,15.1,-14.48,23.48
1.3411550521850586,16.79,13.1,-4.8,21.83
1.3551130294799805,19.53,9.59,1.57,21.81
1.3601131439208984,17.64,6.64,2.25,18.98
1.3728241920471191,13.71,5.24,0.14,14.67
1.4056673049926758,11.73,4.32,-1.4,12.57
1.4068050384521484,10.2,3.67,-0.32,10.84
1.407778263092041,10.46,2.94,0.93,10.9
1.4233360290527344,13.85,0.01,2.46,14.06
1.4248223304748535,14.2,-3.86,9.66,17.6
1.4401640892028809,10.89,-5.74,18.06,21.85
1.4419481754302979,7.06,-6.22,20.94,22.95
1.4556760787963867,3.12,-6.11,19.32,20.5
1.4604661464691162,0.38,-5.81,16.22,17.23
1.4726991653442383,-0.05,-4.74,12.7,13.55
1.501554012298584,-1.15,-4.45,10.05,11.05
1.5027432441711426,-3.03,-4.76,9.17,10.76
1.5037341117858887,-4.58,-4.61,10.15,12.05
1.5098352432250977,-5.24,-4.33,11.63,13.47
1.5199661254882812,-5.83,-3.89,13.06,14.82
1.530588150024414,-6.66,-3.15,13.73,15.58
1.5407609939575195,-6.89,-2.2,13.71,15.5
1.5506300926208496,-6.32,-0.95,13.45,14.89
1.561023235321045,-6.2,0.54,12.87,14.29
1.5705890655517578,-5.6,1.87,11.37,12.81
1.6043741703033447,-3.15,2.99,9.45,10.4
1.6058611869812012,0.48,4.25,8.43,9.45
1.6068651676177979,4.12,5.24,8.05,10.45
1.623462200164795,5.86,5.4,7.25,10.77
1.6249632835388184,4.99,5.04,5.74,9.12
1.640672206878662,2.47,4.29,4.19,6.48
1.6424012184143066,-0.4,3.21,3.61,4.84
1.655825138092041,-2.88,2.32,4.03,5.46
1.660588264465332,-4.25,1.33,4.1,6.05
1.6737470626831055,-4.98,0.19,3.42,6.04
1.7020981311798096,-5.87,-0.95,2.13,6.31
1.7032532691955566,-6.48,-2.36,0.23,6.9
1.70426607131958,-7.19,-3.92,-1.41,8.3
1.7100200653076172,-9.0,-5.72,-1.86,10.82
1.7201042175292969,-11.49,-7.65,-1.39,13.87
1.730638027191162,-13.98,-9.19,-0.64,16.74
1.7406351566314697,-15.61,-10.0,-0.15,18.53
1.7503910064697266,-15.21,-10.23,0.18,18.33
1.760986328125,-12.57,-9.93,1.05,16.05
1.7708072662353516,-8.78,-9.79,2.23,13.33
1.807295322418213,-4.86,-9.61,3.76,11.4
1.8086931705474854,-2.66,-9.23,5.31,10.97
1.8097410202026367,-1.83,-9.75,5.84,11.51
1.823801040649414,-1.47,-11.02,6.63,12.94
1.8250732421875,-2.33,-12.12,8.32,14.88
1.8408923149108887,-4.82,-11.2,9.33,15.35
1.8426451683044434,-7.25,-8.43,8.1,13.75
1.8560371398925781,-9.64,-3.93,6.91,12.49
1.8611903190612793,-12.17,1.49,7.81,14.53
1.8732621669769287,-12.43,6.23,11.32,17.92
1.9075660705566406,-9.64,9.61,16.85,21.66
1.908635139465332,-4.53,12.16,22.05,25.58
1.9095921516418457,2.04,13.95,25.15,28.83
1.9237871170043945,9.18,14.35,24.21,29.6
1.9250822067260742,13.49,13.26,20.68,28.02
1.9395301342010498,12.22,12.0,16.87,24.04
1.9412751197814941,8.6,10.98,15.07,20.53
1.9559550285339355,6.6,9.44,16.72,20.3
1.9608793258666992,6.56,7.35,19.2,21.57
1.9733200073242188,8.65,5.47,18.37,21.02
2.002545118331909,10.9,3.87,13.43,17.72
2.0037851333618164,11.59,2.66,5.7,13.18
2.0048022270202637,10.03,1.53,-2.46,10.43
2.0102572441101074,6.51,0.56,-7.84,10.2
2.0203611850738525,5.46,-3.3,-10.65,12.41
2.030839204788208,1.93,-4.75,-8.03,9.52
2.040722131729126,-0.98,-6.48,-1.73,6.77
2.0505311489105225,-0.57,-8.7,1.2,8.8
2.0614123344421387,1.31,-10.1,0.72,10.21
2.0710372924804688,1.67,-10.75,-1.04,10.92
2.1036012172698975,0.1,-10.55,-1.51,10.65
2.1047792434692383,-0.46,-11.0,-0.5,11.02
2.1057941913604736,0.26,-11.21,1.27,11.28
2.124511241912842,1.35,-11.16,2.4,11.49
2.1255083084106445,1.9,-11.27,1.53,11.53
2.1411001682281494,1.48,-11.36,-0.87,11.48
2.142552137374878,0.9,-10.8,-4.07,11.57
2.156083106994629,0.46,-10.09,-7.11,12.35
2.160780191421509,0.08,-9.55,-9.0,13.12
2.173490047454834,-0.38,-8.76,-9.61,13.0
2.2050201892852783,-0.26,-8.37,-9.8,12.89
2.2061190605163574,0.48,-8.03,-9.87,12.73
2.207099199295044,1.07,-7.08,-8.38,11.02
2.22432017326355,2.47,-6.82,-6.62,9.82
2.2259349822998047,4.36,-6.45,-5.1,9.3
2.2419590950012207,6.22,-6.23,-3.71,9.55
2.2435381412506104,7.12,-6.0,-2.75,9.7
2.2568650245666504,6.66,-5.86,-2.57,9.23
2.261195182800293,5.47,-5.8,-2.9,8.48
2.2735180854797363,4.23,-5.38,-3.5,7.68
2.3060901165008545,3.27,-5.07,-4.17,7.33
2.307277202606201,2.35,-4.87,-4.67,7.14
2.3082690238952637,1.56,-4.73,-5.19,7.19
2.324172019958496,0.95,-4.57,-5.8,7.44
2.325693130493164,0.65,-4.39,-6.47,7.84
2.342175006866455,0.58,-4.08,-7.0,8.12
2.3440301418304443,0.59,-3.78,-7.34,8.27
2.3568363189697266,0.79,-3.46,-7.63,8.41
2.361401081085205,1.0,-3.11,-7.8,8.45
2.373720169067383,1.24,-3.06,-7.8,8.47
2.407419204711914,1.68,-3.05,-7.58,8.34
2.4085960388183594,2.08,-2.83,-7.32,8.11
2.4095911979675293,2.62,-2.52,-7.22,8.08
2.424649238586426,3.05,-2.06,-7.2,8.08
2.425542116165161,3.45,-1.29,-7.12,8.01
2.4418230056762695,4.54,0.02,-6.83,8.2
2.443305015563965,5.8,1.81,-5.88,8.45
2.456792116165161,6.14,3.95,-4.92,8.8
2.461130142211914,5.63,6.73,-4.72,9.96
2.4735631942749023,4.99,9.01,-4.89,11.4
2.5040581226348877,4.81,10.34,-3.11,11.82
2.5053000450134277,3.11,10.82,1.41,11.34
2.50630521774292,3.15,11.16,6.07,13.08
2.526175022125244,11.08,8.82,11.0,17.93
2.527414321899414,20.97,6.94,19.27,29.31
2.5417051315307617,25.33,7.18,27.26,37.89
2.543168067932129,21.24,7.94,27.47,35.61
2.55688214302063,12.74,9.3,20.99,26.25
2.561458110809326,5.89,9.76,13.51,17.67
2.5738542079925537,1.64,10.32,7.07,12.61
2.606581211090088,0.44,10.06,2.01,10.26
2.6078081130981445,1.45,9.25,-1.65,9.5
2.6087722778320312,3.76,8.02,-4.27,9.83
2.6244029998779297,5.95,7.36,-5.5,10.94
2.6258771419525146,7.68,7.92,-4.71,11.99
2.640305995941162,9.37,8.09,-2.6,12.64
2.6417651176452637,11.05,7.64,1.01,13.47
2.6565141677856445,11.51,8.6,7.05,16.0
2.661520004272461,12.02,9.21,14.9,21.24
2.673882007598877,12.19,10.71,20.89,26.45
2.704991102218628,12.32,10.81,21.41,26.96
2.706155300140381,10.97,8.2,16.7,21.59
2.7071752548217773,5.78,5.83,10.25,13.13
2.7251501083374023,-0.62,2.84,3.97,4.92
2.726168155670166,-6.04,0.63,-0.72,6.11
2.7417092323303223,-8.51,-0.41,-3.01,9.03
2.743199110031128,-7.11,-0.89,-2.87,7.71
2.757143020629883,-4.02,-1.45,-2.06,4.74
2.7614402770996094,-2.13,-3.03,-1.89,4.15
2.7735753059387207,-2.33,-5.39,-1.76,6.13
2.8044371604919434,-5.2,-8.55,-0.27,10.01
2.8056092262268066,-9.98,-11.53,2.77,15.49
2.8066420555114746,-13.61,-13.62,5.66,20.06
2.825385093688965,-15.0,-14.44,7.94,22.28
2.8263871669769287,-14.25,-14.32,9.69,22.4
2.8417131900787354,-11.74,-14.0,11.05,21.35
2.8432092666625977,-7.68,-13.48,11.56,19.34
2.8569393157958984,-2.63,-12.21,11.94,17.27
2.861492156982422,1.08,-10.73,13.07,16.94
2.8736610412597656,1.02,-10.28,14.32,17.65
2.9050559997558594,-1.19,-10.79,14.51,18.12
2.9062421321868896,-3.66,-10.9,13.64,17.83
2.9072461128234863,-5.52,-10.94,12.4,17.43
2.925619125366211,-6.67,-10.98,11.1,16.97
2.926575183868408,-7.19,-10.98,9.68,16.3
2.9418492317199707,-7.12,-10.59,8.9,15.55
2.9434661865234375,-6.19,-9.8,8.67,14.47
2.956972122192383,-4.97,-9.17,8.48,13.44
2.961487293243408,-4.35,-8.74,7.98,12.6
2.9738521575927734,-4.41,-8.4,7.04,11.81
3.0055081844329834,-4.88,-7.71,5.28,10.54
3.0065712928771973,-4.88,-6.56,3.14,8.75
3.007512092590332,-3.98,-5.19,1.81,6.78
3.0247881412506104,-3.21,-3.65,1.3,5.03
3.02573299407959,-2.82,-2.46,0.87,3.84
3.0426101684570312,-3.3,-1.28,0.61,3.59
3.044006109237671,-4.84,0.31,0.81,4.91
3.057331085205078,-5.81,2.21,1.19,6.32
3.0613722801208496,-4.45,4.78,2.06,6.84
3.073857307434082,-1.26,6.46,2.87,7.18
3.1047072410583496,-0.16,7.12,4.8,8.58
3.105926990509033,-2.3,7.88,7.81,11.33
3.106969118118286,-3.49,8.19,8.19,12.09
3.126493215560913,-4.22,8.11,6.27,11.08
3.1274611949920654,-6.0,7.42,5.34,10.93
3.1426751613616943,-7.55,5.88,2.77,9.96
3.1441850662231445,-8.89,4.23,-0.17,9.84
3.1573572158813477,-10.47,2.91,-0.37,10.87
3.161924123764038,-9.09,1.32,1.72,9.34
3.1745622158050537,-3.54,0.18,4.38,5.63
3.2058839797973633,3.48,0.08,6.49,7.36
3.207099199295044,8.54,1.1,8.15,11.85
3.208116054534912,10.11,1.43,7.5,12.66
3.226047992706299,8.62,-0.02,2.88,9.08
3.227039098739624,5.0,-1.32,-1.84,5.48
3.24290132522583,1.45,-2.57,-3.48,4.56
3.2442612648010254,-0.57,-3.29,-2.48,4.15
3.2580442428588867,1.46,-2.73,0.18,3.1
3.2618441581726074,6.97,-1.78,3.16,7.85
3.2753400802612305,11.48,-0.88,4.55,12.38
3.3063101768493652,11.67,-0.39,2.34,11.9
3.307551145553589,8.81,-0.32,-1.99,9.03
3.3084771633148193,5.32,-0.63,-5.77,7.87
3.326019287109375,3.31,-1.16,-8.55,9.24
3.327017307281494,2.61,-1.69,-8.79,9.32
3.3413121700286865,1.86,-1.88,-6.35,6.87
3.3423190116882324,1.28,-2.44,-3.83,4.71
3.358013153076172,0.69,-2.75,-2.71,3.92
3.3617641925811768,0.39,-2.6,-3.01,3.99
3.3746321201324463,0.5,-2.29,-4.23,4.83
3.405364990234375,0.58,-2.09,-5.22,5.65
3.4063451290130615,1.27,-2.65,-5.44,6.18
3.4070961475372314,1.83,-2.44,-5.3,6.11
3.4263510704040527,2.26,-2.35,-4.8,5.8
3.4273343086242676,1.75,-2.21,-4.73,5.5
3.442540168762207,0.75,-2.13,-4.61,5.13
3.4438421726226807,-0.12,-2.0,-4.03,4.5
3.4574060440063477,-0.34,-1.54,-3.18,3.54
3.461754322052002,-0.05,-0.76,-2.66,2.76
3.4743852615356445,0.13,-0.33,-2.94,2.96
3.503848075866699,-0.06,0.02,-3.6,3.6
3.505045175552368,-0.43,0.25,-4.29,4.31
3.505779266357422,-0.72,0.27,-4.75,4.81
3.511540174484253,-0.62,0.42,-4.73,4.78
3.521696090698242,-0.23,0.63,-4.27,4.32
3.5316600799560547,0.21,0.81,-3.89,3.97
3.5424201488494873,1.01,1.36,-4.1,4.43
3.5519332885742188,2.73,2.25,-4.63,5.82
3.562441110610962,4.75,3.12,-4.99,7.56
3.5722270011901855,6.16,3.9,-4.74,8.69
3.6071243286132812,6.38,4.62,-4.2,8.92
3.608208179473877,6.0,4.69,-3.6,8.42
3.609060287475586,6.15,5.3,-2.41,8.46
3.6272292137145996,7.3,6.54,-0.61,9.82
3.628437042236328,10.29,8.03,2.27,13.24
3.643115997314453,14.25,10.03,6.26,18.51
3.644700050354004,16.38,11.01,10.0,22.12
3.658322334289551,16.59,10.25,11.91,22.85
3.6624231338500977,18.05,8.99,12.35,23.64
3.675884246826172,24.26,7.87,14.69,29.43
3.7051682472229004,30.07,7.35,18.54,36.08
3.706362247467041,29.63,6.25,19.03,35.76
3.707367181777954,23.82,5.27,16.35,29.36
3.726140022277832,19.35,5.12,13.52,24.15
3.72714900970459,19.52,5.68,12.77,24.0
3.743211269378662,21.4,6.42,13.57,26.14
3.7446041107177734,21.73,6.83,12.92,26.18
3.7575931549072266,19.35,7.41,10.77,23.35
3.7623300552368164,14.65,8.18,9.0,19.04
3.7748641967773438,9.51,8.39,8.75,15.4
3.80557918548584,5.64,8.08,9.96,14.01
3.806603193283081,3.38,7.29,12.07,14.5
3.807363986968994,2.06,6.07,13.75,15.17
3.8270201683044434,-0.05,4.61,13.68,14.43
3.8280131816864014,-3.96,2.7,12.36,13.25
3.8429970741271973,-8.31,1.85,11.02,13.92
3.8442492485046387,-11.84,1.09,9.67,15.32
3.8580360412597656,-13.71,0.16,9.58,16.72
3.8622372150421143,-13.49,-1.07,10.06,16.86
3.8745880126953125,-12.79,-2.48,10.16,16.52
3.9040651321411133,-12.74,-4.08,9.12,16.19
3.9052820205688477,-13.81,-6.5,6.73,16.68
3.9060912132263184,-15.81,-8.39,4.89,18.55
3.9122061729431152,-17.84,-9.74,4.4,20.79
3.9252591133117676,-18.4,-10.53,5.3,21.85
3.9319190979003906,-17.42,-11.01,7.64,21.97
3.9424691200256348,-15.99,-11.48,9.97,22.06
3.9522900581359863,-14.83,-11.89,11.31,22.11
3.9624900817871094,-13.24,-11.39,10.91,20.59
3.972827196121216,-11.52,-10.8,8.9,18.12
4.007855176925659,-10.7,-10.3,6.38,16.16
4.008958101272583,-10.73,-10.13,4.22,15.34
4.009979248046875,-11.11,-10.04,2.98,15.26
4.026952266693115,-11.7,-9.74,3.22,15.56
4.027882099151611,-11.9,-9.37,4.24,15.72
4.041752099990845,-10.48,-8.81,5.01,14.57
4.043290138244629,-7.9,-8.41,5.64,12.84
4.05890417098999,-6.09,-8.15,5.94,11.78
4.060519218444824,-5.62,-8.33,5.46,11.43
4.075691223144531,-6.36,-8.74,5.28,12.02
4.101076126098633,-7.41,-9.02,5.55,12.92
4.102251052856445,-7.29,-8.77,5.86,12.82
4.103150129318237,-5.74,-7.93,6.56,11.78
4.108471155166626,-3.36,-6.88,7.74,10.88
4.117151260375977,-1.78,-6.38,9.57,11.63
4.127173185348511,-1.64,-6.24,11.6,13.27
4.1376941204071045,-1.93,-6.25,12.54,14.14
4.147144317626953,-1.93,-6.31,11.65,13.38
4.157772064208984,-1.6,-6.34,9.56,11.58
4.167654991149902,-1.1,-6.04,7.3,9.53
4.201864242553711,0.42,-5.3,4.93,7.25
4.203132152557373,2.68,-4.85,3.06,6.32
4.204154014587402,4.26,-4.57,2.35,6.67
4.208461284637451,4.58,-4.8,2.18,6.98
4.217133045196533,3.49,-5.89,1.69,7.05
4.227021217346191,1.92,-5.62,1.03,6.02
4.237874984741211,2.94,-3.62,0.22,4.66
4.247402191162109,6.91,-2.08,-0.45,7.23
4.2582173347473145,11.08,-1.88,-1.54,11.34
4.26746129989624,11.3,-3.0,-1.34,11.76
4.301815032958984,7.17,-2.43,1.18,7.66
4.303079128265381,4.24,-1.11,3.71,5.74
4.304055213928223,1.62,1.86,5.29,5.83
4.308621168136597,-0.72,6.03,3.06,6.8
4.317407131195068,-1.89,9.29,-3.47,10.09
4.327917098999023,-3.68,10.5,-11.4,15.92
4.337666034698486,-7.81,10.89,-17.78,22.26
4.3474202156066895,-13.35,10.86,-19.4,25.93
4.357989311218262,-14.82,10.35,-16.17,24.25
4.367815017700195,-8.57,8.56,-8.35,14.71
4.400742053985596,0.38,7.51,2.97,8.08
4.401933193206787,8.73,8.63,11.08,16.53
4.402953147888184,13.78,9.77,7.45,18.46
4.409104108810425,12.08,10.4,-2.73,16.17
4.417342185974121,4.6,10.97,-8.35,14.53
4.433413982391357,-3.24,8.99,-6.9,11.78
4.442718982696533,-6.74,4.62,0.02,8.17
4.452826023101807,-6.85,2.48,9.02,11.59
4.463255167007446,-5.37,1.2,14.94,15.92
4.473474025726318,-3.11,-0.52,15.47,15.78
4.512469291687012,-0.93,-1.67,13.15,13.28
4.513557195663452,-0.28,-2.15,10.92,11.13
4.514526128768921,-0.63,-3.24,9.26,9.83
4.528464317321777,-0.61,-4.21,8.0,9.06
4.529726028442383,0.2,-4.04,7.57,8.58
4.543727159500122,1.48,-3.72,7.3,8.32
4.5451340675354,2.33,-3.33,6.69,7.82
4.559096336364746,3.41,-2.91,4.43,6.3
4.5626771450042725,5.39,-2.37,0.55,5.91
4.5755791664123535,7.71,-1.66,-3.07,8.46
4.607043266296387,9.52,-0.98,-5.53,11.05
4.608262062072754,10.24,-0.73,-6.27,12.02
4.609123229980469,9.72,-1.35,-5.82,11.4
4.627265214920044,8.2,-2.52,-5.24,10.05
4.628238201141357,6.71,-3.71,-4.74,9.01
4.643661022186279,6.25,-4.12,-4.22,8.59
4.64490818977356,6.44,-4.12,-3.67,8.48
4.658799171447754,7.15,-4.02,-3.34,8.85
4.662930011749268,8.02,-4.28,-3.25,9.65
4.676608085632324,7.69,-4.96,-3.39,9.75
4.706354141235352,6.33,-5.27,-4.36,9.31
4.707574129104614,5.6,-5.27,-6.4,10.0
4.7083961963653564,5.6,-4.65,-8.67,11.32
4.727511167526245,5.38,-3.84,-10.48,12.39
4.728541135787964,4.9,-2.71,-11.57,12.85
4.744034290313721,5.18,-2.91,-13.09,14.37
4.745581150054932,4.99,-2.8,-14.4,15.49
4.759059190750122,4.27,-2.03,-14.64,15.38
4.762948036193848,3.51,-0.88,-15.05,15.47
4.776008129119873,2.27,0.3,-15.52,15.68
4.8072710037231445,1.04,1.67,-15.45,15.57
4.8084492683410645,-0.74,4.77,-13.9,14.71
4.809442043304443,-1.0,7.41,-10.27,12.7
4.827603101730347,0.84,9.67,-3.77,10.41
4.8285980224609375,3.13,10.9,5.59,12.64
4.844155311584473,4.82,12.34,14.25,19.45
4.84558629989624,9.57,12.56,17.54,23.6
4.859520196914673,16.8,13.72,17.3,27.74
4.863880157470703,23.16,15.4,18.05,33.15
4.876796245574951,27.36,15.45,19.52,36.99
4.907716274261475,28.8,14.77,20.65,38.39
4.908900260925293,26.12,14.04,20.55,36.07
4.9098992347717285,20.28,13.24,18.93,30.73
4.927942276000977,13.73,11.76,16.01,24.14
4.928929328918457,8.29,9.84,13.29,18.49
4.944404125213623,5.56,7.71,11.77,15.12
4.9458842277526855,4.28,5.97,11.1,13.31
4.959504127502441,3.19,4.97,10.12,11.71
4.963318109512329,2.0,4.28,7.59,8.94
4.97742223739624,0.49,3.22,3.98,5.14
5.006256103515625,-1.28,1.69,1.08,2.37
5.007496118545532,-2.66,0.93,-0.15,2.82
5.008425235748291,-2.98,0.89,-0.65,3.17
5.012814044952393,-3.08,0.63,-0.27,3.15
5.0232462882995605,-3.56,0.0,1.42,3.83
5.032961130142212,-4.1,-1.02,3.08,5.22
5.043798208236694,-5.23,-2.17,3.73,6.78
5.053234100341797,-6.6,-3.0,2.6,7.7
5.063895225524902,-8.16,-3.63,0.35,8.93
5.073628187179565,-9.56,-3.86,-1.84,10.47
5.1081743240356445,-10.0,-4.02,-3.27,11.26
5.10926628112793,-9.61,-3.98,-3.68,11.03
5.110252141952515,-8.74,-3.58,-3.54,10.08
5.1270201206207275,-7.72,-3.3,-3.0,8.91
5.128504276275635,-6.78,-2.94,-1.22,7.49
5.144466161727905,-6.17,-2.62,2.32,7.09
5.146233081817627,-5.34,-2.66,6.49,8.81
5.160219192504883,-4.3,-3.12,10.3,11.58
5.163793087005615,-3.74,-3.46,12.95,13.91
5.176812171936035,-3.4,-3.77,14.33,15.2
5.209971189498901,-3.02,-4.21,14.7,15.58
5.211157321929932,-3.19,-4.72,13.97,15.08
5.212161064147949,-3.84,-5.1,12.31,13.86
5.2292160987854,-4.48,-5.58,10.46,12.67
5.23046612739563,-5.2,-6.26,9.08,12.19
5.244960308074951,-6.46,-6.77,8.25,12.47
5.246444225311279,-7.25,-7.32,7.46,12.71
5.260132312774658,-7.82,-7.7,6.42,12.71
5.263548135757446,-8.68,-7.82,5.41,12.87
5.277404308319092,-9.29,-7.78,4.79,13.02
5.3064491748809814,-9.13,-7.42,4.6,12.63
5.307674169540405,-8.15,-6.97,4.58,11.66
5.308670997619629,-6.42,-6.49,4.53,10.19
5.3131232261657715,-4.62,-5.94,4.57,8.8
5.32326602935791,-3.48,-5.53,4.79,8.1
5.33410120010376,-3.2,-5.44,5.37,8.28
5.343706130981445,-3.75,-5.56,6.39,9.26
5.353435039520264,-4.76,-5.82,7.28,10.46
5.364160060882568,-5.6,-5.76,7.33,10.87
5.374194145202637,-5.68,-5.09,6.02,9.71
5.410488128662109,-4.91,-4.04,3.47,7.24
5.411611080169678,-3.89,-2.16,1.04,4.56
5.412631034851074,-3.23,0.47,-0.18,3.26
5.414074182510376,-2.16,3.62,0.27,4.22
5.423305988311768,0.64,5.41,2.79,6.12
5.4338672161102295,2.57,5.19,6.16,8.45
5.443879127502441,3.02,5.07,8.1,10.02
5.453539133071899,2.28,4.34,8.37,9.7
5.464264154434204,-0.66,4.44,7.71,8.92
5.473868131637573,-4.31,6.24,6.13,9.75
5.509500026702881,-5.46,7.72,4.2,10.34
5.510711193084717,-4.98,7.5,1.88,9.19
5.511725187301636,-4.79,5.7,-0.19,7.44
5.528665065765381,-3.62,3.53,-1.82,5.37
5.529658317565918,-0.71,1.46,-3.72,4.05
5.544831275939941,3.87,0.8,-6.1,7.26
5.546306133270264,8.08,0.82,-8.73,11.92
5.560376167297363,9.62,0.36,-9.27,13.36
5.563831329345703,7.97,-0.16,-5.2,9.51
5.577251195907593,5.3,-1.02,0.84,5.46
5.6094911098480225,2.95,-2.23,6.25,7.26
5.610689163208008,-0.09,-4.03,10.02,10.8
5.611703157424927,-2.13,-4.86,10.73,11.97
5.62884521484375,-0.44,-3.77,8.23,9.06
5.629837989807129,4.36,-1.78,3.76,6.02
5.645061016082764,9.46,0.37,0.66,9.49
5.646546125411987,11.99,1.19,-0.15,12.04
5.660466194152832,9.85,0.19,0.11,9.85
5.663745164871216,5.22,-1.18,-0.45,5.37
5.6773622035980225,0.98,-3.04,-2.06,3.8
5.707170009613037,-2.55,-4.07,-3.24,5.79
5.708413124084473,-4.64,-4.91,-3.93,7.81
5.709447145462036,-5.11,-6.0,-4.62,9.13
5.713440179824829,-4.78,-6.52,-5.16,9.59
5.723573207855225,-3.91,-6.52,-5.3,9.26
5.734002113342285,-2.54,-6.53,-4.96,8.58
5.744163990020752,-1.57,-6.33,-3.68,7.48
5.753911018371582,-0.61,-6.13,-1.98,6.47
5.764021158218384,0.4,-6.0,-0.43,6.02
5.774167060852051,1.19,-5.85,0.57,5.99
5.813083171844482,1.81,-5.73,0.71,6.05
5.814179182052612,2.45,-5.5,-0.16,6.02
5.815179109573364,3.0,-5.44,-1.25,6.33
5.830262184143066,2.79,-5.32,-1.61,6.21
5.831538200378418,2.16,-5.2,-1.71,5.88
5.845214128494263,1.66,-4.84,-2.07,5.51
5.8466691970825195,1.38,-4.3,-2.5,5.16
5.860467195510864,1.45,-3.43,-2.94,4.74
5.864005088806152,1.94,-2.45,-3.45,4.65
5.8777642250061035,2.46,-1.75,-4.03,5.03
5.90684700012207,2.72,-1.21,-4.67,5.53
5.9078991413116455,2.72,-1.04,-5.29,6.03
5.9086761474609375,2.72,-1.45,-5.33,6.15
5.913807153701782,2.72,-1.52,-4.39,5.38
5.923788070678711,3.31,-1.07,-3.26,4.76
5.933822154998779,4.49,-0.38,-2.56,5.18
5.944584131240845,5.48,0.83,-1.94,5.87
5.953992128372192,5.47,2.49,-1.38,6.16
5.964271068572998,5.13,4.71,-1.23,7.07
5.974171161651611,5.33,7.58,-1.23,9.34
6.008569240570068,5.89,10.73,-1.09,12.28
6.009772300720215,5.84,14.21,-0.46,15.37
6.010782241821289,5.5,17.21,0.43,18.07
6.0283801555633545,5.96,18.3,1.37,19.29
6.029381275177002,7.96,18.23,4.46,20.38
6.045567989349365,13.03,17.27,11.8,24.64
6.046961307525635,18.56,15.22,21.03,31.91
6.061324119567871,21.38,13.18,29.1,38.43
6.064367294311523,20.03,11.57,33.15,40.42
6.077567100524902,16.17,11.12,32.3,37.79
6.106679201126099,12.78,10.65,28.06,32.62
6.107640266418457,10.64,10.68,23.37,27.81
6.108384132385254,9.71,10.37,18.93,23.66
6.113829135894775,8.76,9.55,14.64,19.55
6.127943992614746,7.21,8.32,10.32,15.09
6.134080171585083,5.15,6.83,6.61,10.81
6.144601106643677,2.95,5.16,3.93,7.12
6.154215335845947,1.27,3.59,2.22,4.4
6.164450168609619,0.25,2.6,1.45,2.98
6.174305200576782,0.68,0.9,0.81,1.38
6.208355188369751,0.46,0.36,0.75,0.95
6.209482192993164,-0.41,-0.62,1.51,1.68
6.210474014282227,-2.18,-1.72,1.72,3.26
6.229319095611572,-3.56,-2.51,1.85,4.73
6.23029899597168,-4.41,-3.03,1.91,5.68
6.245891094207764,-4.74,-3.12,1.47,5.86
6.247369289398193,-4.88,-2.79,0.38,5.63
6.261128187179565,-5.3,-2.79,-0.93,6.06
6.264158248901367,-5.86,-3.3,-1.85,6.97
6.2776501178741455,-6.46,-4.01,-2.18,7.9
6.308308124542236,-6.84,-4.49,-2.15,8.45
6.309592247009277,-6.77,-4.42,-2.0,8.32
6.310539245605469,-6.62,-4.6,-1.58,8.21
6.3294031620025635,-6.82,-4.62,-0.76,8.27
6.330390214920044,-6.27,-4.53,0.02,7.73
6.34595513343811,-4.82,-4.22,1.0,6.48
6.347386121749878,-3.6,-3.99,2.4,5.88
6.360939025878906,-3.33,-4.33,4.09,6.82
6.364565134048462,-3.66,-5.27,5.24,8.28
6.377612113952637,-4.18,-6.01,5.55,9.18
6.406756162643433,-5.02,-6.48,5.16,9.68
6.408283233642578,-5.8,-6.78,4.23,9.87
6.409287214279175,-6.47,-6.93,3.3,10.03
6.414048194885254,-6.86,-6.77,2.74,10.01
6.428314208984375,-5.93,-6.85,2.41,9.37
6.434160232543945,-5.4,-5.93,3.21,8.63
6.445013046264648,-5.28,-5.95,5.03,9.41
6.454502105712891,-5.5,-6.44,6.6,10.73
6.464587211608887,-5.37,-6.48,7.47,11.25
6.4749040603637695,-4.76,-5.94,7.26,10.51
6.508518218994141,-3.11,-5.96,6.2,9.14
6.509705066680908,-2.69,-4.6,5.01,7.31
6.510712146759033,-3.1,-4.19,4.99,7.21
6.529740333557129,-3.63,-4.38,6.3,8.48
6.530724048614502,-3.41,-4.95,8.23,10.19
6.546013116836548,-2.6,-5.56,10.29,11.98
6.547417163848877,-1.95,-6.05,11.64,13.26
6.561237335205078,-1.44,-6.19,12.55,14.06
6.564496040344238,-0.79,-5.88,13.25,14.51
6.577778100967407,0.21,-5.46,13.54,14.6
6.607651233673096,0.8,-4.93,13.49,14.38
6.608598232269287,1.37,-4.52,13.17,13.99
6.609337329864502,1.71,-4.0,12.57,13.3
6.614197254180908,1.75,-3.96,10.64,11.48
6.624373197555542,0.31,-3.12,8.69,9.23
6.6345109939575195,-1.5,-1.61,7.67,7.97
6.644937992095947,-2.82,-0.01,7.88,8.36
6.654445171356201,-4.0,2.06,8.03,9.2
6.664978981018066,-4.27,3.93,6.09,8.41
6.67476224899292,-3.78,4.96,2.09,6.57
6.707921981811523,-4.79,5.06,-2.24,7.31
6.708860158920288,-7.28,5.25,-5.66,10.61
6.709593296051025,-9.4,6.41,-8.66,14.29
6.714260101318359,-9.95,7.69,-11.4,16.97
6.724730014801025,-8.9,8.44,-11.84,17.04
6.734493255615234,-6.37,7.81,-10.0,14.19
6.745287179946899,-4.16,6.34,-7.31,10.53
6.75476598739624,-2.43,4.11,-4.94,6.87
6.765054225921631,-1.4,2.12,-3.26,4.13
6.774648189544678,-0.41,0.27,-2.28,2.33
6.808770179748535,1.22,-0.8,-2.26,2.68
6.809967994689941,1.95,-1.36,-2.65,3.56
6.810791015625,1.58,-1.72,-3.13,3.9
6.830310106277466,1.42,-2.39,-3.87,4.76
6.831292152404785,1.16,-2.77,-3.26,4.43
6.846259117126465,0.96,-3.13,-0.93,3.4
6.8474650382995605,0.51,-3.83,1.94,4.32
6.861345291137695,-0.12,-4.48,4.72,6.5
6.8648810386657715,-0.35,-4.99,7.04,8.63
6.8790130615234375,-0.12,-5.21,8.64,10.09
6.908006191253662,0.23,-5.41,9.69,11.1
6.909496307373047,-0.11,-5.85,10.98,12.44
6.91037130355835,-0.98,-5.71,12.45,13.73
6.914477109909058,-0.47,-4.96,12.42,13.38
6.924589157104492,1.61,-3.54,10.28,10.99
6.934587001800537,3.61,-1.93,6.84,7.97
6.945566177368164,4.86,-0.34,2.93,5.68
6.954877138137817,4.84,0.6,-0.45,4.89
6.965013027191162,3.75,0.51,-2.52,4.54
6.974924087524414,2.6,-0.02,-2.57,3.65
7.01013708114624,2.01,-0.34,-0.95,2.24
7.011459112167358,2.21,-0.33,0.54,2.29
7.012498140335083,2.96,-0.08,1.22,3.2
7.03038215637207,3.22,0.23,1.03,3.38
7.0313661098480225,2.86,0.39,-0.21,2.89
7.046347141265869,2.57,0.48,-2.1,3.35
7.047590255737305,2.37,0.5,-3.86,4.55
7.061575174331665,2.19,0.41,-5.13,5.59
7.0649189949035645,2.2,0.38,-5.96,6.36
7.078817129135132,2.26,0.22,-6.13,6.53
7.108680248260498,2.2,0.0,-5.68,6.09
7.109907150268555,2.19,-0.14,-5.16,5.6
7.110773086547852,2.19,-0.25,-4.87,5.34
7.114577293395996,2.09,-0.19,-4.73,5.17
7.124756336212158,2.21,0.09,-4.76,5.24
7.134738206863403,2.66,0.27,-4.7,5.4
7.145528316497803,3.43,0.5,-4.31,5.53
7.15486216545105,4.88,0.69,-3.86,6.26
7.1656622886657715,6.83,1.41,-3.85,7.96
7.17528510093689,8.97,2.62,-4.07,10.19
7.2103941440582275,10.62,3.95,-3.75,11.93
7.21156120300293,11.35,5.41,-2.2,12.76
7.21258020401001,11.56,6.54,0.22,13.28
7.231267213821411,12.25,7.79,2.59,14.74
7.232510089874268,13.89,9.7,4.24,17.46
7.247034072875977,15.87,11.32,5.69,20.3
7.248758316040039,15.77,13.54,6.89,21.89
7.262211322784424,14.85,16.14,7.34,23.12
7.2657201290130615,15.57,17.59,9.49,25.33
7.278942108154297,17.32,16.47,16.43,29.0
7.309435129165649,18.09,13.27,25.33,33.83
7.310663223266602,15.55,10.52,30.93,36.18
7.311523199081421,8.6,10.03,30.26,33.01
7.330700159072876,1.33,9.77,24.59,26.49
7.331724166870117,-2.0,9.43,17.04,19.57
7.34691309928894,-1.46,10.26,10.29,14.6
7.348393201828003,0.35,10.87,5.43,12.15
7.36207914352417,2.12,10.52,2.44,11.0
7.365116119384766,4.56,9.44,1.29,10.56
7.379326105117798,6.98,8.2,1.87,10.92
7.408692121505737,7.05,6.84,4.13,10.65
7.409912109375,5.47,4.85,7.2,10.26
7.410873174667358,2.82,3.03,9.37,10.24
7.414789199829102,0.01,1.25,9.9,9.97
7.425121307373047,-3.1,-0.22,9.69,10.17
7.435027122497559,-6.91,-1.94,9.11,11.59
7.445878028869629,-10.25,-3.86,7.81,13.45
7.455609321594238,-12.14,-5.28,5.98,14.52
7.465996265411377,-13.59,-6.61,3.82,15.58
7.475557327270508,-14.21,-7.23,1.2,15.98
7.50941014289856,-13.3,-7.1,-1.9,15.19
7.5106072425842285,-12.06,-6.92,-4.51,14.61
7.511484146118164,-11.08,-6.5,-5.39,13.93
7.53074312210083,-10.15,-6.26,-4.62,12.78
7.531705141067505,-9.7,-7.1,-2.74,12.32
7.5471673011779785,-10.51,-8.58,0.06,13.56
7.5486602783203125,-11.7,-10.46,2.9,15.95
7.5623602867126465,-11.96,-12.22,4.72,17.73
7.56529426574707,-10.69,-13.08,5.12,17.65
7.579265117645264,-7.88,-11.85,3.83,14.73
7.609498023986816,-4.96,-8.02,2.83,9.84
7.610756158828735,-2.98,-4.15,3.32,6.09
7.611622333526611,-1.34,-3.66,4.8,6.18
7.615072250366211,-0.49,-4.18,9.44,10.33
7.625307083129883,0.94,-5.52,15.56,16.53
7.635193109512329,1.43,-7.21,19.93,21.24
7.6459503173828125,-0.2,-7.83,22.08,23.42
7.655679225921631,-2.72,-8.15,21.48,23.13
7.665725231170654,-5.28,-8.53,18.68,21.2
7.675565242767334,-7.58,-8.16,15.52,19.1
7.711703300476074,-8.86,-7.85,12.69,17.35
7.7129130363464355,-9.23,-7.67,10.46,15.91
7.713914155960083,-8.54,-7.22,9.09,14.41
7.731136322021484,-6.86,-6.62,8.76,12.94
7.732124328613281,-4.9,-6.34,9.3,12.27
7.747255325317383,-3.36,-6.69,10.09,12.56
7.748871326446533,-2.28,-7.51,10.58,13.17
7.762993335723877,-1.68,-8.17,10.83,13.66
7.765848159790039,-0.97,-8.35,10.44,13.4
7.78026819229126,-0.24,-8.23,9.27,12.39
7.810063123703003,0.09,-7.77,7.24,10.62
7.811499118804932,0.24,-6.71,4.9,8.31
7.812509059906006,0.21,-4.91,3.21,5.86
7.831259250640869,0.75,-3.62,2.92,4.71
7.83223819732666,2.29,-3.77,2.4,5.02
7.84731912612915,2.97,-3.59,-1.58,4.91
7.848810195922852,1.03,-2.37,-8.3,8.69
7.863274097442627,-2.8,1.64,-12.89,13.29
7.866051197052002,-2.9,4.58,-14.54,15.51
7.8799872398376465,-2.76,9.19,-11.53,15.0
7.910266160964966,-2.15,11.78,-8.75,14.83
7.911480188369751,-2.22,13.49,-7.87,15.77
7.912524223327637,-4.3,13.67,-7.44,16.14
7.931339263916016,-5.87,12.52,-8.11,16.03
7.932325124740601,-7.32,11.56,-9.14,16.45
7.947685241699219,-7.83,10.21,-10.01,16.3
7.949156284332275,-7.15,8.2,-10.12,14.85
7.962728023529053,-6.5,5.37,-8.28,11.81
7.965874195098877,-3.69,2.74,-4.72,6.58
7.979494094848633,1.32,0.94,-1.95,2.53
8.009680271148682,5.26,0.35,-1.22,5.41
8.010759115219116,6.25,0.24,-1.04,6.34
8.011497020721436,4.96,-0.12,-0.65,5.0
8.01330018043518,2.51,-1.26,0.38,2.83
8.020502090454102,-0.55,-2.72,2.68,3.85
8.030378103256226,-2.91,-4.3,5.4,7.49
8.040482997894287,-4.47,-5.14,7.51,10.13
8.051145076751709,-4.91,-4.99,8.07,10.68
8.06101131439209,-4.0,-4.34,8.21,10.11
8.07099723815918,-2.27,-3.57,9.37,10.28
8.106068134307861,-0.73,-3.75,12.25,12.83
8.107339143753052,0.42,-4.24,16.08,16.63
8.108217239379883,2.27,-3.81,18.44,18.96
8.113747119903564,4.48,-2.81,17.62,18.39
8.12061619758606,5.64,-1.71,13.64,14.85
8.131020069122314,5.0,-0.48,8.45,9.83
8.141247272491455,3.76,-0.22,3.33,5.02
8.150779247283936,2.2,-0.68,-0.57,2.37
8.16107702255249,0.95,-1.31,-2.38,2.87
8.17109203338623,0.87,-1.94,-2.15,3.02
8.204726219177246,1.67,-2.46,-0.74,3.06
8.205941200256348,2.88,-2.8,0.17,4.02
8.206918239593506,4.09,-2.85,-0.22,4.98
8.21497106552124,4.19,-2.83,-1.65,5.31
8.220654010772705,3.12,-3.1,-3.56,5.65
8.230653285980225,2.08,-3.28,-5.31,6.57
8.241320133209229,1.78,-3.2,-6.95,7.85
8.251021146774292,1.92,-3.11,-8.32,9.08
8.261207103729248,1.77,-3.24,-8.95,9.68
8.27112102508545,1.41,-3.24,-8.84,9.52
8.305139064788818,1.84,-2.89,-8.33,9.0
8.30637812614441,2.49,-2.22,-7.34,8.06
8.307254314422607,2.87,-1.6,-6.16,6.98
8.313549041748047,3.15,-1.29,-5.2,6.21
8.320861101150513,3.26,-1.15,-4.45,5.63
8.331090211868286,3.82,-0.76,-4.01,5.59
8.341351985931396,5.34,0.53,-3.5,6.4
8.35100507736206,6.86,3.45,-2.3,8.01
8.361234188079834,7.87,7.01,-0.57,10.55
8.371334075927734,8.7,10.63,2.14,13.9
8.407052993774414,9.74,14.37,5.8,18.3
8.408273220062256,12.04,17.66,8.86,23.13
8.409330129623413,15.49,21.27,10.19,28.21
8.41339111328125,17.68,23.89,10.87,31.64
8.420854091644287,18.01,24.17,12.86,32.77
8.43388319015503,18.0,22.69,15.76,32.97
8.44430923461914,17.19,20.15,18.74,32.44
8.453927993774414,14.75,17.71,20.36,30.75
8.464243173599243,10.85,16.43,19.38,27.62
8.474339008331299,7.26,15.51,15.82,23.31
8.50814414024353,3.69,15.64,12.2,20.17
8.509376049041748,1.12,14.84,9.89,17.86
8.510284185409546,0.84,13.24,8.36,15.68
8.513660192489624,2.35,12.18,7.39,14.43
8.523598194122314,3.75,11.12,6.98,13.65
8.53358507156372,3.83,9.25,6.48,11.92
8.544251203536987,2.8,6.72,5.61,9.19
8.553743124008179,1.16,4.21,4.88,6.54
8.56409502029419,-0.44,1.96,4.39,4.82
8.57413625717163,-1.24,0.15,3.77,3.97
8.611744165420532,-2.88,-1.44,3.5,4.75
8.612924098968506,-4.93,-3.51,3.65,7.06
8.613957166671753,-5.49,-4.96,4.17,8.49
8.633209228515625,-4.71,-5.47,4.35,8.42
8.63454532623291,-4.27,-5.37,4.53,8.22
8.64696216583252,-4.82,-5.13,4.77,8.5
8.648394107818604,-6.5,-5.18,4.92,9.65
8.66458511352539,-9.03,-5.66,6.19,12.32
8.666681289672852,-10.82,-6.43,7.82,14.81
8.680907249450684,-11.62,-6.81,10.03,16.79
8.709803104400635,-10.39,-6.56,11.82,17.04
8.711016178131104,-7.22,-6.08,13.39,16.38
8.712021112442017,-4.12,-4.41,14.38,15.59
8.713763236999512,-0.71,-3.02,13.69,14.03
8.723868131637573,2.38,-2.03,11.69,12.1
8.733795166015625,3.91,-2.16,9.16,10.19
8.744397163391113,3.17,-2.95,7.76,8.88
8.75391411781311,1.88,-3.89,7.78,8.89
8.764389991760254,0.93,-5.42,8.86,10.42
8.774064064025879,-0.11,-7.75,11.28,13.68
8.809194087982178,-0.88,-9.77,13.25,16.48
8.81040906906128,-1.11,-10.38,13.53,17.08
8.811395168304443,-0.67,-10.73,12.48,16.47
8.813664197921753,0.77,-10.34,11.51,15.49
8.83072805404663,2.04,-9.64,10.45,14.36
8.833710193634033,2.56,-9.12,9.3,13.27
8.846325159072876,2.39,-8.57,9.07,12.7
8.853981018066406,2.33,-8.25,9.55,12.83
8.86430311203003,3.53,-8.18,9.71,13.17
8.874216079711914,5.1,-8.04,9.9,13.73
8.909420013427734,6.32,-7.81,10.41,14.46
8.910539150238037,7.22,-7.02,11.06,14.95
8.91150426864624,7.81,-6.58,11.92,15.69
8.913864135742188,8.2,-6.63,12.93,16.68
8.930953979492188,8.45,-6.7,13.19,17.03
8.933785200119019,9.19,-6.04,12.95,16.98
8.947031021118164,11.49,-3.47,12.52,17.34
8.954127311706543,15.62,-1.19,10.28,18.73
8.964615106582642,18.53,0.67,6.16,19.53
8.974303245544434,17.26,1.94,2.29,17.51
9.010972023010254,11.88,2.66,-0.82,12.2
9.012150287628174,4.2,3.34,-2.93,6.11
9.013127326965332,-3.67,2.8,-4.55,6.48
9.01468801498413,-10.59,1.4,-5.73,12.12
9.024019241333008,-15.17,0.37,-5.46,16.12
9.034010171890259,-16.06,1.74,-4.77,16.84
9.04481315612793,-13.76,3.85,-3.76,14.77
9.054185152053833,-10.01,5.94,-3.25,12.08
9.064683198928833,-6.3,7.47,-3.54,10.39
9.074968099594116,-3.49,6.54,-3.14,8.05
9.109047174453735,-2.31,4.74,-1.65,5.52
9.110146045684814,-1.81,2.99,-0.19,3.5
9.110875129699707,-0.6,1.44,-0.3,1.58
9.114075183868408,0.22,-0.49,-1.53,1.62
9.131267070770264,-1.32,-1.84,-2.85,3.64
9.133975982666016,-2.8,-2.72,-4.39,5.87
9.147568225860596,-3.22,-2.73,-5.54,6.96
9.15428113937378,-3.06,-2.18,-6.12,7.18
9.164978981018066,-2.46,-2.04,-6.41,7.16
9.174461126327515,-2.33,-2.16,-6.32,7.07
9.209352016448975,-3.17,-2.68,-5.96,7.26
9.210472106933594,-4.5,-3.66,-5.15,7.75
9.211340188980103,-4.74,-4.61,-3.53,7.49
9.21398115158081,-3.34,-4.94,-0.89,6.02
9.224231243133545,-0.24,-4.19,3.23,5.29
9.234170198440552,3.8,-2.34,7.62,8.83
9.245134115219116,7.68,-1.11,10.36,12.94
9.254575252532959,9.98,-0.82,10.61,14.58
9.264661312103271,9.66,-0.56,8.9,13.14
9.274773120880127,7.58,-0.52,6.26,9.84
9.309956073760986,4.93,-0.94,3.82,6.3
9.311170101165771,2.58,-1.58,2.42,3.87
9.312075138092041,1.03,-1.73,2.16,2.95
9.314176082611084,0.73,-1.55,1.99,2.62
9.331743240356445,1.09,-1.39,1.15,2.1
9.334424018859863,1.03,-1.31,-0.3,1.69
9.34768009185791,0.26,-1.51,-2.13,2.62
9.354410171508789,-0.83,-1.72,-3.89,4.33
9.365036010742188,-1.39,-1.84,-5.07,5.56
9.374914169311523,-1.45,-2.08,-5.1,5.69
9.410534143447876,-1.52,-2.22,-4.01,4.82
9.411609172821045,-1.7,-2.38,-2.56,3.88
9.412577152252197,-1.8,-2.13,-1.26,3.06
9.414125204086304,-1.52,-1.46,-0.89,2.28
9.431518077850342,-0.53,-1.15,-2.26,2.59
9.434261322021484,1.07,-1.01,-4.37,4.61
9.447808265686035,2.44,-0.75,-5.68,6.22
9.454602241516113,2.84,-0.56,-5.62,6.32
9.465136051177979,2.87,-0.21,-4.76,5.56
9.47493028640747,3.36,0.02,-3.86,5.11
9.509802103042603,4.88,0.21,-3.45,5.98
9.510995149612427,7.52,0.89,-3.97,8.55
9.511957168579102,10.04,1.6,-5.12,11.38
9.514616012573242,10.7,2.18,-5.95,12.43
9.531908988952637,8.87,3.05,-6.36,11.33
9.534340143203735,5.92,4.73,-6.3,9.85
9.547849178314209,4.31,7.93,-5.8,10.72
9.555010318756104,6.66,11.55,-4.56,14.09
9.56504201889038,11.79,14.97,-2.59,19.23
9.57557725906372,15.71,17.56,-1.57,23.61
9.609906196594238,17.1,19.68,-0.87,26.08
9.610840320587158,17.64,20.66,1.62,27.21
9.611598014831543,19.74,20.76,5.79,29.22
9.614719152450562,22.3,20.46,9.38,31.68
9.632274150848389,21.41,19.67,11.44,31.24
9.634972095489502,17.24,18.88,11.8,28.15
9.647993087768555,12.64,17.41,10.48,23.93
9.655211210250854,9.02,15.78,8.0,19.85
9.665282249450684,7.56,14.18,4.83,16.77
9.67541217803955,7.98,12.71,1.66,15.09
9.708802223205566,8.65,11.39,-0.86,14.32
9.70963716506958,7.85,9.43,-2.96,12.62
9.710374116897583,5.83,7.04,-4.33,10.11
9.714513301849365,3.56,4.48,-4.85,7.5
9.72458815574646,1.47,1.86,-4.37,4.97
9.734397172927856,-0.18,-0.57,-2.68,2.74
9.745167255401611,-1.47,-2.6,-0.08,2.98
9.754796981811523,-2.54,-4.21,2.75,5.63
9.765085220336914,-3.91,-5.54,5.39,8.66
9.775106191635132,-5.21,-6.37,6.9,10.73
9.810538291931152,-6.1,-7.03,6.96,11.62
9.811796188354492,-6.96,-7.63,6.02,11.95
9.812757015228271,-7.95,-8.14,4.89,12.38
9.814592123031616,-8.79,-8.55,3.94,12.87
9.831960201263428,-9.44,-8.67,3.04,13.17
9.83456015586853,-9.51,-8.4,2.11,12.86
9.847714185714722,-9.16,-7.97,1.62,12.24
9.854857206344604,-8.41,-7.8,1.75,11.6
9.865628242492676,-7.43,-7.64,2.55,10.95
9.875293254852295,-6.54,-7.4,3.94,10.63
9.911427021026611,-5.37,-7.41,5.12,10.48
9.91251015663147,-3.0,-6.8,5.35,9.15
9.913508176803589,-0.12,-4.45,5.3,6.92
9.915053129196167,0.16,-2.77,5.79,6.42
9.924820184707642,-2.07,-3.75,6.77,8.01
9.93501329421997,-4.11,-5.4,8.77,11.08
9.945382118225098,-4.67,-6.93,10.52,13.43
9.95504117012024,-3.77,-8.01,10.95,14.08
9.965519189834595,-2.52,-8.33,9.59,12.95
9.975402116775513,-0.71,-7.64,7.09,10.44
10.010149002075195,0.74,-5.89,5.28,7.94
10.011353015899658,1.84,-5.56,5.44,7.99
10.012317180633545,2.98,-6.19,8.11,10.62
10.015130996704102,4.46,-6.99,11.54,14.2
10.032540321350098,5.68,-7.95,14.33,17.34
10.034745216369629,5.2,-8.29,15.85,18.62
10.049028158187866,3.75,-8.59,15.56,18.16
10.055057048797607,2.21,-8.84,13.85,16.57
10.065896034240723,0.99,-8.36,11.86,14.54
10.075537204742432,0.69,-7.71,10.57,13.1
10.110152244567871,1.38,-7.3,10.04,12.48
10.111262321472168,2.24,-6.6,9.54,11.81
10.112280130386353,3.17,-5.44,8.11,10.26
10.115030288696289,3.65,-3.86,6.11,8.09
10.12501311302185,2.29,-1.82,4.19,5.11
10.134836196899414,-0.64,0.86,2.88,3.07
10.146184206008911,-3.58,3.36,2.06,5.32
10.155467987060547,-5.68,4.52,1.27,7.36
10.165862083435059,-6.77,4.32,0.15,8.03
10.175315141677856,-7.09,5.12,-0.87,8.78
10.209787130355835,-6.05,6.68,-1.94,9.21
10.211000204086304,-4.27,8.42,-2.66,9.8
10.211779117584229,-3.92,10.3,-3.47,11.55
10.215227127075195,-5.57,12.04,-4.44,13.98
10.232853174209595,-7.52,12.96,-4.85,15.74
10.235237121582031,-9.12,12.21,-4.2,15.8
10.248226165771484,-10.49,10.54,-2.11,15.01
10.255540132522583,-10.44,8.72,0.51,13.61
10.265709161758423,-8.88,6.59,3.09,11.48
10.275562286376953,-6.44,5.23,6.27,10.39
10.311365127563477,-2.54,3.96,8.66,9.85
10.312501192092896,1.92,2.63,9.04,9.6
10.31343126296997,4.69,1.97,8.11,9.57
10.314915180206299,5.25,1.63,6.13,8.23
10.332718133926392,4.4,1.11,2.81,5.33
10.335022211074829,1.79,0.25,-0.6,1.9
10.348738193511963,-1.22,-0.71,-2.34,2.73
10.355268001556396,-2.28,-1.44,-2.73,3.83
10.36631727218628,-1.24,-2.32,-2.45,3.59
10.375499248504639,-0.12,-3.06,-1.24,3.3
10.41068720817566,0.43,-3.99,0.08,4.01
10.411786079406738,0.82,-4.85,0.74,4.97
10.412779331207275,0.78,-5.44,1.3,5.64
10.415441989898682,0.11,-5.99,2.36,6.43
10.425275325775146,-0.18,-6.26,3.56,7.2
10.435176134109497,0.45,-6.52,4.37,7.86
10.445738315582275,1.34,-6.8,4.75,8.4
10.455697059631348,1.86,-7.06,4.35,8.49
10.465864181518555,1.83,-7.01,2.93,7.81
10.475825309753418,1.16,-6.96,1.14,7.14
10.511844158172607,0.06,-6.94,-0.2,6.94
10.513042211532593,-1.12,-6.9,-0.88,7.04
10.514037132263184,-2.15,-7.12,-0.95,7.49
10.515908241271973,-2.79,-7.28,-0.47,7.81
10.525357246398926,-2.77,-7.47,-0.23,7.97
10.535301208496094,-2.38,-7.74,-1.06,8.16
10.545904159545898,-2.37,-7.6,-2.5,8.34
10.555707216262817,-2.8,-7.45,-4.07,8.93
10.565799236297607,-3.08,-7.33,-5.48,9.65
10.576174259185791,-2.79,-6.86,-6.1,9.59
10.61061429977417,-2.09,-6.2,-5.47,8.52
10.611801147460938,-1.21,-5.87,-4.2,7.31
10.612809181213379,-0.72,-5.96,-3.1,6.75
10.616180181503296,-0.68,-5.86,-2.69,6.48
10.62573528289795,-0.56,-5.42,-3.3,6.37
10.635268211364746,-0.04,-4.92,-4.35,6.56
10.645981311798096,0.84,-4.08,-4.73,6.3
10.655819177627563,1.86,-3.29,-4.2,5.65
10.665935039520264,2.68,-2.74,-3.28,5.04
10.676050186157227,3.19,-2.24,-2.63,4.7
10.709691047668457,3.27,-1.7,-2.72,4.58
10.71085810661316,3.37,-0.69,-2.93,4.51
10.711863040924072,3.97,0.61,-2.37,4.66
10.716161251068115,4.76,2.26,-0.45,5.28
10.725503206253052,6.07,3.84,2.73,7.68
10.735375165939331,7.58,3.87,7.19,11.14
10.746198177337646,20.58,13.92,9.12,26.46
10.755710124969482,26.56,12.82,3.15,29.65
10.766111135482788,9.21,11.88,2.77,15.28
10.776048183441162,7.06,13.22,-0.01,14.98
10.811167240142822,17.71,15.42,1.44,23.52
10.812408208847046,26.11,16.88,12.03,33.33
10.813415050506592,28.86,14.81,20.7,38.48
10.816505193710327,25.5,13.38,23.48,37.15
10.833349227905273,19.22,13.82,21.67,32.09
10.83574104309082,14.55,14.1,19.03,27.79
10.849915027618408,12.83,14.7,17.85,26.44
10.856072187423706,13.76,14.64,17.99,26.96
10.866712093353271,14.82,13.7,17.71,26.85
10.876436233520508,14.06,12.43,16.04,24.68
10.910290241241455,12.7,11.49,12.63,21.27
10.91130018234253,10.99,10.73,8.06,17.34
10.912053108215332,8.49,9.72,4.25,13.58
10.916038990020752,5.91,8.45,2.08,10.51
10.92578125,4.23,6.74,1.54,8.1
10.935527324676514,3.13,4.82,2.42,6.23
10.946254253387451,1.69,2.75,4.14,5.24
10.955862045288086,-0.27,0.81,5.8,5.86
10.966288089752197,-2.45,-1.12,6.42,6.96
10.976459980010986,-4.96,-2.76,5.99,8.25
11.011029243469238,-7.38,-3.77,4.87,9.61
11.012240171432495,-9.33,-4.44,3.41,10.88
11.013246059417725,-11.02,-5.26,2.61,12.48
11.016412258148193,-12.57,-6.09,3.12,14.31
11.025818109512329,-13.74,-6.81,4.3,15.92
11.035553216934204,-13.64,-7.41,4.96,16.29
11.046455144882202,-12.54,-7.47,5.7,15.66
11.056063175201416,-11.36,-7.31,6.4,14.94
11.066171169281006,-10.08,-7.37,6.62,14.13
11.076287269592285,-9.4,-7.31,6.67,13.64
11.112337112426758,-9.89,-7.32,6.58,13.95
11.113562107086182,-10.72,-7.56,6.34,14.56
11.114556312561035,-11.23,-7.66,6.08,14.89
11.115642070770264,-11.52,-7.64,6.01,15.07
11.133689165115356,-11.53,-7.35,5.68,14.8
11.135884284973145,-10.94,-7.07,4.88,13.9
11.149904251098633,-9.81,-6.66,3.96,12.5
11.156023025512695,-8.53,-5.95,2.79,10.76
11.167171001434326,-7.32,-5.22,1.48,9.11
11.17663311958313,-5.95,-4.63,0.84,7.58
11.2118821144104,-4.46,-3.89,0.99,6.0
11.212953090667725,-2.76,-3.28,1.81,4.65
11.2138032913208,-0.7,-3.16,3.36,4.66
11.216588020324707,1.02,-3.33,5.44,6.45
11.233761310577393,2.03,-3.76,7.4,8.54
11.235793113708496,2.4,-4.54,8.71,10.11
11.250438213348389,2.14,-5.12,9.93,11.37
11.256099224090576,1.24,-5.89,11.56,13.03
11.26733922958374,0.18,-6.57,13.41,14.93
11.276185989379883,-0.34,-7.22,14.81,16.47
11.311308145523071,-0.1,-7.48,15.65,17.34
11.312455177307129,1.08,-6.86,15.82,17.27
11.313445091247559,2.66,-5.96,14.44,15.84
11.316506147384644,3.77,-4.75,11.85,13.31
11.326029300689697,3.22,-3.65,9.36,10.54
11.335893154144287,0.36,-2.36,9.01,9.32
11.346549034118652,-3.34,-1.27,11.09,11.65
11.356664180755615,-6.01,0.0,12.01,13.42
11.3664071559906,-6.11,1.39,8.39,10.47
11.376711130142212,-5.09,4.27,0.66,6.67
11.411899089813232,-3.81,6.46,-9.35,11.98
11.413061141967773,-5.03,8.97,-16.79,19.68
11.414095163345337,-4.21,9.39,-22.36,24.61
11.41684627532959,-3.69,10.13,-25.13,27.34
11.434457302093506,-5.63,10.06,-20.88,23.85
11.43603515625,-6.75,8.23,-14.32,17.84
11.45014214515686,-5.6,6.99,-7.34,11.57
11.456284046173096,-2.53,6.42,-0.82,6.94
11.467964172363281,1.79,5.32,4.62,7.26
11.476582050323486,5.09,3.83,9.56,11.48
11.51258111000061,6.57,2.65,12.27,14.16
11.51373815536499,7.02,1.5,10.59,12.79
11.514715194702148,5.73,0.81,6.64,8.8
11.515920162200928,3.06,-0.39,3.82,4.91
11.53419303894043,0.43,-1.9,2.52,3.18
11.535994052886963,-1.61,-3.2,2.39,4.3
11.550084114074707,-3.0,-4.16,2.96,5.92
11.55652904510498,-3.86,-5.09,3.89,7.47
11.567662239074707,-4.1,-6.19,4.97,8.93
11.576725006103516,-3.41,-7.22,5.94,9.95
11.612549304962158,-2.27,-6.95,6.43,9.73
11.61366605758667,-2.16,-6.12,6.48,9.17
11.614517211914062,-2.59,-5.95,5.83,8.72
11.6168532371521,-2.31,-5.82,4.66,7.8
11.634180068969727,-0.56,-4.93,3.44,6.03
11.636163234710693,2.22,-3.63,1.91,4.66
11.649871110916138,4.65,-2.13,-0.26,5.12
11.65641713142395,5.95,-0.92,-2.76,6.62
11.667856216430664,5.43,0.15,-5.13,7.47
11.676813125610352,4.34,-0.14,-7.17,8.38
11.712963104248047,2.42,-0.39,-8.72,9.05
11.714062213897705,0.77,-1.09,-9.39,9.48
11.714879989624023,-0.07,-1.61,-9.62,9.75
11.71707820892334,-0.88,-1.79,-9.22,9.43
11.734304189682007,-1.13,-2.19,-8.09,8.45
11.736239194869995,-1.2,-2.58,-6.84,7.4
11.750022172927856,-1.29,-2.81,-5.76,6.53
11.756472110748291,-1.19,-3.07,-5.0,5.98
11.7679443359375,-1.1,-3.18,-4.43,5.56
11.777388095855713,-1.03,-3.17,-3.98,5.19
11.812371253967285,-1.12,-3.28,-3.51,4.93
11.81345510482788,-1.41,-3.52,-3.09,4.89
11.814380168914795,-1.6,-3.75,-2.9,5.0
11.817018985748291,-1.73,-3.66,-3.04,5.06
11.834546089172363,-1.78,-3.22,-3.35,4.97
11.83630919456482,-1.44,-2.51,-3.59,4.61
11.850131034851074,-0.65,-1.68,-3.55,3.98
11.856600284576416,0.24,-1.08,-3.11,3.3
11.867752075195312,1.21,-0.64,-2.33,2.7
11.876918315887451,2.63,0.11,-1.77,3.17
11.912936210632324,5.01,1.05,-1.99,5.49
11.914029121398926,8.11,2.57,-2.7,8.92
11.914760112762451,12.18,4.66,-2.95,13.37
11.917437076568604,16.59,6.87,-1.53,18.02
11.93476414680481,20.67,9.3,1.74,22.73
11.936743259429932,24.16,10.21,6.47,27.01
11.95126724243164,25.02,9.25,12.44,29.43
11.956997156143188,22.95,8.87,18.68,30.89
11.96789026260376,20.35,8.54,24.7,33.12
11.977274179458618,17.77,7.34,30.41,35.97
12.012007236480713,14.42,5.43,35.27,38.48
12.01295018196106,9.9,4.26,37.63,39.14
12.01375412940979,7.17,4.9,36.23,37.25
12.017427206039429,6.97,6.04,31.01,32.35
12.035214185714722,6.58,7.58,24.82,26.77
12.036231994628906,5.67,8.4,19.29,21.79
12.050931215286255,5.14,8.39,15.05,17.98
12.053853988647461,5.21,7.6,11.73,14.91
12.067533016204834,4.59,6.6,8.68,11.83
12.074249267578125,3.47,5.47,6.1,8.89
12.108965158462524,1.66,3.85,3.58,5.51
12.109848022460938,-1.25,1.67,0.93,2.28
12.110596179962158,-4.99,-0.79,-1.02,5.15
12.118884086608887,-8.48,-3.14,-2.08,9.27
12.124009132385254,-11.3,-4.93,-2.39,12.55
12.134943008422852,-12.73,-5.95,-2.4,14.25
12.14404010772705,-13.04,-6.33,-2.19,14.65
12.154351234436035,-12.91,-6.52,-1.45,14.53
12.164276123046875,-12.99,-6.66,-0.36,14.6
12.174291133880615,-12.71,-6.85,1.04,14.47
12.211128234863281,-11.93,-6.9,2.48,14.0
12.212326049804688,-10.85,-6.98,3.38,13.33
12.213306188583374,-9.88,-6.75,3.49,12.46
12.21779727935791,-8.98,-6.47,2.99,11.46
12.224155187606812,-8.09,-6.44,2.44,10.62
12.235311031341553,-7.66,-6.49,1.69,10.18
12.24460220336914,-7.64,-6.77,0.3,10.21
12.254192113876343,-8.06,-7.47,-1.01,11.03
12.264612197875977,-8.75,-8.0,-1.84,11.99
12.274521112442017,-9.4,-8.48,-2.0,12.81
12.3113431930542,-9.53,-9.01,-1.19,13.16
12.312564134597778,-9.39,-9.64,0.13,13.45
12.313508987426758,-9.39,-10.12,1.32,13.86
12.31843113899231,-9.07,-10.78,2.19,14.25
12.324207305908203,-9.07,-11.07,2.67,14.55
12.335564136505127,-9.45,-11.39,3.33,15.16
12.344765186309814,-9.6,-12.08,4.38,16.03
12.354418277740479,-8.8,-12.58,5.59,16.33
12.364626169204712,-8.04,-12.93,6.55,16.57
12.374870300292969,-7.63,-13.4,7.05,16.95
12.411180019378662,-7.58,-13.95,7.27,17.46
12.412397146224976,-7.91,-14.18,7.0,17.68
12.413379192352295,-8.03,-14.03,6.24,17.32
12.418052196502686,-8.07,-13.39,5.27,16.49
12.431972980499268,-7.95,-12.56,4.07,15.41
12.442362308502197,-7.58,-11.57,2.84,14.12
12.452397108078003,-7.11,-10.63,1.9,12.92
12.462438106536865,-6.51,-9.51,1.57,11.63
12.472877979278564,-5.31,-7.85,1.79,9.64
12.482649326324463,-3.72,-5.54,2.35,7.07
12.52399730682373,-2.8,-2.75,3.64,5.35
12.525144100189209,-2.28,-0.18,5.49,5.94
12.52612829208374,-1.93,1.87,6.7,7.21
12.535025119781494,-1.49,4.03,6.56,7.84
12.536006212234497,-0.21,6.51,5.2,8.33
12.553129196166992,1.58,9.34,3.5,10.09
12.554481029510498,3.25,11.66,2.58,12.37
12.568610191345215,4.06,12.86,1.58,13.57
12.572504043579102,2.29,13.64,0.81,13.85
12.585172176361084,-2.01,14.57,1.62,14.79
12.61768102645874,-4.59,16.13,3.19,17.07
12.618612289428711,-5.32,17.04,4.5,18.4
12.619364261627197,-4.05,18.28,6.27,19.74
12.636894226074219,-0.27,18.56,7.32,19.95
12.637852191925049,3.36,16.54,7.32,18.39
12.652385234832764,5.41,13.82,7.81,16.77
12.653345108032227,6.08,10.4,7.81,14.35
12.66836929321289,5.26,6.52,5.7,10.13
12.672300100326538,3.14,3.28,2.4,5.13
12.685031175613403,2.16,1.64,-0.39,2.73
12.717278003692627,2.6,0.89,-2.12,3.47
12.718193054199219,3.3,0.02,-2.48,4.12
12.718942165374756,4.18,-0.96,-1.73,4.62
12.737049102783203,4.43,-1.8,-1.09,4.9
12.73802900314331,3.75,-2.44,-1.76,4.8
12.753167152404785,2.66,-2.85,-3.89,5.5
12.754409313201904,1.12,-3.03,-6.22,7.0
12.76858115196228,-0.52,-3.39,-7.47,8.21
12.77245807647705,-1.35,-3.88,-6.62,7.79
12.785423278808594,-0.78,-4.29,-3.78,5.77
12.817933082580566,0.48,-4.94,-0.32,4.97
12.81891918182373,1.37,-5.56,2.96,6.44
12.819681167602539,1.67,-5.96,5.09,8.01
12.837136268615723,1.65,-5.93,5.22,8.07
12.838125228881836,1.59,-5.4,3.29,6.52
12.852477073669434,1.1,-4.74,0.12,4.86
12.853447198867798,0.44,-4.32,-2.79,5.16
12.868786334991455,0.67,-4.09,-4.77,6.31
12.87260913848877,1.27,-4.07,-5.81,7.2
12.884974002838135,1.86,-4.22,-5.98,7.55
12.918511152267456,2.36,-4.24,-5.73,7.5
12.91944932937622,2.74,-4.11,-5.44,7.34
12.920205116271973,2.99,-4.07,-5.63,7.56
12.937234163284302,2.9,-4.28,-6.49,8.29
12.938225269317627,2.85,-4.43,-7.39,9.07
12.95354413986206,2.65,-4.62,-8.15,9.73
12.954874038696289,2.25,-4.93,-8.43,10.02
12.968704223632812,1.93,-5.12,-7.91,9.61
12.972828149795532,1.73,-5.07,-6.87,8.71
12.985451221466064,1.7,-5.42,-5.86,8.16
13.016553163528442,1.4,-5.8,-5.08,7.83
13.017471313476562,1.05,-5.79,-4.75,7.56
13.01822805404663,0.97,-5.5,-5.01,7.5
13.037246227264404,1.31,-5.0,-5.61,7.62
13.038201332092285,1.9,-4.45,-6.2,7.86
13.053515195846558,2.33,-4.02,-6.13,7.69
13.054798126220703,2.5,-3.6,-5.49,7.02
13.06908917427063,2.59,-2.77,-4.78,6.1
13.072624206542969,2.86,-1.62,-3.91,5.1
13.08545732498169,3.15,-0.08,-2.85,4.24
13.116568088531494,3.95,2.13,-1.84,4.85
13.117624282836914,5.4,5.1,-0.84,7.47
13.118369102478027,7.12,8.23,0.51,10.89
13.137346267700195,8.48,11.39,2.65,14.44
13.138337135314941,9.45,13.96,5.81,17.83
13.152963161468506,9.64,15.76,10.36,21.18
13.15401816368103,9.48,17.81,15.25,25.29
13.169502258300781,9.54,18.71,18.41,27.92
13.17300820350647,8.52,19.07,19.93,28.86
13.18567705154419,7.69,19.28,21.11,29.6
13.21716833114624,7.22,18.25,22.05,29.51
13.218107223510742,6.32,16.84,21.77,28.23
13.218859195709229,5.81,15.88,19.89,26.1
13.23756217956543,5.87,15.01,16.84,23.3
13.238518238067627,5.82,14.28,13.09,20.22
13.253302097320557,5.44,13.41,9.03,17.05
13.254293203353882,4.64,12.11,5.2,13.97
13.26910400390625,3.82,10.78,1.85,11.58
13.272796154022217,3.11,9.47,-0.9,10.0
13.285712242126465,2.52,7.95,-2.46,8.69
13.317651271820068,2.1,6.27,-2.4,7.03
13.318610191345215,1.59,4.36,-1.26,4.8
13.319351196289062,0.79,2.28,0.06,2.41
13.337624073028564,-0.35,0.42,1.66,1.74
13.338611125946045,-1.5,-0.95,3.41,3.84
13.353876113891602,-3.07,-2.47,4.13,5.7
13.355154037475586,-4.93,-3.71,4.37,7.56
13.369629144668579,-6.58,-4.57,4.41,9.14
13.372901201248169,-8.04,-5.48,4.03,10.53
13.386116027832031,-8.78,-6.13,3.36,11.22
13.418138980865479,-8.44,-6.52,2.26,10.9
13.41909122467041,-8.08,-5.86,1.26,10.06
13.419846057891846,-7.63,-3.95,0.94,8.64
13.437656164169312,-5.07,-4.33,0.83,6.71
13.438639163970947,-2.78,-4.23,2.64,5.7
13.453268051147461,-1.88,-3.94,7.94,9.06
13.454269170761108,-0.17,-5.72,12.0,13.29
13.469624042510986,0.18,-5.71,13.3,14.47
13.472990989685059,-0.92,-5.27,12.47,13.56
13.486104011535645,-2.57,-5.18,10.13,11.66
13.517244100570679,-4.75,-4.96,7.52,10.18
13.518160104751587,-6.17,-5.12,5.24,9.57
13.518908023834229,-6.46,-5.7,3.99,9.49
13.537220001220703,-5.91,-6.17,4.1,9.47
13.538210153579712,-4.89,-7.17,5.57,10.31
13.553200244903564,-4.55,-8.16,7.98,12.28
13.554137229919434,-4.7,-9.07,9.86,14.19
13.569599151611328,-4.92,-10.46,11.15,16.06
13.572947978973389,-4.82,-12.57,12.01,18.04
13.586340188980103,-4.34,-14.61,12.7,19.83
13.619303226470947,-3.64,-16.47,14.7,22.37
13.620326042175293,-1.92,-20.44,17.67,27.08
13.621073246002197,-1.63,-22.16,21.25,30.74
13.638086318969727,-2.02,-22.35,24.02,32.87
13.639068126678467,-1.56,-21.75,23.0,31.69
13.654177188873291,-2.4,-19.42,18.86,27.17
13.655426025390625,-4.16,-17.08,13.79,22.34
13.669491291046143,-5.01,-14.73,8.25,17.61
13.673577308654785,-5.15,-11.83,2.94,13.23
13.68653416633606,-6.63,-9.05,-1.45,11.31
13.71901798248291,-9.68,-5.99,-3.92,12.03
13.719954013824463,-11.87,-2.42,-3.55,12.62
13.720681190490723,-11.47,1.29,-0.75,11.56
13.738293170928955,-9.54,5.59,2.4,11.31
13.739288330078125,-8.07,9.77,3.72,13.2
13.753482103347778,-7.05,12.54,3.17,14.73
13.754508018493652,-5.91,14.28,2.13,15.6
13.77046012878418,-5.2,15.72,0.88,16.58
13.773845195770264,-6.06,17.46,0.28,18.48
13.786334991455078,-6.99,18.98,0.88,20.24
13.816989183425903,-6.74,19.78,2.87,21.09
13.817968130111694,-5.37,19.03,6.49,20.81
13.81870698928833,-3.26,17.83,10.42,20.9
13.83841609954834,-2.2,15.18,13.26,20.27
13.839391231536865,-2.95,13.33,13.71,19.34
13.853754043579102,-3.03,12.31,11.64,17.21
13.854706287384033,-2.72,11.18,8.8,14.48
13.870171070098877,-2.6,9.87,6.87,12.3
13.873342037200928,-1.37,8.15,4.65,9.48
13.886462211608887,0.43,6.75,1.37,6.9
13.917031288146973,2.01,5.35,-2.79,6.35
13.917960166931152,2.33,3.4,-6.67,7.84
13.918714046478271,0.84,1.07,-8.6,8.7
13.938236236572266,-0.69,-1.2,-7.51,7.63
13.939249992370605,0.77,-3.16,-4.47,5.52
13.954625129699707,4.42,-4.53,-0.78,6.37
13.95588207244873,7.65,-5.44,3.02,9.86
13.970275163650513,8.96,-6.16,5.94,12.38
13.97365427017212,8.18,-5.82,6.94,12.2
13.986573219299316,7.35,-4.36,6.5,10.73
14.017698287963867,7.31,-2.69,5.53,9.55
14.01862907409668,6.9,-1.84,4.6,8.49
14.01937198638916,6.52,-1.19,3.44,7.46
14.022998332977295,6.61,-0.61,1.42,6.78
14.033269166946411,6.96,-0.3,-0.62,6.99
14.043264150619507,7.04,-0.4,-2.38,7.44
14.053325176239014,6.45,-0.37,-3.87,7.53
14.064114093780518,5.8,-0.58,-5.26,7.85
14.073745250701904,5.36,-0.72,-6.39,8.37
14.08374810218811,5.15,-0.68,-7.34,8.99
14.12164831161499,4.88,-0.74,-8.22,9.58
14.122926235198975,4.71,-0.69,-8.9,10.09
14.12392807006836,4.9,-0.86,-9.53,10.75
14.138635158538818,4.79,-1.21,-10.11,11.25
14.139622211456299,3.76,-1.56,-10.17,10.95
14.154945135116577,2.46,-1.93,-9.7,10.19
14.156419277191162,1.38,-2.27,-8.86,9.24
14.170397281646729,0.18,-2.48,-7.5,7.9
14.173666000366211,-1.15,-2.75,-6.08,6.77
14.187512159347534,-2.32,-2.92,-4.84,6.11
14.220509052276611,-3.1,-2.86,-3.92,5.75
14.221471309661865,-2.91,-2.47,-3.77,5.36
14.222224235534668,-1.83,-1.83,-4.47,5.16
14.238720178604126,-0.89,-1.1,-5.39,5.57
14.239713191986084,-0.12,-0.15,-5.91,5.91
14.254759311676025,1.04,0.98,-5.81,5.98
14.256017208099365,2.52,2.46,-4.76,5.92
14.270637035369873,4.73,4.17,-2.2,6.67
14.273702144622803,7.91,6.02,2.08,10.15
14.287028312683105,11.08,8.18,7.43,15.64
14.319033145904541,13.71,10.65,12.27,21.25
14.319957256317139,15.2,13.04,15.12,25.09
14.320754051208496,15.01,14.31,16.62,26.57
14.338947296142578,13.07,14.23,18.31,26.61
14.33993911743164,10.34,13.83,20.36,26.69
14.3544282913208,9.0,12.5,22.99,27.67
14.355388164520264,9.72,10.78,26.37,30.1
14.371257305145264,10.9,9.26,27.61,31.09
14.373984098434448,10.45,8.72,24.34,27.88
14.386925220489502,7.62,9.27,19.24,22.67
14.417434215545654,4.4,9.38,14.49,17.81
14.418411254882812,2.65,9.0,11.19,14.6
14.419136047363281,2.89,8.79,9.35,13.15
14.423408031463623,4.43,8.45,7.61,12.2
14.43395709991455,5.3,7.82,4.95,10.66
14.443665981292725,4.48,7.13,1.68,8.58
14.453797101974487,2.92,6.43,-2.05,7.35
14.46412706375122,1.4,5.52,-5.48,7.9
14.474400997161865,0.19,4.11,-7.57,8.61
14.484125137329102,-1.05,2.58,-7.94,8.41
14.519795179367065,-2.39,0.93,-6.53,7.01
14.5207200050354,-3.49,-1.08,-3.4,4.99
14.52147102355957,-4.56,-2.95,0.41,5.44
14.523451328277588,-5.94,-4.25,3.68,8.17
14.533750057220459,-7.24,-5.17,5.47,10.44
14.543732166290283,-8.48,-6.07,5.52,11.79
14.55380916595459,-9.36,-7.08,4.37,12.52
14.564602136611938,-9.78,-7.48,2.98,12.66
14.57410216331482,-9.86,-7.22,2.18,12.41
14.58411717414856,-9.87,-6.59,1.77,11.99
14.623890161514282,-10.28,-5.53,1.7,11.79
14.625107288360596,-10.39,-5.07,1.91,11.71
14.626115322113037,-9.7,-4.74,1.86,10.95
14.639266014099121,-7.7,-3.89,1.13,8.7
14.640239238739014,-4.85,-3.72,1.95,6.41
14.65538215637207,-3.44,-3.59,5.82,7.65
14.65662431716919,-2.63,-4.77,10.78,12.07
14.670732021331787,-2.71,-6.81,14.97,16.66
14.674227237701416,-4.0,-8.19,17.88,20.06
14.68724513053894,-5.29,-8.84,19.06,21.66
14.721256256103516,-5.98,-9.68,18.05,21.33
14.722190141677856,-6.1,-10.31,14.93,19.14
14.722963333129883,-5.22,-10.21,10.67,15.66
14.739444255828857,-3.88,-9.33,6.73,12.14
14.74046015739441,-3.19,-8.98,3.52,10.15
14.754670143127441,-3.47,-9.05,1.18,9.76
14.755665302276611,-4.26,-9.22,-0.34,10.16
14.77179217338562,-4.99,-9.96,-1.19,11.2
14.774106979370117,-5.25,-10.94,-1.01,12.17
14.787513256072998,-4.8,-11.52,0.2,12.48
14.82001519203186,-3.54,-11.86,1.55,12.47
14.821031093597412,-1.89,-12.23,3.12,12.76
14.821776151657104,-1.52,-12.54,5.23,13.67
14.840007305145264,-2.39,-12.73,7.22,14.82
14.841004133224487,-2.95,-12.96,8.44,15.74
14.85490608215332,-2.55,-13.46,8.58,16.16
14.85590410232544,-1.08,-13.2,7.87,15.4
14.871698141098022,1.75,-11.61,6.99,13.66
14.874174118041992,5.29,-9.47,6.56,12.67
14.887853145599365,8.06,-6.87,6.09,12.21
14.919908046722412,8.81,-3.69,5.66,11.1
14.920826196670532,6.68,-2.32,5.28,8.82
14.921563148498535,2.2,-3.18,3.09,4.94
14.9395911693573,-3.31,-2.7,-1.11,4.41
14.940581321716309,-7.63,-1.99,-3.68,8.7
14.955634117126465,-10.37,-0.97,-3.44,10.96
14.95703911781311,-10.86,1.92,-3.7,11.63
14.971208095550537,-9.81,4.76,-5.35,12.14
14.97430419921875,-9.18,6.6,-6.86,13.22
14.987824201583862,-8.48,7.33,-7.53,13.5
15.022840023040771,-6.86,7.2,-6.12,11.67
15.024266242980957,-5.24,6.67,-2.73,8.91
15.025022029876709,-2.71,5.54,0.05,6.16
15.039987087249756,0.93,3.93,0.71,4.1
15.040955066680908,4.42,2.85,0.34,5.27
15.05588412284851,7.41,2.29,-1.45,7.89
15.057184219360352,8.68,2.15,-4.12,9.84
15.071332216262817,7.77,2.44,-5.44,9.79
15.074489116668701,5.05,2.34,-5.1,7.54
15.088464260101318,1.62,1.45,-3.62,4.22
15.120951175689697,-1.85,-0.42,-1.67,2.52
15.121868133544922,-4.12,-2.18,0.95,4.75
15.122613191604614,-3.24,-2.84,3.83,5.76
15.13987112045288,-0.16,-2.91,6.54,7.15
15.14084005355835,2.41,-2.83,8.5,9.27
15.155257225036621,3.42,-2.78,8.97,9.99
15.156245231628418,3.03,-2.44,8.01,8.9
15.171991109848022,1.67,-2.11,6.97,7.47
15.174430131912231,0.7,-1.82,6.38,6.67
15.188167095184326,1.08,-1.44,6.01,6.27
15.220541000366211,2.44,-0.7,5.38,5.94
15.221456050872803,3.47,0.04,4.01,5.3
15.222198009490967,3.5,0.77,2.34,4.28
15.24013900756836,2.88,1.46,0.87,3.34
15.241099119186401,1.62,1.84,-0.29,2.46
15.255417108535767,-0.05,1.66,-0.9,1.88
15.256409168243408,-1.83,1.28,-1.02,2.45
15.27241325378418,-3.25,0.93,-1.12,3.56
15.274971008300781,-3.93,0.65,-1.24,4.17
15.288246154785156,-3.85,0.6,-1.33,4.11
15.321368217468262,-3.02,0.86,-1.52,3.48
15.322304248809814,-1.74,1.08,-1.82,2.73
15.32305121421814,-0.85,1.02,-2.45,2.78
15.340206146240234,-0.52,0.86,-3.32,3.46
15.34119701385498,-0.31,0.67,-4.02,4.08
15.356662273406982,-0.28,0.49,-4.49,4.52
15.35793399810791,-0.42,0.43,-4.79,4.82
15.371553182601929,0.09,0.51,-4.88,4.9
15.374545097351074,1.1,0.51,-4.5,4.66
15.388465166091919,1.79,0.68,-3.79,4.24
15.421372175216675,2.58,0.59,-3.11,4.08
15.422286033630371,3.55,0.66,-2.42,4.34
15.42302131652832,4.54,0.99,-2.04,5.07
15.44014024734497,6.22,1.96,-2.09,6.84
15.441049098968506,8.14,3.57,-2.28,9.17
15.454880237579346,9.49,5.65,-2.11,11.24
15.455868244171143,10.57,7.68,-1.58,13.16
15.471803188323975,11.98,9.14,-1.23,15.11
15.474672317504883,13.12,11.77,-1.24,17.66
15.488405227661133,14.05,15.53,-1.67,21.0
15.520799160003662,15.25,18.72,-1.34,24.18
15.521766185760498,16.5,20.37,2.86,26.36
15.522522211074829,17.09,19.38,10.25,27.79
15.5404531955719,17.04,16.76,18.63,30.3
15.5414400100708,15.98,14.31,25.76,33.52
15.555812120437622,13.98,12.61,28.88,34.47
15.556806087493896,11.33,12.19,27.25,31.93
15.572794198989868,9.44,11.52,22.57,27.04
15.57488203048706,8.47,10.69,18.09,22.65
15.588266134262085,7.89,9.06,13.76,18.26
15.619036197662354,7.27,7.38,9.14,13.81
15.620018005371094,7.39,6.3,4.18,10.57
15.620744228363037,7.24,5.05,-0.61,8.84
15.640424251556396,5.58,4.16,-4.21,8.13
15.641357183456421,3.29,3.26,-6.82,8.24
15.655892133712769,1.42,2.29,-7.81,8.26
15.65686321258545,-0.01,1.15,-6.97,7.06
15.672818183898926,-1.65,-0.54,-4.91,5.2
15.674808979034424,-3.39,-2.54,-1.81,4.6
15.688655138015747,-4.28,-4.02,1.55,6.07
15.722634315490723,-3.88,-4.54,4.05,7.21
15.723551273345947,-3.16,-4.47,5.28,7.6
15.724300146102905,-3.76,-4.82,5.07,7.94
15.740636110305786,-5.33,-5.32,3.58,8.33
15.741628170013428,-6.59,-5.55,1.55,8.75
15.756025314331055,-7.04,-5.3,-0.5,8.82
15.756997108459473,-6.88,-5.29,-2.11,8.93
15.772809028625488,-6.42,-4.98,-2.74,8.57
15.774892330169678,-5.89,-4.66,-2.73,7.99
15.78895115852356,-5.34,-4.86,-2.28,7.57
15.821966171264648,-4.9,-5.21,-1.02,7.22
15.822871208190918,-4.87,-5.62,0.64,7.46
15.823597192764282,-5.22,-6.35,2.31,8.53
15.8407621383667,-6.24,-7.02,3.53,10.03
15.84178614616394,-7.51,-7.75,3.79,11.43
15.856220245361328,-8.34,-8.1,3.73,12.2
15.85720419883728,-8.03,-7.99,3.9,11.98
15.872570037841797,-6.4,-7.79,3.83,10.78
15.875020027160645,-4.12,-7.26,3.91,9.21
15.8887619972229,-2.23,-6.84,4.18,8.32
15.920283317565918,-0.98,-6.92,5.58,8.94
15.921207189559937,-1.12,-7.06,7.43,10.31
15.921985149383545,-1.34,-7.09,9.04,11.56
15.940527200698853,-1.26,-6.81,10.4,12.49
15.941532135009766,-1.14,-6.47,11.3,13.07
15.95631718635559,-1.02,-5.97,11.6,13.08
15.957226276397705,-1.04,-5.14,11.77,12.88
15.972164154052734,-0.94,-4.55,11.85,12.72
15.97514009475708,-0.7,-4.22,12.34,13.06
15.98901915550232,-0.59,-4.36,13.0,13.72
16.0217022895813,-0.63,-4.54,13.6,14.35
16.02261710166931,-0.82,-4.31,13.89,14.56
16.023346185684204,-1.19,-4.17,13.38,14.06
16.041079998016357,-1.65,-3.79,12.31,12.98
16.042063236236572,-1.78,-3.22,11.27,11.85
16.056459188461304,-1.28,-2.47,10.99,11.33
16.05735206604004,-0.35,-1.49,11.5,11.6
16.072455167770386,0.57,-0.46,12.08,12.1
16.073914051055908,-0.17,-0.21,12.14,12.14
16.089933156967163,-2.73,-0.16,11.95,12.25
16.115602016448975,-5.3,0.89,12.34,13.45
16.116533279418945,-5.9,2.62,13.03,14.54
16.122567176818848,-3.89,5.06,12.04,13.62
16.12330198287964,-0.77,7.4,8.9,11.6
16.140069007873535,1.26,9.25,4.54,10.38
16.141016006469727,1.16,10.56,-1.53,10.73
16.156894207000732,-1.71,10.78,-8.26,13.68
16.15817618370056,-6.2,9.72,-14.27,18.34
16.17237114906311,-12.44,8.33,-18.17,23.54
16.177754163742065,-16.37,5.01,-18.59,25.27
16.214468002319336,-16.18,3.71,-12.06,20.51
16.215328216552734,-9.33,1.8,-2.89,9.93
16.216044187545776,1.07,-0.89,4.61,4.81
16.222815990447998,10.34,-2.48,8.68,13.72
16.227692127227783,15.42,-2.54,8.53,17.8
16.239756107330322,15.76,-1.67,6.03,16.95
16.24756121635437,12.91,-1.09,2.81,13.25
16.258047103881836,8.83,-1.54,-0.28,8.96
16.267961025238037,4.39,-2.93,-2.34,5.77
16.27795720100403,0.13,-4.64,-2.77,5.4
16.3128662109375,-3.83,-6.45,-1.51,7.65
16.313839197158813,-6.56,-8.28,1.37,10.65
16.314590215682983,-7.03,-10.07,4.73,13.16
16.32364511489868,-5.41,-11.09,7.73,14.56
16.327558040618896,-2.04,-11.09,9.92,15.01
16.3402681350708,2.28,-10.11,10.18,14.52
16.347737312316895,5.43,-8.28,8.72,13.19
16.357949256896973,6.18,-5.69,6.45,10.59
16.367855072021484,5.55,-3.26,3.83,7.48
16.37791109085083,4.25,-1.46,1.19,4.64
16.415095329284668,2.51,-0.74,-0.52,2.66
16.416053295135498,0.45,-0.61,-1.01,1.26
16.416802167892456,-0.86,-0.96,-0.94,1.59
16.42408514022827,-1.38,-1.26,-0.63,1.97
16.43180799484253,-1.78,-1.62,-0.43,2.44
16.441561222076416,-2.34,-2.01,-0.68,3.15
16.45226001739502,-2.77,-2.11,-1.07,3.64
16.462038040161133,-3.17,-1.94,-1.42,3.97
16.47244620323181,-3.57,-2.02,-1.89,4.51
16.482227325439453,-3.82,-2.23,-2.26,4.96
16.521852016448975,-3.78,-2.19,-2.49,5.02
16.523044109344482,-3.65,-2.23,-2.85,5.13
16.524013996124268,-3.54,-2.23,-3.3,5.32
16.54198932647705,-3.05,-2.11,-3.7,5.23
16.542930126190186,-2.07,-2.05,-3.71,4.71
16.557863235473633,-1.35,-1.55,-3.52,4.07
16.559298038482666,-0.77,-1.3,-3.8,4.08
16.573644161224365,-0.15,-0.95,-4.29,4.39
16.575244188308716,0.27,-0.66,-5.05,5.1
16.58979821205139,0.73,-0.28,-5.78,5.83
16.61700201034546,1.41,0.07,-5.62,5.79
16.617972135543823,2.27,0.55,-4.51,5.07
16.618743181228638,3.48,1.65,-3.39,5.13
16.622931003570557,4.98,3.92,-2.66,6.87
16.63195514678955,7.22,7.47,-3.35,10.91
16.641740322113037,10.97,11.34,-5.27,16.63
16.651988983154297,13.41,15.0,-5.89,20.96
16.662333011627197,11.4,16.06,-3.13,19.94
16.672771215438843,7.28,15.68,2.8,17.51
16.682382106781006,4.2,16.09,9.87,19.33
16.716495990753174,5.29,17.32,16.69,24.62
16.717461109161377,10.8,17.79,20.67,29.33
16.718214988708496,15.73,18.45,20.06,31.46
16.723132133483887,16.99,19.81,17.04,31.16
16.73303508758545,16.34,20.59,13.56,29.57
16.742093086242676,14.52,20.15,10.54,26.98
16.752901077270508,12.14,18.81,8.57,23.97
16.762580156326294,9.57,16.52,8.31,20.82
16.772919178009033,6.56,13.35,9.71,17.76
16.782194137573242,4.26,10.0,10.57,15.16
16.816057205200195,2.98,7.22,9.54,12.32
16.817151069641113,2.14,4.7,7.23,8.88
16.817893028259277,1.25,3.04,4.93,5.92
16.824026107788086,0.22,1.42,2.56,2.93
16.832154273986816,-0.82,-0.11,0.54,0.98
16.841961145401,-2.06,-1.48,-0.83,2.66
16.852138996124268,-3.44,-2.9,-1.55,4.75
16.862991333007812,-4.74,-4.13,-1.3,6.41
16.87245798110962,-5.72,-4.99,-0.36,7.59
16.882495164871216,-6.65,-5.66,0.87,8.77
16.91994333267212,-7.31,-6.09,1.74,9.67
16.920838117599487,-7.26,-6.39,1.75,9.82
16.921561241149902,-6.89,-6.55,1.41,9.61
16.923665046691895,-6.91,-6.47,0.63,9.48
16.932193279266357,-6.58,-6.49,-0.81,9.27
16.942177295684814,-5.62,-6.14,-2.4,8.66
16.952486038208008,-4.37,-5.58,-3.44,7.87
16.962878227233887,-3.5,-4.93,-3.55,7.01
16.9730441570282,-3.23,-4.71,-2.56,6.25
16.982726097106934,-3.44,-4.84,-0.78,5.98
17.019687175750732,-3.69,-5.39,1.28,6.65
17.02058506011963,-4.0,-5.95,3.18,7.84
17.021308183670044,-4.17,-6.12,4.44,8.63
17.023455142974854,-4.16,-6.11,4.65,8.73
17.041129112243652,-4.38,-6.08,4.17,8.57
17.042108058929443,-4.65,-6.05,3.69,8.47
17.05697512626648,-4.77,-6.03,3.5,8.44
17.062636137008667,-4.5,-5.97,3.59,8.29
17.07401418685913,-3.66,-5.83,3.65,7.79
17.082905292510986,-2.63,-5.63,3.56,7.16
17.119753122329712,-1.9,-5.79,3.02,6.8
17.120710134506226,-2.31,-6.01,3.06,7.12
17.12143325805664,-3.09,-6.13,4.48,8.19
17.12386417388916,-3.72,-6.25,6.29,9.61
17.141202211380005,-4.13,-6.2,7.75,10.74
17.142205238342285,-4.04,-6.16,9.09,11.7
17.15744924545288,-3.76,-6.23,10.57,12.83
17.16273832321167,-3.54,-6.25,11.81,13.82
17.174285173416138,-3.13,-6.08,11.83,13.66
17.182748317718506,-2.51,-5.77,10.37,12.12
17.219367027282715,-1.98,-5.06,8.36,9.97
17.220226287841797,-1.63,-4.01,6.48,7.79
17.22094202041626,-1.79,-2.88,4.91,5.96
17.22408628463745,-1.88,-2.17,3.94,4.87
17.232469081878662,-1.54,-1.85,3.67,4.38
17.242440223693848,-0.84,-1.9,4.01,4.51
17.252458095550537,-0.49,-0.94,5.24,5.34
17.263208150863647,0.55,0.36,7.14,7.17
17.273027181625366,2.59,1.55,9.32,9.79
17.28273916244507,4.87,2.84,11.22,12.55
17.321503162384033,5.73,3.64,12.4,14.13
17.322625160217285,5.13,4.28,12.43,14.11
17.323355197906494,4.08,5.16,11.26,13.04
17.342777252197266,3.24,6.49,9.3,11.79
17.343759059906006,2.54,8.02,6.26,10.48
17.358351230621338,1.7,8.84,2.93,9.46
17.35964822769165,0.32,8.81,0.9,8.86
17.374237060546875,-1.16,8.32,0.06,8.4
17.375575065612793,-1.18,7.28,-0.17,7.37
17.391635179519653,0.11,5.86,0.75,5.9
17.41783332824707,1.29,4.74,3.0,5.75
17.418761253356934,2.24,3.8,4.74,6.47
17.419501304626465,3.17,3.07,5.32,6.91
17.423837184906006,4.87,2.74,5.11,7.57
17.432491302490234,6.55,2.25,4.32,8.16
17.44239115715027,5.89,1.28,3.3,6.87
17.452574253082275,3.4,0.26,2.66,4.32
17.46295404434204,1.45,-0.91,2.51,3.03
17.47308111190796,0.77,-1.74,2.18,2.89
17.48323917388916,0.99,-2.31,1.04,2.71
17.52184820175171,1.46,-2.57,-0.48,2.99
17.52297616004944,1.62,-2.72,-2.03,3.76
17.523940086364746,1.43,-3.1,-3.39,4.81
17.54317021369934,0.6,-3.9,-3.78,5.46
17.544148206710815,-0.42,-4.5,-2.95,5.39
17.559288024902344,-0.47,-4.71,-1.6,4.99
17.56057620048523,0.6,-4.8,-0.42,4.85
17.57482099533081,2.16,-4.75,0.34,5.22
17.57614803314209,3.79,-4.36,0.18,5.77
17.59152913093567,4.87,-4.02,-1.15,6.41
17.61714220046997,4.66,-3.66,-2.9,6.59
17.61809015274048,3.47,-3.51,-4.78,6.87
17.61884617805481,1.8,-3.67,-6.74,7.88
17.624041080474854,0.11,-4.0,-8.39,9.29
17.63269329071045,-1.1,-4.47,-9.36,10.43
17.642571210861206,-1.83,-4.69,-9.49,10.74
17.65276527404785,-2.19,-4.75,-9.03,10.43
17.663469314575195,-2.21,-4.63,-7.81,9.34
17.673274040222168,-1.32,-4.59,-6.06,7.71
17.683017253875732,0.3,-4.27,-4.59,6.27
17.71853017807007,2.04,-3.95,-4.11,6.05
17.719449996948242,3.25,-4.63,-5.37,7.79
17.72020411491394,3.04,-5.29,-7.65,9.78
17.724335193634033,1.89,-5.46,-10.04,11.58
17.732888221740723,0.71,-5.31,-11.77,12.93
17.742719173431396,0.01,-5.01,-11.51,12.55
17.752989292144775,-0.23,-4.55,-8.92,10.01
17.763540267944336,1.2,-4.53,-5.53,7.24
17.773412227630615,4.4,-4.33,-2.74,6.75
17.78334903717041,7.14,-4.73,-1.5,8.69
17.82023811340332,7.26,-4.86,-1.25,8.82
17.821170330047607,5.39,-4.58,-1.68,7.26
17.82189702987671,2.69,-4.02,-2.7,5.53
17.824422121047974,0.2,-3.19,-3.54,4.76
17.842111110687256,-1.64,-1.98,-3.17,4.08
17.843090057373047,-1.73,-0.32,-1.59,2.37
17.858989238739014,0.5,1.95,0.33,2.03
17.86301612854004,3.41,5.33,0.95,6.39
17.875033140182495,5.88,9.22,0.18,10.93
17.883623123168945,7.73,13.68,-0.37,15.71
17.92029333114624,8.75,18.19,-0.21,20.18
17.921142101287842,8.5,22.13,0.2,23.7
17.921858310699463,8.77,24.74,1.63,26.29
17.924920082092285,11.24,25.33,5.49,28.25
17.93385601043701,14.62,25.07,10.14,30.74
17.943920135498047,17.5,24.27,13.95,33.01
17.95403528213501,18.11,22.78,16.1,33.25
17.964104175567627,16.11,20.66,15.38,30.37
17.97395610809326,12.74,18.02,11.69,24.97
17.984018325805664,9.01,15.49,7.75,19.52
18.01285719871521,6.12,12.83,4.76,14.99
18.013906002044678,4.44,10.48,2.67,11.69
18.014692306518555,3.41,8.37,1.22,9.11
18.026488304138184,2.33,6.54,0.14,6.94
18.033011198043823,1.36,4.88,-0.99,5.16
18.042846202850342,0.42,3.24,-2.27,3.97
18.053162097930908,-0.28,1.69,-3.52,3.91
18.06331205368042,-0.74,0.19,-4.39,4.45
18.07387113571167,-1.26,-0.96,-4.54,4.8
18.083298206329346,-1.87,-2.04,-4.02,4.88
18.118799209594727,-2.93,-3.27,-2.59,5.09
18.119754314422607,-4.15,-4.36,-0.5,6.04
18.120509147644043,-5.06,-5.38,1.91,7.62
18.124889135360718,-5.63,-5.81,3.75,8.91
18.133170127868652,-5.43,-6.01,3.58,8.85
18.143155097961426,-5.32,-6.05,2.08,8.32
18.153576135635376,-6.03,-6.01,0.8,8.55
18.163710117340088,-6.79,-6.1,0.14,9.12
18.17373013496399,-6.97,-6.4,0.44,9.47
18.183372020721436,-6.68,-6.66,1.51,9.55
18.218907117843628,-6.16,-6.64,3.01,9.54
18.21983814239502,-5.0,-6.22,4.17,9.0
18.220593214035034,-2.78,-5.58,4.46,7.66
18.224866151809692,-0.51,-5.08,4.72,6.95
18.233463287353516,1.25,-4.56,5.71,7.41
18.243113040924072,2.06,-4.33,7.12,8.58
18.25331401824951,1.78,-4.55,8.48,9.78
18.26373529434204,0.81,-4.93,9.86,11.05
18.273837089538574,-0.28,-5.42,10.53,11.84
18.283510208129883,-1.02,-6.13,10.17,11.91
18.318687200546265,-1.1,-6.63,9.05,11.27
18.319602012634277,-0.46,-6.35,8.11,10.31
18.320351123809814,0.71,-5.92,8.02,9.99
18.325112104415894,1.95,-5.42,8.44,10.21
18.33319330215454,3.18,-5.06,9.01,10.81
18.343289136886597,4.13,-4.96,9.79,11.72
18.353394031524658,4.79,-4.73,10.44,12.42
18.363862991333008,5.23,-4.57,10.51,12.59
18.374044179916382,5.6,-4.58,9.88,12.24
18.38383412361145,6.71,-4.12,9.32,12.2
18.42085599899292,9.21,-3.14,9.29,13.45
18.42178726196289,13.69,-1.7,9.2,16.58
18.42249631881714,19.52,0.54,9.78,21.83
18.42521905899048,24.09,2.99,12.11,27.12
18.442790985107422,26.91,3.97,14.0,30.59
18.443878173828125,28.42,4.1,12.93,31.49
18.459421157836914,25.68,5.49,11.87,28.81
18.46364402770996,18.29,6.99,13.3,23.67
18.4756281375885,9.8,6.96,15.74,19.8
18.48364520072937,2.25,5.91,17.05,18.18
18.520240306854248,-3.86,3.8,16.46,17.32
18.521076202392578,-6.86,2.2,11.8,13.82
18.521807193756104,-7.52,1.71,3.0,8.27
18.525257110595703,-8.06,2.18,-5.56,10.03
18.533512115478516,-8.88,3.26,-11.47,14.86
18.54342031478882,-10.89,4.54,-13.49,17.92
18.553956031799316,-12.21,4.91,-12.57,18.19
18.56425714492798,-11.47,4.85,-10.06,16.0
18.57400608062744,-9.51,3.99,-6.55,12.21
18.5838680267334,-6.63,2.59,-3.7,8.02
18.623074054718018,-2.99,0.57,-2.45,3.9
18.624245166778564,0.36,-1.3,-2.29,2.65
18.624958992004395,3.08,-2.85,-2.84,5.06
18.644562244415283,5.19,-3.73,-3.66,7.36
18.645543098449707,6.82,-4.13,-5.11,9.47
18.66125512123108,7.99,-4.48,-6.91,11.47
18.662797212600708,8.53,-4.27,-8.3,12.64
18.67551326751709,7.98,-4.27,-9.2,12.9
18.6767840385437,6.02,-4.3,-9.58,12.1
18.693196296691895,3.36,-4.43,-9.44,10.95
18.71888518333435,0.56,-5.03,-8.36,9.77
18.71981430053711,-2.16,-6.16,-6.38,9.12
18.720542192459106,-4.16,-6.95,-3.68,8.89
18.72533416748047,-4.9,-7.21,-0.39,8.72
18.733869075775146,-4.12,-7.07,2.78,8.64
18.743621110916138,-2.34,-6.45,5.02,8.5
18.753602981567383,-0.89,-5.63,6.15,8.38
18.76367211341858,-0.45,-4.96,6.11,7.88
18.774571180343628,-0.58,-4.28,4.76,6.42
18.783874988555908,-1.28,-3.54,2.64,4.59
18.82219910621643,-2.02,-2.95,0.57,3.62
18.8234441280365,-2.48,-2.89,-1.43,4.06
18.824234008789062,-2.62,-3.97,-3.22,5.74
18.82589817047119,-3.12,-4.43,-4.01,6.74
18.83384132385254,-3.25,-4.45,-3.99,6.8
18.84382724761963,-2.67,-4.79,-3.56,6.53
18.853821277618408,-2.11,-4.74,-3.05,6.01
18.8647780418396,-1.68,-4.79,-2.9,5.84
18.874406099319458,-1.72,-4.66,-3.0,5.8
18.884162187576294,-2.12,-4.49,-3.05,5.82
18.922105312347412,-2.69,-4.58,-2.97,6.08
18.92308211326599,-3.33,-4.67,-2.94,6.44
18.923798084259033,-3.61,-4.74,-3.05,6.69
18.926239013671875,-3.33,-4.78,-3.31,6.7
18.93379831314087,-2.6,-4.93,-3.51,6.58
18.94380807876587,-1.72,-4.93,-3.63,6.35
18.954193115234375,-0.72,-4.97,-3.95,6.38
18.964416980743408,0.03,-4.99,-4.25,6.55
18.974323272705078,-0.15,-5.13,-4.27,6.67
18.984438180923462,-0.69,-5.27,-4.1,6.71
19.020549297332764,-0.74,-5.27,-3.51,6.37
19.02145004272461,-0.39,-4.99,-2.34,5.52
19.02218198776245,0.36,-4.48,-1.41,4.71
19.025752067565918,1.53,-3.68,-0.74,4.05
19.04335927963257,2.6,-2.34,-0.48,3.53
19.04427218437195,3.13,0.12,-1.22,3.36
19.060432195663452,3.14,3.23,-2.55,5.17
19.063815116882324,3.14,7.08,-3.37,8.44
19.076168060302734,4.66,10.36,-2.25,11.58
19.084601163864136,8.87,11.65,2.11,14.79
19.119378089904785,12.8,11.86,8.12,19.24
19.120233058929443,13.73,11.42,13.24,22.23
19.120994091033936,11.72,12.16,16.82,23.83
19.126156330108643,8.62,13.72,18.8,24.81
19.134581089019775,6.62,14.98,19.09,25.15
19.144532203674316,6.63,16.08,17.61,24.75
19.155054092407227,7.9,17.7,15.6,24.88
19.164762020111084,8.96,18.21,12.79,23.98
19.175185203552246,10.31,17.15,8.87,21.88
19.184826135635376,14.16,16.78,5.0,22.51
19.21915626525879,17.24,16.25,1.38,23.73
19.22010898590088,16.34,14.97,-1.48,22.21
19.220867156982422,13.28,13.3,-2.95,19.02
19.226097106933594,10.52,11.01,-3.28,15.57
19.234093189239502,7.69,8.97,-2.18,12.01
19.24405527114868,5.08,6.94,-0.71,8.62
19.254220008850098,3.0,4.88,0.44,5.74
19.264849185943604,1.17,3.02,1.67,3.64
19.274575233459473,0.01,1.3,2.63,2.93
19.284492015838623,-0.14,-0.19,2.8,2.8
19.319785118103027,-0.18,-1.07,2.37,2.6
19.320723056793213,-0.83,-2.15,1.6,2.8
19.32146716117859,-2.39,-2.93,0.81,3.86
19.326452255249023,-4.17,-3.95,-0.01,5.74
19.33413815498352,-5.74,-4.97,-0.41,7.6
19.34412431716919,-7.01,-5.63,-0.19,8.99
19.35422706604004,-7.84,-6.08,0.18,9.92
19.36479115486145,-8.43,-6.6,0.61,10.72
19.374627113342285,-9.2,-6.84,1.28,11.53
19.38476800918579,-9.74,-7.55,2.18,12.51
19.425251007080078,-10.15,-7.86,3.2,13.23
19.426448106765747,-10.2,-8.04,4.02,13.59
19.42745614051819,-9.91,-8.26,4.2,13.56
19.445433139801025,-9.43,-8.28,3.92,13.14
19.446438312530518,-8.53,-7.87,3.49,12.11
19.461916208267212,-7.32,-7.44,3.11,10.89
19.46333599090576,-6.51,-6.76,2.79,9.79
19.47687315940857,-5.52,-5.59,2.44,8.22
19.478519201278687,-4.59,-4.06,2.71,6.7
19.493999004364014,-3.69,-2.41,3.71,5.76
19.521153211593628,-2.38,-2.29,3.41,4.74
19.52203917503357,-2.79,-1.92,3.26,4.7
19.522764205932617,-2.91,-2.02,4.66,5.85
19.52656126022339,-1.45,-2.86,6.33,7.09
19.534289121627808,-0.12,-3.22,8.51,9.09
19.54424214363098,0.84,-3.04,10.45,10.91
19.554405212402344,1.45,-2.59,11.19,11.57
19.564799308776855,2.12,-1.67,11.14,11.46
19.575154304504395,2.04,-1.05,10.8,11.04
19.584846019744873,0.78,-1.38,10.42,10.53
19.62180805206299,-0.65,-2.14,10.05,10.29
19.622632026672363,-1.83,-2.78,10.19,10.71
19.623373985290527,-2.5,-2.86,11.03,11.66
19.624459266662598,-2.19,-2.33,12.02,12.43
19.63450312614441,-1.34,-1.13,12.69,12.81
19.644463062286377,-1.29,0.62,12.66,12.74
19.654547214508057,-2.04,1.54,11.69,11.96
19.665433168411255,-2.66,1.45,9.11,9.6
19.674715995788574,-2.89,2.02,5.78,6.77
19.685583114624023,-3.53,3.17,4.03,6.22
19.719855308532715,-3.97,4.21,4.85,7.55
19.72077512741089,-2.56,5.07,6.63,8.73
19.721484184265137,-0.51,5.36,6.96,8.79
19.726750135421753,-0.27,5.59,5.34,7.73
19.734413146972656,-2.89,5.57,1.98,6.58
19.744490146636963,-6.2,5.47,-2.22,8.56
19.754728317260742,-8.04,5.5,-6.64,11.78
19.76512622833252,-8.25,4.93,-9.6,13.58
19.774985313415527,-6.47,3.96,-9.56,12.2
19.784995079040527,-3.62,2.74,-6.25,7.72
19.825505256652832,-0.53,1.76,-1.12,2.15
19.826687335968018,3.46,1.14,3.19,4.84
19.827675104141235,6.4,0.91,5.88,8.73
19.846018314361572,7.16,0.46,7.11,10.1
19.847002029418945,6.67,-0.23,6.66,9.42
19.862274169921875,5.44,-0.92,4.99,7.43
19.86368703842163,3.88,-1.28,3.08,5.11
19.877068996429443,3.35,-1.47,1.24,3.86
19.87839412689209,2.67,-1.54,-0.59,3.13
19.894811153411865,0.45,-1.38,-1.53,2.1
19.921131134033203,-1.41,-1.66,-1.01,2.4
19.922048091888428,-1.3,-2.04,0.67,2.51
19.922784328460693,-0.04,-2.16,2.78,3.52
19.92696213722229,1.43,-2.31,4.75,5.47
19.93472909927368,2.95,-2.05,5.82,6.83
19.944632053375244,4.24,-1.34,5.48,7.05
19.954743146896362,4.61,-0.78,4.08,6.2
19.965344190597534,4.08,-0.49,2.03,4.58
19.975412130355835,3.16,-0.48,-0.02,3.19
19.985218048095703,1.76,-0.72,-1.34,2.32
20.02084517478943,0.29,-1.29,-1.45,1.96
20.021798133850098,-0.67,-1.91,-0.55,2.09
20.022547245025635,-1.29,-2.36,0.69,2.77
20.027130126953125,-1.95,-2.61,1.5,3.58
20.030752182006836,-2.54,-2.72,1.67,4.07
20.044581174850464,-2.8,-2.54,1.54,4.08
20.050786018371582,-2.85,-2.38,0.95,3.83
20.060704231262207,-3.02,-2.36,-0.13,3.83
20.07152223587036,-3.16,-2.23,-1.39,4.1
20.08150625228882,-2.99,-2.18,-2.72,4.59
20.11773920059204,-2.85,-2.07,-4.09,5.39
20.119104146957397,-2.71,-1.93,-5.43,6.36
20.119871139526367,-2.47,-1.8,-6.57,7.24
20.12828516960144,-2.42,-1.76,-7.32,7.9
20.130770206451416,-2.45,-1.85,-7.51,8.11
20.144747257232666,-2.17,-1.87,-6.9,7.47
20.150957107543945,-1.63,-1.89,-5.9,6.4
20.16125726699829,-1.09,-1.71,-5.11,5.49
20.171338081359863,-0.82,-1.3,-4.41,4.67
20.181270122528076,-0.56,-0.62,-3.52,3.61
20.2178692817688,-0.14,0.21,-2.51,2.52
20.218796253204346,0.74,1.68,-1.42,2.32
20.21954917907715,1.88,3.63,-0.28,4.09
20.22782015800476,3.47,5.6,1.37,6.72
20.231020212173462,4.59,8.71,3.79,10.54
20.244872093200684,4.5,12.13,5.63,14.1
20.250999212265015,4.08,14.47,7.04,16.6
20.26204824447632,3.89,15.25,9.53,18.39
20.27132225036621,3.88,15.61,13.58,21.05
20.2814781665802,4.97,15.32,18.21,24.31
20.3183012008667,7.36,14.81,22.58,27.98
20.319298267364502,9.89,13.75,25.59,30.68
20.32005023956299,11.24,12.21,25.52,30.44
20.329122066497803,10.11,11.71,23.11,27.81
20.331239223480225,8.25,11.18,18.36,23.02
20.345415115356445,7.35,10.98,13.02,18.55
20.351235151290894,7.47,10.75,8.41,15.55
20.361257076263428,8.83,10.62,5.0,14.68
20.371795177459717,10.96,10.49,2.21,15.33
20.381461143493652,12.14,10.13,-0.23,15.81
20.416967153549194,11.11,9.43,-2.28,14.74
20.417930126190186,8.65,8.57,-3.84,12.76
20.418673038482666,6.24,7.32,-4.68,10.69
20.42940330505371,3.91,5.62,-4.45,8.16
20.432651042938232,1.45,3.84,-3.11,5.14
20.446431159973145,-0.51,2.24,-1.2,2.59
20.452754020690918,-1.74,0.55,0.84,2.0
20.462926149368286,-2.5,-1.04,2.57,3.73
20.473087310791016,-2.59,-2.16,3.43,4.81
20.483899116516113,-2.55,-2.94,3.22,5.05
20.518060207366943,-2.95,-3.79,1.92,5.17
20.519139289855957,-3.74,-4.68,0.15,5.99
20.519875049591064,-4.72,-5.36,-1.44,7.28
20.52994203567505,-5.51,-5.86,-3.04,8.59
20.532541275024414,-6.1,-6.1,-4.57,9.76
20.546946048736572,-6.66,-6.17,-5.65,10.69
20.55279302597046,-6.92,-6.27,-5.78,10.98
20.563456058502197,-6.93,-6.43,-5.17,10.77
20.572904109954834,-6.98,-6.64,-4.1,10.46
20.583168029785156,-7.14,-6.85,-2.74,10.26
20.618603229522705,-7.3,-6.82,-1.62,10.12
20.61958599090576,-7.33,-6.58,-0.72,9.87
20.620351314544678,-7.28,-6.32,0.4,9.64
20.62917423248291,-6.87,-6.68,1.37,9.67
20.63276219367981,-6.67,-7.07,1.77,9.87
20.646343231201172,-7.09,-7.09,2.22,10.26
20.65291404724121,-7.94,-7.33,2.91,11.19
20.66371202468872,-8.76,-7.8,3.99,12.38
20.673262119293213,-9.38,-8.37,5.35,13.66
20.68351697921753,-9.67,-8.83,6.61,14.66
20.718587160110474,-9.59,-8.98,7.4,15.07
20.71958827972412,-9.01,-8.91,7.5,14.72
20.72035026550293,-8.01,-8.65,7.0,13.71
20.72964906692505,-6.87,-8.04,6.18,12.24
20.733196258544922,-5.74,-6.98,5.48,10.56
20.746280193328857,-4.81,-5.92,5.49,9.39
20.75291109085083,-4.37,-5.62,6.12,9.38
20.762876987457275,-4.2,-5.79,6.95,9.97
20.773622035980225,-4.17,-6.11,7.47,10.51
20.78351926803589,-4.48,-6.26,7.55,10.78
20.818960189819336,-4.93,-6.09,7.31,10.71
20.819879055023193,-5.03,-5.76,6.69,10.16
20.82063102722168,-4.64,-5.29,6.09,9.3
20.827758312225342,-3.77,-5.2,5.59,8.51
20.83302617073059,-2.98,-5.26,5.18,7.96
20.845794200897217,-2.97,-5.45,4.85,7.87
20.853073120117188,-3.63,-4.43,3.98,6.97
20.86326503753662,-4.79,-1.31,2.51,5.56
20.873419284820557,-5.0,2.37,-0.1,5.53
20.883503198623657,-4.52,4.69,-1.8,6.75
20.920940160751343,-5.2,5.72,-1.37,7.85
20.921858310699463,-6.99,6.28,0.47,9.4
20.922635078430176,-8.98,6.23,3.31,11.41
20.928633213043213,-10.65,7.23,6.89,14.6
20.933091163635254,-9.72,11.22,9.81,17.79
20.945739269256592,-7.02,12.03,10.45,17.41
20.953396320343018,-3.32,11.2,10.51,15.71
20.96339225769043,0.97,10.31,10.57,14.79
20.973196983337402,3.7,9.08,11.75,15.3
20.983458042144775,4.33,7.27,14.05,16.4
21.020464181900024,3.43,4.87,15.45,16.55
21.021353244781494,2.61,3.53,15.89,16.48
21.022070169448853,2.34,3.52,15.88,16.43
21.02976703643799,3.14,3.16,14.3,14.97
21.033098220825195,5.56,2.87,10.61,12.31
21.04573917388916,7.96,3.43,6.5,10.83
21.053219318389893,8.98,4.23,2.15,10.15
21.063446044921875,8.5,4.92,-1.62,9.95
21.073498249053955,7.58,4.62,-4.54,9.97
21.083555221557617,6.33,3.6,-6.16,9.53
21.12041425704956,4.54,2.29,-6.34,8.12
21.121370315551758,2.4,1.24,-5.3,5.94
21.12209916114807,0.77,0.3,-3.52,3.61
21.1286461353302,0.41,-0.44,-1.52,1.63
21.133403301239014,1.08,-1.35,0.1,1.73
21.146203994750977,2.17,-2.64,0.7,3.48
21.153301239013672,2.79,-2.78,0.29,3.94
21.16387414932251,2.92,-2.5,-0.8,3.92
21.17363929748535,2.75,-2.58,-2.07,4.3
21.184123039245605,2.54,-2.99,-2.47,4.63
21.220559120178223,1.81,-3.24,-2.06,4.24
21.221403121948242,0.56,-3.05,-1.28,3.35
21.22210931777954,-0.36,-3.19,-0.63,3.27
21.229636192321777,-0.91,-3.27,-0.43,3.42
21.23320198059082,-1.29,-3.38,-0.8,3.7
21.24625015258789,-1.14,-3.32,-1.11,3.68
21.25335121154785,-0.71,-3.29,-1.29,3.6
21.263660192489624,-0.11,-3.12,-1.7,3.55
21.273972034454346,0.37,-2.81,-2.54,3.8
21.283721208572388,0.66,-2.72,-3.81,4.72
21.321569204330444,0.75,-2.93,-5.04,5.87
21.322461128234863,0.74,-3.12,-5.96,6.76
21.32312512397766,0.61,-3.13,-6.51,7.24
21.328904151916504,0.38,-3.05,-6.85,7.5
21.33328914642334,0.14,-2.83,-6.85,7.41
21.346379280090332,-0.13,-2.35,-6.49,6.9
21.353514194488525,-0.67,-1.43,-5.82,6.03
21.363733291625977,-1.1,-0.38,-5.15,5.27
21.373732089996338,-1.28,0.35,-4.62,4.8
21.383779048919678,-0.89,0.73,-3.93,4.09
21.420363187789917,0.65,1.11,-2.61,2.9
21.421385288238525,2.6,1.1,-0.92,2.96
21.422118186950684,3.14,0.69,0.58,3.26
21.42895817756653,2.3,0.99,1.84,3.1
21.43357801437378,1.12,1.72,3.15,3.75
21.446547985076904,0.19,2.02,4.32,4.77
21.45357608795166,-0.51,1.3,6.24,6.39
21.4639573097229,0.35,0.27,6.71,6.72
21.474095106124878,2.06,0.74,5.94,6.33
21.483906269073486,3.57,1.31,5.29,6.51
21.519837141036987,3.73,1.94,4.56,6.2
21.52074098587036,2.13,2.59,3.8,5.06
21.521542072296143,0.06,2.86,3.37,4.42
21.530189990997314,-1.48,3.24,3.45,4.95
21.53370714187622,-1.68,3.47,3.88,5.46
21.546574115753174,-0.94,3.28,4.2,5.41
21.553731203079224,-0.25,3.24,4.63,5.65
21.563847064971924,0.19,3.01,4.99,5.83
21.573965072631836,0.23,2.9,4.73,5.55
21.584081172943115,0.42,3.13,3.88,5.0
21.6218421459198,1.14,3.01,2.94,4.35
21.622742176055908,2.17,2.51,1.87,3.8
21.623467206954956,2.87,2.13,0.83,3.66
21.629180192947388,2.6,1.56,0.06,3.03
21.633612155914307,1.49,1.05,-0.73,1.96
21.64679527282715,0.01,0.94,-1.34,1.63
21.653719186782837,-1.26,0.48,-1.71,2.17
21.664215087890625,-2.01,0.04,-1.74,2.65
21.674077033996582,-2.16,-0.21,-1.57,2.67
21.68413019180298,-1.85,-0.26,-1.4,2.33
21.71943426132202,-1.16,-0.29,-1.4,1.84
21.72028613090515,-0.22,-0.23,-1.55,1.58
21.721027135849,0.71,0.02,-1.63,1.77
21.73136019706726,1.17,0.12,-1.85,2.19
21.733566284179688,1.32,0.15,-2.22,2.58
21.7467942237854,1.28,0.12,-2.33,2.66
21.753889083862305,1.08,0.03,-2.3,2.54
21.764084100723267,0.76,-0.06,-2.13,2.26
21.77415418624878,0.56,-0.21,-1.87,1.96
21.78415822982788,0.58,-0.31,-1.71,1.83
21.821108102798462,0.69,-0.3,-1.61,1.77
21.82201313972473,0.71,-0.14,-1.45,1.62
21.822774171829224,0.77,0.04,-1.19,1.41
21.82942533493042,0.87,0.02,-0.89,1.24
21.83375120162964,0.96,0.0,-0.54,1.1
21.846863269805908,1.1,0.1,-0.27,1.13
21.85393214225769,1.37,0.18,-0.17,1.39
21.864328145980835,1.62,0.26,-0.18,1.65
21.8741672039032,1.55,0.34,-0.29,1.61
21.884413242340088,1.15,0.43,-0.31,1.26
21.919732093811035,0.65,0.39,-0.2,0.78
21.920785188674927,0.32,0.24,0.09,0.41
21.921516180038452,0.23,0.13,0.49,0.55
21.931766986846924,0.28,0.1,0.78,0.83
21.934024333953857,0.36,0.23,0.88,0.97
21.9469633102417,0.41,0.51,0.87,1.08
21.95408821105957,0.29,0.82,0.7,1.11
21.96424627304077,-0.01,0.96,0.47,1.06
21.974234104156494,-0.11,0.96,0.38,1.03
21.984339237213135,-0.17,0.85,0.2,0.88
22.021895170211792,-0.33,1.05,0.1,1.1
22.02297306060791,-0.52,1.26,0.12,1.36
22.02370810508728,-0.61,1.06,0.39,1.28
22.02966833114624,-0.12,0.34,0.57,0.67
22.033990144729614,0.11,0.07,0.81,0.82
22.04694414138794,0.09,-0.05,1.1,1.1
22.054055213928223,0.09,-0.16,1.4,1.41
22.064340114593506,0.27,-0.42,1.26,1.35
22.074445247650146,0.28,-0.42,0.79,0.93
22.084737300872803,0.13,-0.41,0.28,0.51
22.12038230895996,-0.04,-0.39,-0.07,0.39
22.121317148208618,-0.3,-0.26,-0.43,0.58
22.122076988220215,-0.54,-0.22,-0.82,1.0
22.13049602508545,-0.71,-0.23,-1.12,1.34
22.134064197540283,-0.79,-0.29,-1.26,1.51
22.147613048553467,-0.78,-0.37,-1.19,1.47
22.15451216697693,-0.92,-0.24,-1.01,1.38
22.164513111114502,-1.03,-0.19,-1.0,1.44
22.174588203430176,-1.1,-0.13,-0.98,1.47
22.184710025787354,-1.15,0.06,-0.94,1.48
22.21834421157837,-1.06,0.21,-1.0,1.47
22.219158172607422,-0.89,0.4,-0.96,1.36
22.21986722946167,-0.78,0.58,-0.75,1.22
22.232266187667847,-0.86,0.74,-0.55,1.26
22.234321117401123,-1.09,0.92,-0.48,1.5
22.24691915512085,-1.27,1.08,-0.6,1.77
22.254433155059814,-1.31,1.1,-0.75,1.86
22.264567136764526,-1.36,0.93,-0.62,1.76
22.27453899383545,-1.5,0.54,-0.4,1.64
22.284615993499756,-1.67,0.23,-0.28,1.7
22.321378231048584,-1.78,0.1,-0.3,1.8
22.32219409942627,-1.78,-0.19,-0.41,1.83
22.322864055633545,-1.77,-0.46,-0.52,1.9
22.33077907562256,-1.75,-0.7,-0.57,1.96
22.33449411392212,-1.76,-0.89,-0.41,2.01
22.34761619567871,-1.78,-0.87,0.16,1.98
22.354417324066162,-1.86,-0.73,1.1,2.28
22.364689111709595,-1.8,-0.78,1.71,2.6
22.374605178833008,-1.5,-0.82,1.86,2.52
22.384706020355225,-1.19,-0.59,1.73,2.18
22.42270803451538,-0.92,-0.35,1.48,1.77
22.423611164093018,-0.64,-0.23,1.22,1.39
22.424378156661987,-0.53,-0.07,0.82,0.97
22.43022108078003,-0.6,0.11,0.36,0.7
22.434328079223633,-0.71,0.1,0.17,0.73
22.447481155395508,-0.99,-0.02,0.12,0.99
22.454524993896484,-1.33,-0.08,-0.02,1.33
22.46495819091797,-1.68,-0.26,-0.19,1.71
22.474975109100342,-2.0,-0.4,-0.32,2.06
22.48625898361206,-2.19,-0.4,-0.47,2.27
22.519898176193237,-2.15,-0.41,-0.64,2.28
22.520830154418945,-1.94,-0.48,-0.56,2.07
22.52157211303711,-1.69,-0.58,-0.31,1.81
22.531460285186768,-1.57,-0.62,-0.09,1.69
22.53426218032837,-1.32,-0.7,0.15,1.5
22.547834157943726,-0.93,-0.91,0.64,1.45
22.55471706390381,-0.59,-0.95,0.85,1.4
22.564711093902588,-0.46,-0.77,0.79,1.19
22.574806213378906,-0.63,-0.6,0.75,1.14
22.58474111557007,-0.87,-0.66,0.94,1.44
